Gravel_Content_Percent,Sand_Content_Percent,Fines_Content_Percent,Clay_Size_Fraction_Percent,Liquid_Limit_Percent,Plastic_Limit_Percent,Plasticity_Index_Percent,Specific_Gravity_of_Solids,Natural_Moisture_Content_Percent,Optimum_Moisture_Content_Percent,Maximum_Dry_Density_kN_per_m3,Degree_of_Compaction_Percent,Soaked_CBR_Percent
5.3,41.7,53.0,26.6,42.4,26.1,16.3,2.687,10.2,11.8,17.55,97.5,4.5
10.9,61.2,27.9,2.1,25.3,21.6,3.7,2.669,13.4,9.0,20.50,97.9,10.3
3.2,43.7,53.1,23.0,39.2,24.3,14.9,2.685,10.8,12.4,18.41,103.0,6.9
11.4,64.7,23.9,17.4,NaN,NaN,5.1,2.692,7.9,8.9,NaN,96.9,21.6
3.3,47.6,49.1,23.1,39.0,23.1,15.9,2.700,NaN,NaN,18.52,98.4,12.6
4.5,70.4,25.1,11.9,NaN,22.8,4.5,2.662,5.3,6.3,20.58,103.0,16.9
3.0,51.8,45.2,30.2,37.9,NaN,15.3,2.688,15.8,11.4,18.76,96.8,4.7
3.0,48.6,48.4,26.1,37.4,24.9,12.5,2.685,NaN,12.1,18.52,100.1,7.0
11.0,59.7,29.3,5.8,32.0,23.4,8.6,2.704,10.7,12.0,20.20,100.5,15.2
5.5,61.0,33.5,8.4,30.2,NaN,7.4,2.689,9.5,12.3,20.05,101.9,8.3
1.1,38.8,60.1,55.4,57.7,31.0,26.7,2.694,14.4,16.4,18.55,103.0,4.1
4.2,59.1,36.7,NaN,40.7,27.9,12.8,2.654,10.2,10.7,NaN,99.6,11.5
3.7,48.5,47.8,23.3,40.6,24.0,16.6,2.687,13.0,13.4,17.96,99.0,8.1
15.1,65.6,19.3,9.9,29.7,23.1,6.6,2.655,NaN,6.9,20.76,97.7,13.3
7.5,60.3,32.2,7.7,24.2,NaN,2.0,2.660,7.4,8.5,20.34,100.4,17.0
6.7,45.7,47.6,27.4,44.1,29.2,14.9,2.693,16.0,16.1,17.95,97.2,10.5
5.2,57.9,36.9,NaN,42.7,26.7,16.0,2.680,10.4,NaN,NaN,101.0,5.5
6.1,61.4,32.5,19.3,33.6,22.2,11.4,2.697,9.9,8.5,19.60,98.2,13.1
1.3,35.1,63.6,23.9,48.8,34.3,14.5,NaN,13.9,15.4,18.29,101.2,8.0
38.6,50.1,11.3,5.5,NaN,18.0,NaN,2.646,NaN,6.0,21.30,99.8,23.4
2.2,49.7,48.1,34.1,43.3,23.6,19.7,2.659,10.7,10.1,18.18,98.7,10.6
6.7,56.0,37.3,12.6,NaN,23.6,9.2,2.681,10.7,9.4,19.22,96.9,11.8
11.4,58.2,30.4,23.8,32.5,21.7,10.8,2.668,12.3,9.1,19.96,94.4,15.8
0.6,28.6,70.8,60.4,63.2,30.9,32.3,2.725,17.6,15.8,NaN,101.2,1.8
0.1,29.8,70.1,21.5,45.1,31.6,13.5,2.714,11.8,15.1,16.91,98.5,7.1
0.8,29.9,69.3,NaN,50.9,29.5,21.4,NaN,18.7,14.2,17.46,95.9,3.1
NaN,60.4,NaN,NaN,22.4,18.8,3.6,2.638,4.5,7.0,21.06,100.9,18.6
3.5,35.7,60.8,NaN,25.4,20.6,4.8,2.696,9.1,12.2,18.73,101.5,5.7
23.4,55.4,21.2,3.0,24.2,19.3,4.9,2.682,5.3,7.3,21.02,99.6,17.8
20.0,65.6,14.4,2.0,22.2,NaN,2.0,2.638,4.0,6.0,21.14,99.5,15.8
3.4,50.3,46.3,34.3,44.0,24.0,NaN,2.688,11.0,11.9,18.73,100.7,8.4
6.7,50.3,43.0,13.8,31.2,25.4,5.8,NaN,10.8,9.8,19.31,101.5,13.0
12.3,58.1,29.6,12.1,24.8,20.7,4.1,2.652,6.7,NaN,19.59,99.5,21.6
14.3,61.6,24.1,16.4,31.0,17.5,NaN,2.672,10.3,10.7,20.13,100.3,16.6
24.4,59.8,15.8,7.8,21.2,19.2,2.0,2.662,4.4,6.0,21.30,97.0,25.2
30.3,54.7,15.0,2.0,20.0,18.0,2.0,2.658,4.0,6.0,21.07,96.8,14.4
24.5,59.6,15.9,5.7,22.4,20.4,2.0,2.644,6.2,6.0,21.30,99.7,24.8
NaN,71.7,15.7,5.7,22.3,18.8,3.5,2.661,NaN,6.0,20.11,99.4,13.9
11.1,66.9,22.0,2.7,29.8,25.0,4.8,NaN,4.0,7.6,20.46,102.7,27.2
0.7,30.5,68.8,50.2,61.4,29.1,32.3,2.745,15.1,15.6,NaN,98.4,4.1
4.6,54.1,41.3,17.7,NaN,21.9,13.2,2.690,9.5,10.6,19.30,96.7,13.7
30.4,52.7,16.9,2.3,20.0,18.0,2.0,2.646,5.8,6.9,21.05,96.7,19.6
6.5,44.9,48.6,12.4,30.8,24.5,6.3,2.697,NaN,10.3,19.34,102.6,11.5
2.4,35.4,62.2,34.8,NaN,28.6,21.0,2.687,15.8,15.9,18.00,95.7,7.0
43.1,44.4,12.5,1.4,22.9,20.9,2.0,2.648,8.4,6.0,21.30,98.1,23.2
0.4,31.9,67.7,NaN,62.8,32.0,30.8,2.743,18.0,19.5,17.58,96.5,4.9
2.7,42.4,54.9,46.5,44.9,25.4,19.5,2.701,13.3,13.1,18.84,97.1,4.6
19.6,65.5,14.9,1.1,20.0,18.0,2.0,2.638,5.0,6.0,20.27,96.3,17.1
10.4,55.1,34.5,12.2,26.2,24.2,2.0,2.661,13.7,10.1,19.72,103.0,11.0
2.5,51.4,46.1,30.9,43.6,29.7,13.9,2.689,8.1,10.1,18.62,97.8,8.9
8.1,57.5,34.4,11.8,27.0,18.9,8.1,NaN,10.5,NaN,19.75,96.2,12.4
0.7,30.2,69.1,62.4,58.9,28.8,NaN,2.694,17.1,16.4,17.82,98.1,3.1
1.9,47.4,50.7,31.4,41.7,25.1,NaN,2.689,10.7,11.3,17.54,98.4,6.3
26.9,58.4,14.7,4.6,22.5,17.6,NaN,2.656,7.3,7.1,20.64,NaN,20.3
13.6,58.4,28.0,NaN,26.9,22.6,4.3,2.673,NaN,6.8,18.52,98.1,12.3
4.9,51.4,43.7,35.7,46.6,24.7,21.9,2.709,15.4,13.3,19.06,100.4,6.2
28.9,53.5,17.6,0.9,20.0,NaN,2.0,2.632,NaN,6.0,NaN,NaN,19.2
15.4,NaN,25.7,7.7,25.1,18.8,6.3,2.680,7.5,6.6,20.10,98.4,20.2
NaN,40.8,57.6,24.4,39.1,23.3,15.8,2.693,16.3,12.4,17.65,99.0,5.1
NaN,49.5,48.7,23.2,39.8,25.7,14.1,2.702,10.5,12.9,17.51,100.7,10.4
0.1,43.0,56.9,22.6,42.1,28.5,13.6,2.705,17.9,14.8,17.75,98.7,6.5
4.6,68.4,27.0,15.5,23.4,16.5,6.9,2.686,4.1,7.2,NaN,97.1,11.3
6.0,70.5,23.5,9.9,26.9,20.3,6.6,2.669,9.8,12.2,20.83,96.2,9.3
2.2,53.3,NaN,21.3,32.8,23.8,9.0,2.669,10.4,11.2,19.77,100.7,9.5
8.8,56.4,34.8,2.2,22.9,20.9,2.0,2.654,4.0,8.5,19.75,100.1,12.4
2.4,44.0,53.6,26.5,43.4,28.0,15.4,2.696,14.4,11.5,18.62,99.9,6.7
2.9,45.5,51.6,23.3,41.7,25.5,16.2,2.689,17.1,15.1,NaN,93.6,6.8
23.5,60.3,16.2,2.5,20.1,18.1,2.0,2.631,7.0,7.1,20.27,95.6,18.5
4.4,46.1,49.5,25.8,47.0,32.2,14.8,NaN,7.4,11.6,18.34,100.6,8.0
8.9,63.7,27.4,4.1,26.2,19.1,7.1,2.655,9.6,12.6,19.31,98.0,10.1
NaN,69.9,23.1,7.4,24.1,21.9,2.2,2.646,4.6,6.4,20.74,98.5,17.9
3.7,48.4,47.9,26.5,43.0,NaN,18.0,2.682,14.0,12.0,18.19,96.9,5.3
44.1,44.4,11.5,1.2,20.0,18.0,2.0,2.654,4.7,6.0,20.80,98.8,19.8
6.0,NaN,37.3,20.6,31.7,24.2,7.5,2.677,12.8,NaN,19.87,96.5,9.9
44.2,44.8,11.0,2.8,NaN,20.6,2.0,2.656,4.0,6.0,21.30,96.5,17.5
0.2,36.4,63.4,26.1,48.3,30.7,17.6,2.697,17.5,15.0,17.77,98.1,7.6
6.8,59.7,33.5,9.3,27.7,20.6,7.1,2.679,11.5,NaN,19.72,97.9,16.2
21.2,69.0,9.8,1.5,20.0,18.0,2.0,2.657,NaN,6.0,21.30,95.6,35.0
7.4,53.9,38.7,17.6,30.0,23.4,6.6,2.653,6.0,10.5,18.48,97.5,9.6
NaN,54.9,40.8,21.7,40.7,29.3,11.4,2.687,10.9,11.1,19.34,NaN,7.0
13.4,NaN,18.0,NaN,21.4,19.4,2.0,2.645,6.5,6.0,20.88,97.7,19.5
NaN,NaN,46.4,33.6,NaN,30.9,13.1,2.689,11.4,10.1,18.63,98.3,4.2
9.8,54.9,35.3,15.9,29.5,22.8,6.7,2.645,9.1,8.3,18.55,101.8,14.6
7.3,65.3,27.4,7.1,20.0,18.0,2.0,2.672,8.2,7.9,20.50,99.9,17.9
33.8,51.6,14.6,9.0,20.0,18.0,2.0,NaN,4.0,6.0,21.30,95.4,17.4
10.4,62.8,26.8,7.6,28.9,25.7,3.2,2.661,5.9,8.5,20.03,99.6,15.7
1.9,NaN,50.1,13.7,31.6,18.9,12.7,NaN,15.9,13.5,18.80,102.7,8.6
4.1,48.8,47.1,31.0,40.6,26.9,13.7,2.704,13.7,12.4,NaN,98.3,7.4
0.9,30.6,68.5,59.3,63.2,31.7,31.5,2.744,22.9,19.2,16.53,99.3,3.0
8.5,65.7,25.8,4.9,28.8,21.4,7.4,2.662,6.9,9.9,20.24,96.8,17.6
1.4,40.9,57.7,18.6,36.6,27.8,NaN,NaN,9.9,11.8,18.71,98.1,9.9
2.9,51.8,45.3,31.6,40.7,23.7,17.0,2.697,7.2,8.8,18.36,97.8,8.9
1.6,48.6,49.8,19.3,36.2,22.9,13.3,2.697,17.7,15.3,19.02,100.2,5.7
1.7,43.2,55.1,7.3,30.3,23.2,7.1,2.676,13.4,11.2,18.49,99.3,6.5
0.4,31.1,68.5,55.3,60.4,27.8,32.6,2.714,19.9,17.9,17.14,95.8,5.0
22.6,60.6,16.8,6.5,NaN,16.3,4.7,2.657,NaN,9.7,20.67,102.2,21.0
9.4,67.3,23.3,15.8,29.1,22.7,6.4,NaN,6.0,7.8,21.10,100.2,23.9
32.3,50.6,17.1,1.9,NaN,19.7,2.0,2.661,4.0,NaN,21.23,NaN,23.9
0.6,40.1,59.3,44.5,54.7,29.5,25.2,2.693,14.8,14.2,18.03,100.6,5.6
0.0,28.9,71.1,58.5,NaN,34.3,33.0,2.727,17.9,15.2,17.85,99.1,1.8
4.9,64.1,31.0,14.3,NaN,22.2,11.9,2.669,4.0,7.9,NaN,100.6,13.4
18.1,59.0,22.9,NaN,24.8,19.8,5.0,2.656,7.1,NaN,19.28,94.8,19.1
11.2,63.3,25.5,15.1,29.6,24.8,4.8,2.676,7.2,7.3,20.55,95.8,15.2
15.3,63.0,21.7,14.4,20.0,18.0,2.0,2.661,9.1,6.5,20.39,99.8,30.7
2.6,53.3,44.1,24.0,39.7,23.8,15.9,2.663,12.0,10.4,19.11,97.1,11.5
2.4,52.1,45.5,36.3,45.1,27.8,17.3,2.661,11.1,11.6,18.86,96.0,8.0
15.6,60.2,24.2,2.3,22.2,19.2,3.0,2.655,9.2,8.4,20.07,98.9,17.8
4.2,65.2,30.6,5.1,26.0,20.9,5.1,2.668,7.9,8.8,NaN,NaN,14.7
22.4,57.7,19.9,2.8,20.8,18.4,2.4,2.671,5.9,6.9,21.27,101.6,22.3
0.4,30.4,69.2,67.5,68.3,34.9,33.4,NaN,NaN,17.2,NaN,97.4,1.8
23.0,58.6,18.4,4.2,20.0,NaN,2.0,2.659,4.0,6.8,21.14,95.8,21.2
33.6,52.1,14.3,7.3,25.5,18.5,7.0,2.650,7.7,7.8,20.88,96.0,21.8
25.6,59.0,15.4,10.5,20.0,18.0,2.0,2.665,6.9,6.0,21.30,97.7,22.2
2.6,41.6,55.8,44.9,51.1,NaN,19.4,2.694,10.3,12.4,18.83,97.6,10.5
1.0,42.1,56.9,34.8,48.5,31.8,NaN,2.693,11.9,14.9,18.33,98.0,4.4
5.0,58.9,36.1,NaN,29.2,24.5,4.7,2.642,8.2,8.4,19.95,97.9,20.8
12.6,59.7,27.7,15.9,29.4,14.4,15.0,2.674,11.6,10.3,20.67,94.4,7.4
39.4,47.0,13.6,2.4,20.0,NaN,2.0,2.657,5.8,6.0,21.30,97.9,31.1
1.4,NaN,61.8,51.2,64.9,31.7,33.2,2.719,20.6,18.1,16.30,97.4,2.5
25.3,56.3,NaN,4.4,20.5,18.5,2.0,2.653,4.0,NaN,20.04,98.3,19.4
9.7,NaN,18.0,9.4,23.8,18.8,5.0,2.657,NaN,8.4,20.52,94.1,13.5
26.7,59.1,14.2,2.9,20.0,17.3,2.7,NaN,4.0,6.0,20.81,99.4,19.7
1.3,38.8,59.9,40.6,47.6,27.9,19.7,2.714,13.1,11.4,18.45,98.2,4.6
2.9,57.3,39.8,18.6,38.1,20.8,17.3,2.662,12.0,11.7,18.70,97.0,4.9
NaN,64.3,18.1,3.5,22.1,20.1,2.0,2.677,4.8,6.0,19.79,98.3,15.5
NaN,35.5,64.1,53.4,55.0,29.9,25.1,2.738,19.9,15.4,17.06,NaN,6.4
7.0,62.4,30.6,5.7,27.4,22.2,5.2,2.672,NaN,NaN,19.48,93.4,10.0
1.0,26.8,72.2,65.3,71.6,33.9,37.7,2.727,23.4,21.7,17.11,96.4,2.1
4.7,45.2,50.1,5.1,28.4,20.6,7.8,2.688,11.5,13.0,19.27,98.8,13.0
4.4,48.3,47.3,23.6,NaN,24.3,NaN,2.677,NaN,11.4,19.80,95.1,5.1
2.3,52.5,45.2,20.4,37.5,23.1,14.4,2.694,17.1,14.7,18.52,100.9,10.3
12.9,58.3,28.8,6.1,24.2,20.2,4.0,2.674,9.1,10.0,20.03,99.9,19.3
3.3,37.0,59.7,40.2,51.0,28.7,22.3,2.708,14.3,14.2,18.65,98.3,9.3
1.7,36.3,62.0,NaN,44.6,30.0,14.6,2.706,15.0,14.8,17.45,96.2,7.7
3.9,68.0,28.1,10.2,29.6,26.0,3.6,NaN,5.6,6.0,NaN,99.7,14.9
2.7,42.9,54.4,15.5,34.1,24.2,9.9,2.668,18.1,14.3,18.01,98.2,10.9
1.6,58.6,39.8,18.5,31.8,22.5,9.3,NaN,10.9,NaN,19.14,101.4,8.1
1.8,34.0,64.2,57.9,59.6,35.6,NaN,2.712,17.4,14.0,NaN,99.4,3.7
2.4,55.6,NaN,19.1,NaN,23.6,12.4,2.669,11.2,12.1,19.01,95.9,10.6
0.3,23.8,75.9,54.2,69.0,37.2,31.8,2.738,17.4,NaN,16.93,98.5,5.8
10.3,63.9,25.8,4.5,21.3,19.3,2.0,2.660,7.7,7.2,20.88,99.5,23.0
9.4,NaN,38.1,17.5,26.2,24.2,2.0,2.681,4.8,9.1,19.15,100.2,11.6
3.2,55.9,40.9,14.1,31.1,23.4,NaN,2.671,12.8,11.8,19.13,100.2,16.1
2.8,41.0,56.2,49.1,49.2,25.8,23.4,2.705,13.3,14.6,18.71,96.8,4.3
18.8,64.3,16.9,3.1,20.8,18.8,2.0,2.655,6.1,6.2,20.50,96.3,18.8
25.0,59.9,NaN,6.1,22.4,20.4,2.0,2.671,7.8,8.4,20.21,NaN,20.6
NaN,55.4,9.6,2.2,20.0,18.0,2.0,2.660,6.5,6.0,21.16,98.0,18.6
8.5,64.1,27.4,9.8,22.7,20.7,2.0,NaN,7.0,7.0,19.98,NaN,18.6
24.3,59.4,16.3,NaN,20.3,NaN,3.3,2.654,NaN,6.5,20.48,95.1,13.1
5.2,44.5,50.3,19.4,36.3,26.8,9.5,2.664,18.8,12.9,18.00,99.3,8.5
3.4,37.1,59.5,45.1,50.5,29.6,20.9,2.697,15.2,15.1,18.40,93.7,5.2
36.2,45.6,18.2,5.8,NaN,18.6,4.9,2.663,9.6,6.0,21.15,99.7,17.8
2.3,44.5,53.2,39.6,NaN,25.2,19.6,2.690,10.9,13.2,NaN,98.4,5.4
2.2,NaN,NaN,20.4,33.6,21.3,12.3,2.707,12.6,NaN,NaN,97.8,8.8
9.2,57.4,33.4,NaN,30.7,19.7,11.0,2.663,12.8,10.8,19.86,98.1,15.2
0.3,34.3,NaN,59.3,63.1,30.5,32.6,2.733,18.5,15.4,17.68,96.2,2.9
39.4,50.6,10.0,3.6,20.0,18.0,2.0,2.646,6.9,6.0,21.25,101.1,17.0
5.2,69.6,25.2,2.6,20.0,18.0,2.0,2.662,6.5,8.0,20.24,NaN,20.8
21.3,55.6,23.1,7.9,27.5,23.9,3.6,2.674,7.6,7.8,19.75,97.4,18.3
0.9,31.3,67.8,32.3,53.5,26.9,26.6,2.734,19.5,16.9,17.78,99.4,6.2
0.1,NaN,55.2,27.8,50.9,25.0,25.9,2.702,16.4,15.6,17.52,98.0,4.4
4.6,71.0,24.4,9.1,24.6,22.6,2.0,2.671,8.8,8.2,19.81,99.6,14.1
3.1,NaN,NaN,39.9,45.1,27.0,18.1,2.717,10.5,12.5,17.70,97.8,6.7
NaN,51.5,10.1,4.6,21.9,NaN,2.7,2.647,4.0,6.0,20.88,98.4,23.6
0.3,39.8,59.9,51.9,56.9,32.1,NaN,2.708,17.9,15.7,17.18,97.2,3.9
5.1,54.0,40.9,28.8,41.1,26.7,14.4,2.695,15.0,12.0,18.72,100.5,10.3
1.1,25.1,73.8,50.9,61.5,NaN,26.2,2.712,15.7,16.2,17.54,94.3,3.4
6.4,47.1,46.5,16.2,37.7,23.4,14.3,2.706,13.6,13.4,19.49,94.3,6.4
NaN,63.6,31.5,15.7,29.3,23.3,6.0,2.653,11.3,8.0,19.39,99.2,9.0
0.3,34.1,65.6,42.3,54.4,30.9,23.5,2.707,15.7,14.7,16.60,99.4,6.0
1.2,46.0,52.8,46.3,51.1,31.9,19.2,2.711,10.2,12.6,18.54,100.7,8.0
NaN,43.4,56.5,NaN,46.6,27.1,19.5,2.710,15.4,13.8,17.88,97.6,6.0
NaN,NaN,NaN,NaN,42.6,27.4,15.2,NaN,13.0,11.9,18.77,95.7,6.2
3.1,57.8,39.1,11.0,28.3,21.1,7.2,2.679,11.0,7.2,19.77,NaN,10.4
2.3,54.4,43.3,25.9,39.7,28.3,11.4,2.688,14.4,13.0,18.72,99.0,10.2
16.1,55.2,28.7,7.2,26.9,20.5,6.4,2.702,6.1,6.0,21.23,99.8,29.8
4.8,63.6,31.6,12.1,NaN,21.3,15.2,NaN,10.5,12.3,20.07,97.4,9.3
4.4,40.5,NaN,25.5,47.2,NaN,22.6,2.688,13.5,15.5,17.92,96.4,7.5
3.0,35.2,61.8,20.2,37.2,22.4,14.8,2.701,11.5,11.3,17.90,97.8,5.8
2.7,33.6,63.7,30.0,44.1,29.0,15.1,2.684,11.3,11.4,18.26,100.6,6.6
34.9,55.8,9.3,2.4,20.0,18.0,2.0,2.648,4.0,6.0,20.83,101.5,14.7
0.6,29.7,69.7,56.5,63.5,32.6,30.9,2.728,18.8,18.5,16.75,NaN,4.5
6.1,64.1,29.8,8.1,27.1,24.7,2.4,2.657,NaN,10.4,19.78,97.1,20.8
15.6,67.0,NaN,14.7,22.1,20.1,2.0,2.656,NaN,6.8,20.00,99.3,15.8
4.4,52.5,43.1,38.7,39.5,24.0,15.5,2.693,19.4,14.3,18.72,103.0,8.2
8.2,73.1,18.7,8.8,28.6,18.3,10.3,2.672,6.4,7.8,20.07,101.6,14.8
20.9,65.5,13.6,4.7,20.0,18.0,2.0,2.658,7.4,7.3,20.16,98.0,15.7
9.2,60.0,30.8,6.2,24.8,21.7,3.1,2.684,14.4,NaN,19.46,96.7,9.7
0.4,41.2,58.4,35.2,50.2,NaN,21.6,2.684,19.3,15.2,18.08,97.1,5.5
37.6,NaN,9.5,2.7,20.0,18.0,NaN,2.660,4.3,6.0,21.30,98.2,29.4
4.8,NaN,23.9,16.2,27.3,25.3,NaN,2.670,6.0,6.0,19.65,95.5,14.5
2.4,49.1,48.5,28.5,45.5,26.1,19.4,2.696,12.5,12.0,18.83,99.0,7.6
7.7,68.9,23.4,NaN,26.8,24.8,2.0,2.675,6.0,7.5,20.85,97.3,18.9
6.8,72.3,20.9,13.2,NaN,NaN,8.3,2.675,11.1,9.8,20.13,98.1,18.4
2.5,49.0,NaN,14.1,34.3,23.0,11.3,2.673,NaN,13.3,18.27,96.5,7.4
0.6,30.3,69.1,42.0,53.9,NaN,24.5,2.703,18.9,18.2,NaN,97.8,4.2
32.5,54.0,13.5,2.2,20.5,17.5,NaN,2.655,NaN,6.8,20.76,99.3,25.1
3.9,49.6,NaN,28.8,46.4,30.2,16.2,2.687,NaN,10.7,18.91,97.9,7.4
10.2,66.2,23.6,12.0,29.6,20.5,9.1,2.670,5.9,6.0,20.26,95.6,11.3
4.1,47.3,NaN,38.5,44.6,25.8,18.8,2.705,15.9,13.3,17.73,95.1,5.2
39.9,41.3,18.8,1.1,21.7,19.7,2.0,2.677,10.8,6.7,20.77,99.6,12.7
9.8,61.7,28.5,6.0,26.0,22.0,4.0,2.664,7.1,9.1,20.58,96.9,12.2
0.1,34.7,65.2,62.0,63.0,29.7,33.3,2.701,20.6,15.2,17.33,98.1,1.8
6.8,61.5,31.7,NaN,35.0,20.2,14.8,2.702,10.3,9.3,18.68,98.0,11.3
2.9,49.6,47.5,11.5,30.8,19.6,NaN,2.676,NaN,NaN,18.95,98.5,10.0
7.7,63.4,28.9,0.8,23.2,19.3,3.9,2.658,5.4,7.5,20.85,100.5,20.2
NaN,65.6,27.2,12.4,25.8,23.8,2.0,2.653,11.0,NaN,20.47,96.9,13.7
0.3,31.4,68.3,48.3,57.4,29.8,27.6,NaN,15.1,16.6,17.93,91.5,1.8
8.3,52.3,39.4,22.4,36.4,20.4,16.0,2.685,11.3,12.9,19.06,97.5,6.4
38.8,49.7,11.5,NaN,20.0,NaN,2.0,2.652,9.8,NaN,21.06,100.2,19.9
NaN,NaN,37.9,15.0,33.4,23.7,9.7,2.679,5.4,8.2,19.65,99.7,9.8
25.3,62.8,11.9,2.2,20.0,15.4,4.6,2.666,4.0,6.0,20.37,100.6,27.1
NaN,55.0,34.1,10.4,30.3,20.2,10.1,2.668,10.5,8.2,19.46,96.2,5.6
6.9,72.8,20.3,2.9,27.3,25.3,2.0,2.670,4.0,6.0,19.74,98.9,13.5
4.4,44.2,NaN,23.1,41.6,24.4,17.2,2.686,15.4,13.8,18.48,99.0,7.4
31.6,NaN,19.2,11.9,22.5,20.3,2.2,2.681,5.7,6.8,20.79,103.0,27.5
13.0,65.7,21.3,NaN,25.1,22.0,3.1,2.681,4.0,6.5,21.06,98.6,19.7
1.2,43.9,54.9,NaN,54.9,27.3,27.6,2.697,13.4,14.8,17.52,97.6,4.4
30.3,50.5,19.2,5.2,21.2,16.8,4.4,NaN,10.0,6.6,20.77,NaN,27.8
0.9,33.0,66.1,61.3,64.7,30.7,34.0,2.727,NaN,15.0,17.78,97.5,2.2
23.5,66.8,NaN,0.5,20.0,17.6,2.4,2.659,5.2,6.6,21.01,99.5,26.1
1.4,23.3,75.3,44.5,57.1,30.1,27.0,2.710,14.7,16.1,16.57,98.5,2.9
8.3,62.0,29.7,NaN,26.6,17.7,8.9,NaN,12.0,11.5,18.95,97.5,13.3
4.7,46.4,48.9,20.2,34.2,24.3,9.9,2.682,11.5,11.8,18.63,100.9,13.3
8.5,65.4,26.1,1.6,22.9,20.9,NaN,2.678,4.8,9.5,20.64,98.8,10.9
NaN,51.4,47.0,30.5,41.2,21.7,19.5,2.699,13.0,13.4,18.76,NaN,7.6
14.6,49.1,36.3,NaN,35.8,25.9,9.9,2.684,6.3,8.0,NaN,100.0,9.8
2.9,37.2,59.9,37.1,44.7,31.0,13.7,2.693,17.4,13.0,19.49,NaN,6.3
16.1,69.2,14.7,NaN,20.0,18.0,2.0,2.637,4.4,6.0,NaN,NaN,13.3
3.4,NaN,32.7,15.1,30.6,21.1,9.5,2.699,12.9,12.0,19.44,97.6,14.8
3.7,63.2,33.1,17.3,31.1,29.0,2.1,2.661,9.8,9.5,NaN,95.9,6.7
11.9,64.9,23.2,10.1,29.3,20.2,9.1,2.663,9.7,NaN,19.84,95.0,10.4
2.7,59.4,37.9,23.3,35.0,24.9,10.1,NaN,9.7,8.2,19.46,98.0,7.2
NaN,65.0,28.4,8.6,29.3,23.2,6.1,2.658,11.2,8.5,NaN,98.0,11.2
3.9,49.5,46.6,13.9,35.2,27.3,7.9,2.682,17.0,11.1,19.37,99.3,8.1
1.2,41.3,NaN,9.4,31.5,23.4,8.1,2.677,12.7,12.4,18.79,97.5,12.8
5.1,NaN,41.6,31.2,40.3,24.5,15.8,2.699,14.4,12.6,19.03,NaN,6.9
4.8,71.8,23.4,2.6,26.9,21.3,5.6,2.667,4.0,6.6,20.65,95.9,23.9
6.9,68.7,24.4,NaN,24.4,NaN,2.0,2.668,7.2,8.3,NaN,101.2,13.1
1.1,40.7,58.2,21.1,37.8,25.6,12.2,2.694,18.2,15.1,18.32,NaN,4.6
0.5,NaN,61.1,50.0,57.2,30.4,26.8,2.708,16.2,15.4,17.59,99.4,5.5
1.3,35.5,63.2,37.7,56.1,32.0,24.1,2.702,12.4,NaN,17.78,96.6,6.7
0.0,32.9,67.1,48.3,51.3,27.0,24.3,2.714,13.8,15.0,17.49,97.7,1.8
3.4,42.2,NaN,48.2,51.1,27.0,24.1,2.698,17.0,15.2,18.05,100.1,8.8
2.8,39.7,57.5,29.6,44.5,26.1,18.4,2.701,NaN,11.8,17.80,95.0,8.5
NaN,55.8,21.7,6.9,NaN,18.0,2.0,2.664,6.4,7.8,20.20,101.6,21.9
4.8,49.0,46.2,13.0,31.5,23.2,8.3,2.667,8.2,8.8,20.03,97.6,13.6
1.9,64.0,34.1,19.2,31.2,20.8,10.4,2.676,10.6,10.5,19.52,96.7,15.2
28.1,57.5,14.4,NaN,20.3,17.8,2.5,2.646,4.0,6.4,21.30,100.0,23.9
0.4,34.2,65.4,21.3,NaN,27.1,NaN,2.676,NaN,12.1,18.46,103.0,8.7
24.5,59.9,15.6,0.7,20.0,18.0,2.0,2.630,4.3,6.0,21.30,98.8,23.9
7.7,NaN,19.8,12.0,26.7,23.8,2.9,2.675,4.1,7.5,20.50,96.5,11.3
5.7,NaN,23.4,9.6,26.8,23.2,3.6,2.656,7.8,6.0,20.14,93.6,12.6
NaN,62.7,33.2,12.5,32.0,21.3,10.7,2.668,NaN,9.0,19.35,NaN,9.3
7.0,71.1,21.9,8.8,21.7,16.2,NaN,2.663,8.2,6.4,NaN,93.5,18.3
3.9,63.8,32.3,6.3,26.0,23.1,2.9,2.683,9.9,9.1,20.29,99.5,18.5
43.0,45.9,11.1,1.6,25.1,20.2,4.9,2.671,6.1,7.1,20.86,100.3,21.4
1.6,33.6,64.8,46.7,55.1,30.5,24.6,2.716,18.2,15.5,17.44,98.8,4.3
4.9,51.8,43.3,19.1,36.0,25.1,10.9,2.704,15.3,12.7,18.88,99.0,11.3
7.3,54.3,38.4,11.3,32.5,NaN,9.7,2.681,10.5,8.2,19.58,99.8,14.8
10.8,68.6,20.6,NaN,27.2,21.7,5.5,2.662,5.5,6.0,NaN,99.3,20.5
9.3,67.1,23.6,NaN,32.8,22.1,10.7,2.689,9.4,NaN,NaN,97.4,12.4
NaN,52.9,39.4,16.3,35.7,NaN,13.3,2.670,NaN,NaN,18.50,NaN,10.3
29.4,54.7,15.9,1.5,20.0,18.0,2.0,2.648,NaN,6.0,20.87,102.0,29.5
25.9,52.5,21.6,1.1,22.0,NaN,2.8,2.675,4.0,6.0,21.11,100.0,21.3
NaN,40.4,59.5,38.6,50.7,25.6,25.1,2.710,17.4,14.8,18.13,98.7,6.6
2.2,54.1,43.7,29.4,42.4,23.0,19.4,2.677,11.9,12.3,18.84,98.9,6.3
5.1,44.5,50.4,19.2,NaN,27.5,4.4,2.684,12.1,9.2,18.05,97.3,9.5
1.0,23.6,75.4,52.1,56.4,32.0,24.4,2.726,16.2,16.7,18.07,NaN,5.5
9.4,68.2,22.4,3.0,24.5,21.0,3.5,2.653,10.8,7.6,20.14,98.6,14.3
30.4,50.3,19.3,2.5,20.6,18.6,2.0,2.650,4.5,6.0,20.40,97.4,28.0
5.1,65.8,29.1,8.4,24.7,21.7,3.0,2.664,10.4,7.5,19.75,100.1,11.7
41.7,44.0,14.3,4.0,21.1,18.4,NaN,2.646,4.0,7.6,21.30,NaN,15.1
NaN,NaN,49.4,33.6,43.6,23.9,19.7,NaN,14.9,13.4,NaN,96.4,8.7
38.2,NaN,14.9,2.9,20.0,18.0,2.0,2.650,5.4,6.0,21.30,97.6,27.4
20.6,63.2,16.2,NaN,20.0,17.0,3.0,2.665,6.6,8.1,21.30,NaN,35.0
1.2,32.5,66.3,49.4,54.0,NaN,28.3,2.706,17.4,15.1,17.38,95.4,5.2
6.0,71.7,22.3,8.1,23.4,20.0,3.4,2.658,4.0,6.0,21.14,96.8,15.2
34.4,49.4,16.2,3.7,NaN,18.0,2.0,2.643,6.4,NaN,20.81,98.3,21.3
30.9,50.7,18.4,5.4,21.1,17.1,4.0,2.680,5.4,6.0,NaN,99.3,15.2
4.5,45.4,50.1,17.5,37.3,28.2,NaN,2.669,11.3,10.0,NaN,99.5,8.4
3.1,37.7,59.2,9.5,30.9,19.9,11.0,2.702,15.2,13.7,17.55,98.3,6.7
26.0,55.8,18.2,5.5,24.3,22.1,2.2,2.660,4.8,6.8,21.24,101.5,20.4
8.7,NaN,20.9,9.1,24.8,NaN,2.0,2.665,4.1,6.0,20.63,100.0,20.4
30.1,49.1,20.8,4.7,26.5,20.0,6.5,2.662,7.9,10.3,20.43,98.8,18.1
8.6,65.2,NaN,5.8,22.7,NaN,2.0,2.677,7.0,6.0,21.13,NaN,13.9
NaN,60.3,NaN,14.4,25.8,23.8,2.0,2.657,9.6,8.5,19.66,97.7,19.8
4.6,49.3,46.1,29.0,41.5,26.0,15.5,2.675,7.8,9.5,19.35,99.2,8.0
0.3,32.7,67.0,55.9,61.0,29.1,31.9,2.732,18.1,16.2,NaN,102.4,5.9
0.4,34.7,64.9,33.6,50.7,30.2,20.5,2.710,17.6,16.5,16.19,93.5,1.8
0.4,NaN,63.0,36.9,50.7,33.0,17.7,2.716,13.3,14.7,18.58,98.2,7.1
1.6,36.4,62.0,57.8,56.0,30.1,25.9,NaN,18.6,16.2,17.79,98.3,6.2
3.6,54.7,41.7,33.5,45.4,NaN,19.3,NaN,13.0,15.6,18.64,96.6,9.6
31.5,49.3,19.2,8.1,NaN,20.2,2.0,2.668,5.8,NaN,20.94,98.0,22.1
5.9,70.3,23.8,11.8,25.6,19.3,6.3,2.672,7.4,NaN,20.35,96.3,16.5
31.2,54.3,14.5,3.9,20.0,17.9,2.1,2.659,NaN,6.0,21.30,96.5,23.4
NaN,47.8,50.5,26.7,40.3,NaN,NaN,2.714,15.6,12.1,18.74,98.9,7.5
4.6,43.9,51.5,9.6,34.7,25.0,9.7,2.681,12.1,11.5,18.87,100.2,11.1
3.5,56.5,40.0,NaN,36.4,24.4,12.0,2.676,12.4,11.3,19.52,100.4,10.2
5.6,63.7,30.7,13.0,31.6,22.9,8.7,2.661,NaN,8.9,20.20,96.4,13.9
0.1,25.5,74.4,70.4,68.2,33.8,34.4,2.742,19.5,16.9,16.96,94.4,1.8
24.5,56.2,NaN,8.0,24.9,21.4,3.5,2.649,4.0,6.0,20.75,NaN,17.5
NaN,40.5,58.8,30.4,48.0,NaN,18.2,2.689,17.4,17.3,17.83,102.4,6.4
4.6,54.7,40.7,18.4,35.9,24.9,11.0,2.663,10.0,9.3,NaN,98.7,11.5
42.0,45.0,13.0,3.8,23.3,19.7,NaN,2.669,6.8,6.2,20.86,100.8,21.0
2.3,NaN,44.7,20.2,36.5,21.7,14.8,2.683,NaN,15.2,18.80,98.2,16.7
24.7,54.2,21.1,NaN,20.1,17.1,3.0,2.651,6.8,NaN,21.10,98.5,21.1
33.5,51.3,15.2,NaN,20.0,18.0,NaN,NaN,5.5,6.7,21.30,98.7,23.9
0.2,25.5,74.3,58.7,67.2,34.2,33.0,2.750,21.7,18.1,17.44,100.4,1.9
11.7,57.1,31.2,2.2,NaN,25.2,2.4,2.679,4.0,6.1,21.03,97.4,21.6
4.9,NaN,33.1,18.1,34.9,25.6,9.3,2.686,10.6,11.5,20.09,97.2,16.1
1.7,39.4,58.9,53.2,57.4,31.5,25.9,2.731,11.7,11.6,16.89,103.0,4.8
1.5,47.9,50.6,22.3,36.9,27.7,9.2,NaN,14.3,NaN,19.45,98.2,9.7
5.3,41.8,52.9,36.0,46.3,28.3,18.0,2.685,11.9,NaN,18.98,100.2,9.3
1.2,45.2,53.6,27.1,NaN,25.6,17.9,2.717,13.6,13.2,18.44,100.6,6.9
43.6,41.3,15.1,1.7,20.0,18.0,2.0,2.663,5.2,6.0,20.86,98.5,19.6
24.1,61.1,14.8,8.5,24.5,NaN,8.4,2.660,4.1,7.8,21.30,99.8,15.8
3.0,55.8,41.2,32.0,46.9,26.8,20.1,2.696,7.4,11.1,19.29,96.7,7.8
35.7,53.3,11.0,6.6,20.0,18.0,2.0,2.638,4.0,6.0,21.10,98.5,19.3
26.5,NaN,14.5,2.1,20.0,18.0,2.0,2.654,4.0,6.0,20.82,97.8,21.5
2.5,NaN,44.8,15.2,31.5,20.9,10.6,2.692,6.5,8.7,18.74,97.4,6.7
1.1,22.1,76.8,60.0,63.4,35.4,28.0,2.711,19.4,18.2,16.21,100.6,1.8
1.0,31.1,67.9,NaN,55.3,33.6,21.7,2.719,12.4,12.9,17.77,98.4,4.7
2.4,52.5,45.1,31.7,NaN,29.5,14.9,2.681,12.0,11.8,18.41,99.1,9.5
11.8,65.6,NaN,9.5,27.3,18.7,8.6,2.657,8.0,10.0,20.02,101.3,14.9
0.9,28.9,70.2,50.4,57.5,29.3,28.2,2.714,14.8,12.5,17.12,103.0,3.7
10.2,61.9,27.9,NaN,24.6,22.6,2.0,2.672,5.7,8.7,20.59,NaN,15.9
12.2,61.1,26.7,8.0,31.8,22.1,NaN,2.672,7.2,8.5,20.30,95.2,13.4
13.8,64.6,21.6,5.4,20.0,18.0,2.0,2.638,6.8,8.3,20.94,102.7,17.4
0.6,NaN,69.3,62.8,NaN,35.0,32.5,2.712,NaN,19.4,16.96,100.3,1.9
2.9,56.4,40.7,14.9,35.1,NaN,10.6,2.688,7.3,10.5,18.94,97.3,6.8
4.8,58.3,NaN,20.6,36.6,26.3,10.3,2.693,9.5,9.5,19.31,96.5,10.7
10.2,58.2,NaN,16.5,28.3,NaN,7.6,2.660,8.0,9.5,19.81,99.2,14.7
4.3,58.7,37.0,17.2,32.0,25.2,6.8,2.677,8.3,11.0,19.89,96.5,8.7
4.5,62.1,33.4,14.1,25.1,15.5,NaN,2.676,6.2,9.9,NaN,95.9,7.3
11.9,NaN,23.0,4.8,26.6,19.5,7.1,2.664,7.8,9.1,20.37,100.7,18.7
4.0,49.7,46.3,29.9,43.4,29.1,14.3,2.670,12.9,11.1,18.77,98.7,7.6
1.2,44.9,53.9,32.6,42.9,31.7,11.2,2.710,13.3,11.0,18.71,96.7,5.7
2.3,51.1,46.6,32.4,48.6,28.0,20.6,2.691,15.6,17.0,17.21,98.9,9.7
0.2,25.3,74.5,43.0,56.2,31.8,24.4,NaN,18.3,18.0,16.55,93.0,1.8
36.0,46.7,17.3,1.2,20.0,18.0,2.0,2.654,9.1,9.3,21.26,98.0,21.9
9.0,60.2,30.8,9.2,24.1,18.4,5.7,2.679,NaN,10.1,20.03,96.2,18.5
20.5,57.3,22.2,5.0,20.0,18.0,2.0,2.658,5.3,6.4,21.24,99.8,23.7
0.0,26.3,NaN,50.7,52.1,25.9,26.2,2.691,13.6,15.2,17.21,95.9,4.6
3.9,59.2,36.9,13.9,30.4,23.3,7.1,2.681,9.3,9.9,19.10,97.7,12.5
6.8,60.2,33.0,7.6,25.0,NaN,2.0,2.671,6.2,8.1,19.51,97.4,11.6
5.6,40.8,53.6,16.4,39.3,27.5,11.8,2.680,12.9,11.9,17.18,98.7,13.3
3.7,58.8,37.5,32.7,36.2,27.3,8.9,2.675,9.6,9.3,19.46,97.9,13.1
3.0,49.4,47.6,24.9,NaN,26.3,13.0,2.699,13.3,10.3,18.81,99.0,8.1
0.7,38.6,60.7,33.4,54.6,27.5,27.1,2.699,17.6,15.2,16.68,97.5,5.7
4.5,59.5,36.0,21.2,34.6,20.1,14.5,2.695,12.5,10.7,18.54,NaN,14.6
6.5,61.3,32.2,24.9,34.3,27.0,7.3,2.694,9.6,7.8,21.08,102.0,13.8
36.1,45.2,18.7,2.4,20.0,16.8,3.2,2.656,5.5,6.0,21.25,97.2,23.5
28.5,53.7,17.8,1.9,NaN,19.0,2.4,2.668,5.4,NaN,20.86,99.5,14.8
31.7,54.2,14.1,1.9,20.0,18.0,2.0,2.665,4.0,6.0,21.30,97.6,20.9
0.7,40.7,58.6,51.7,52.3,30.5,21.8,2.714,17.6,14.4,NaN,99.3,4.1
NaN,NaN,17.6,5.8,22.8,16.9,5.9,2.648,9.8,8.4,21.30,101.3,18.8
1.0,34.6,64.4,56.4,57.7,27.8,29.9,2.718,NaN,16.3,17.10,98.6,3.6
4.2,NaN,50.9,35.2,44.7,27.9,16.8,NaN,11.8,11.7,18.20,97.4,6.2
4.7,72.5,22.8,1.2,20.0,18.0,2.0,2.656,4.0,7.0,20.82,99.8,16.9
0.1,29.2,NaN,52.0,58.3,33.5,24.8,2.726,18.0,16.6,16.69,NaN,1.8
2.3,42.8,NaN,29.6,46.5,28.6,17.9,2.687,16.7,NaN,18.07,96.5,7.9
28.0,58.9,13.1,NaN,20.7,18.7,2.0,2.651,7.9,7.8,21.30,99.1,31.0
NaN,57.2,40.0,27.5,36.8,22.4,14.4,2.701,16.3,12.8,17.88,94.8,2.8
5.8,59.0,35.2,8.3,NaN,20.5,4.4,NaN,10.7,9.7,19.45,98.7,11.0
3.3,50.7,46.0,NaN,NaN,20.1,NaN,2.686,16.2,13.1,18.44,99.7,11.1
25.0,56.5,18.5,5.3,NaN,NaN,2.0,2.640,5.7,7.7,20.95,99.2,13.6
10.1,65.0,24.9,NaN,NaN,18.5,9.5,2.667,6.9,6.0,20.97,99.1,17.8
3.1,49.0,47.9,12.1,NaN,22.7,12.2,2.672,11.6,NaN,18.20,99.8,11.5
3.3,44.5,52.2,23.4,39.1,25.8,13.3,2.705,11.6,11.7,18.70,NaN,11.6
0.1,43.8,56.1,39.6,55.6,NaN,25.4,2.711,17.4,NaN,18.08,96.6,3.7
42.2,37.5,20.3,7.7,25.7,21.4,4.3,2.651,4.1,6.0,NaN,98.7,18.9
34.9,NaN,12.3,2.2,NaN,18.1,3.2,2.660,NaN,8.1,21.11,99.4,25.6
0.8,35.8,63.4,43.9,54.4,NaN,23.7,2.704,NaN,16.1,17.21,101.1,4.7
14.5,58.6,26.9,NaN,26.9,17.1,9.8,2.668,8.3,8.1,19.50,100.0,24.6
NaN,50.4,NaN,3.1,20.0,18.0,NaN,2.675,5.5,6.0,NaN,NaN,27.6
5.6,NaN,NaN,15.6,27.0,22.0,5.0,2.706,4.6,6.7,NaN,NaN,7.2
36.6,52.3,11.1,0.4,20.0,18.0,2.0,NaN,6.7,6.0,21.30,101.2,24.0
13.4,67.2,19.4,7.8,NaN,19.0,2.0,2.663,4.3,6.0,19.48,100.0,18.3
5.4,57.9,36.7,28.9,39.7,28.3,11.4,NaN,11.1,9.6,19.59,NaN,8.7
6.2,68.9,24.9,6.8,26.2,NaN,6.4,2.671,7.1,8.6,NaN,101.1,20.6
4.3,45.4,50.3,37.6,49.3,27.0,22.3,2.708,20.1,NaN,19.02,98.9,6.9
28.2,54.0,17.8,1.2,NaN,18.0,2.0,2.668,9.3,NaN,21.16,100.0,22.7
7.7,NaN,NaN,18.3,35.3,23.6,11.7,2.674,12.8,12.1,20.53,100.0,17.2
9.4,58.6,NaN,NaN,29.6,20.5,9.1,2.663,11.9,10.5,19.24,99.9,10.5
32.5,54.1,13.4,3.5,22.1,15.1,7.0,2.670,7.2,7.1,20.61,98.3,20.7
22.1,67.2,10.7,1.3,20.0,18.0,NaN,2.658,4.5,NaN,21.30,101.5,35.0
NaN,50.3,18.5,4.2,20.0,18.0,2.0,2.638,4.0,6.5,20.72,102.9,21.7
8.8,61.1,30.1,NaN,27.8,21.8,6.0,2.679,11.8,11.3,20.28,99.4,14.6
4.9,57.3,37.8,22.5,36.2,26.3,9.9,2.693,NaN,11.1,20.06,100.2,16.2
3.2,44.2,52.6,15.8,37.4,24.3,13.1,2.699,12.4,12.6,19.14,94.5,8.5
0.4,29.9,69.7,63.4,59.5,28.1,31.4,2.750,18.0,16.2,16.37,100.4,5.4
4.7,55.9,39.4,29.1,40.0,24.4,15.6,2.688,NaN,9.6,18.71,96.9,8.3
2.4,48.0,49.6,29.2,39.6,27.8,NaN,2.711,NaN,9.3,19.16,98.5,7.3
27.4,57.5,15.1,2.6,20.7,18.7,NaN,2.632,4.0,6.0,21.13,98.3,24.3
40.1,41.6,18.3,0.8,20.0,18.0,2.0,2.664,7.9,8.8,20.44,98.8,24.2
9.9,61.8,28.3,10.7,23.2,18.6,4.6,2.677,11.6,7.0,20.49,96.7,11.8
13.1,55.3,31.6,4.2,22.4,20.4,2.0,2.690,10.5,9.0,19.33,98.4,20.9
0.1,37.5,62.4,34.0,47.3,32.1,15.2,NaN,13.9,14.3,NaN,98.7,6.2
3.4,46.8,49.8,42.0,NaN,26.4,17.8,NaN,15.6,14.6,18.03,97.7,8.2
0.8,NaN,75.8,NaN,60.7,29.6,31.1,2.728,NaN,17.7,NaN,95.8,1.8
8.2,58.6,33.2,12.5,NaN,25.8,7.9,2.674,5.9,6.8,19.46,95.7,11.3
34.4,50.7,14.9,5.7,22.2,20.2,2.0,2.652,4.0,6.0,21.02,100.5,24.2
12.8,62.6,24.6,19.8,35.1,23.8,11.3,2.661,7.4,7.7,19.60,96.9,11.1
9.5,55.0,35.5,NaN,26.7,21.6,5.1,2.665,11.3,8.6,19.86,100.4,13.7
0.5,28.1,71.4,52.6,56.1,30.3,25.8,2.730,18.3,NaN,16.39,92.3,2.0
4.1,61.4,NaN,12.3,NaN,20.9,5.2,2.693,10.6,9.8,20.00,98.4,14.8
27.1,59.8,13.1,4.4,NaN,18.0,NaN,2.677,5.3,6.0,21.09,97.7,14.8
22.8,55.0,22.2,9.3,27.0,NaN,NaN,2.663,4.0,7.5,20.95,98.8,14.8
37.9,48.9,13.2,2.3,22.9,19.5,NaN,2.637,4.5,6.0,20.49,99.5,25.0
48.1,41.8,10.1,1.3,21.7,19.7,2.0,2.655,4.2,6.0,21.30,99.4,24.9
33.9,53.6,12.5,2.5,20.7,18.7,2.0,2.648,4.1,6.0,20.28,98.4,18.5
9.8,60.0,30.2,12.9,27.9,18.7,9.2,2.669,7.3,8.8,19.33,NaN,14.2
0.0,42.7,57.3,47.3,NaN,30.5,22.3,2.688,15.4,13.3,17.70,99.5,6.4
6.6,NaN,43.6,20.1,38.3,27.8,10.5,2.668,13.9,11.8,19.06,97.2,21.0
3.9,NaN,39.3,18.0,35.1,22.7,12.4,2.683,15.3,NaN,19.48,96.7,9.0
38.7,49.4,11.9,1.5,20.0,18.0,2.0,2.655,4.0,6.0,21.30,96.6,23.8
3.5,64.7,31.8,10.9,32.2,23.9,8.3,2.669,9.2,9.9,19.43,95.5,11.9
6.4,67.4,26.2,8.2,28.2,23.5,4.7,2.677,4.1,8.2,20.56,100.1,13.6
0.1,32.4,67.5,36.2,54.1,28.8,25.3,2.712,19.6,18.7,16.79,NaN,5.6
14.7,NaN,NaN,5.3,34.3,24.3,10.0,2.670,9.0,9.3,20.88,99.2,12.8
1.1,36.8,62.1,50.3,61.2,34.6,26.6,2.708,19.7,15.2,16.74,NaN,4.1
2.2,50.9,46.9,26.9,39.9,25.2,14.7,2.705,12.0,NaN,18.66,97.9,6.5
27.7,57.0,15.3,2.6,20.0,16.9,3.1,2.632,4.0,6.0,21.30,98.9,20.6
28.8,58.0,13.2,2.5,25.5,17.8,NaN,2.636,7.2,6.4,20.35,101.9,31.7
3.9,51.5,44.6,25.6,37.6,25.8,11.8,2.694,12.2,10.8,19.06,NaN,7.5
4.7,47.9,47.4,15.1,35.6,29.5,6.1,2.694,9.5,11.4,18.83,98.3,15.4
8.0,56.1,35.9,24.3,34.8,23.7,11.1,2.667,7.6,10.7,19.81,98.4,7.8
4.8,44.9,50.3,31.8,42.1,26.7,15.4,NaN,13.2,14.4,18.84,96.6,9.6
6.2,69.0,24.8,11.8,30.0,21.3,8.7,2.673,10.4,9.5,19.74,97.6,15.6
44.1,46.3,9.6,0.7,20.0,18.0,2.0,2.645,4.0,6.0,21.09,99.3,30.3
2.9,52.1,45.0,37.2,NaN,25.1,19.6,2.692,14.1,12.5,17.99,97.6,9.7
2.7,47.7,49.6,25.1,39.6,26.8,12.8,2.693,15.6,12.5,18.34,98.0,7.8
8.9,69.1,22.0,6.1,28.0,20.3,7.7,2.668,6.9,8.2,20.49,97.2,17.3
NaN,48.2,47.7,27.8,NaN,25.4,15.9,2.707,14.3,15.0,18.73,97.9,7.9
4.8,46.1,NaN,24.7,42.8,NaN,16.1,2.703,11.7,11.7,18.66,95.1,10.1
1.8,53.4,44.8,14.8,36.9,24.8,NaN,2.700,17.7,12.9,19.19,98.7,6.9
12.3,71.1,16.6,4.0,25.4,18.3,7.1,2.646,15.1,8.3,21.02,101.0,12.0
16.6,63.3,20.1,8.9,NaN,20.2,8.8,2.652,11.8,12.0,20.67,98.5,16.0
36.6,49.8,13.6,NaN,20.0,18.0,2.0,2.659,NaN,6.0,21.30,99.2,14.0
29.4,54.5,16.1,6.7,20.0,18.0,2.0,2.671,5.5,7.2,20.56,98.6,29.9
15.7,49.5,NaN,NaN,27.6,19.8,7.8,2.668,7.5,8.4,18.54,98.3,17.5
1.4,58.4,40.2,20.6,34.1,21.8,12.3,2.689,14.2,13.0,18.98,NaN,13.5
5.0,41.5,53.5,38.4,47.4,28.3,19.1,2.715,NaN,17.0,17.94,98.2,7.6
2.5,57.4,40.1,24.6,44.4,27.9,16.5,2.700,9.8,12.1,19.17,96.2,10.2
4.4,54.4,41.2,33.7,44.2,27.6,NaN,2.684,13.2,10.2,19.84,NaN,12.8
2.8,48.4,48.8,NaN,28.7,20.8,NaN,2.661,11.8,10.6,19.00,98.4,16.5
33.4,48.3,18.3,4.5,24.4,21.7,2.7,2.670,6.6,6.0,21.30,100.1,18.6
0.0,35.7,NaN,21.8,44.0,NaN,14.1,2.707,17.5,15.0,17.99,94.5,4.8
16.8,NaN,17.1,4.5,20.0,18.0,2.0,NaN,4.0,6.0,21.19,NaN,20.1
1.8,35.2,NaN,49.8,NaN,29.2,NaN,2.723,16.4,14.9,17.22,93.9,5.3
1.4,39.5,59.1,25.2,40.2,22.1,18.1,2.708,14.8,15.6,18.44,97.9,6.7
3.1,57.1,NaN,23.5,39.3,24.0,15.3,2.690,11.4,12.3,19.78,97.0,6.5
NaN,41.7,55.6,24.5,NaN,23.3,13.2,2.690,15.2,12.4,18.88,96.1,7.9
8.6,50.3,41.1,14.6,33.6,NaN,6.3,2.659,8.8,8.7,19.04,97.1,10.1
15.4,52.8,31.8,NaN,31.2,24.1,7.1,2.673,11.2,7.7,20.59,100.5,12.7
38.2,41.9,NaN,5.7,22.3,20.3,2.0,2.685,NaN,6.0,20.64,98.1,17.0
0.7,41.5,57.8,43.7,51.5,33.7,17.8,2.718,16.2,12.9,19.03,98.0,5.7
1.2,41.4,57.4,31.6,52.2,30.9,21.3,2.681,17.4,14.1,18.39,96.5,6.2
NaN,42.3,56.9,50.6,61.0,35.9,25.1,2.734,22.9,15.9,18.71,100.0,4.3
1.2,35.5,63.3,35.4,49.5,30.3,19.2,2.696,20.0,17.2,17.84,100.0,3.8
8.8,61.9,29.3,18.6,31.6,23.5,8.1,2.660,12.3,10.9,20.19,98.6,10.6
2.1,56.5,41.4,35.9,42.6,24.4,18.2,2.667,12.0,10.1,19.14,96.2,9.6
2.5,45.5,52.0,21.1,NaN,25.2,14.6,2.674,17.4,14.1,19.06,97.3,9.6
7.8,73.4,18.8,7.5,27.5,19.3,8.2,NaN,7.7,7.3,20.55,97.6,19.6
0.4,36.2,63.4,30.2,43.4,25.4,18.0,2.714,15.8,17.4,18.48,95.8,5.6
0.2,30.2,69.6,44.0,55.9,25.1,30.8,2.737,19.3,17.5,16.48,97.9,2.2
15.9,52.9,31.2,3.1,28.6,18.4,10.2,2.671,NaN,7.7,19.77,98.7,18.7
8.7,63.0,28.3,7.4,23.3,20.2,3.1,2.653,6.0,NaN,19.45,98.1,14.2
10.6,57.0,32.4,10.0,31.4,21.7,9.7,2.675,8.4,9.7,19.19,95.8,16.8
35.9,45.1,19.0,6.0,21.4,19.4,NaN,2.680,7.2,6.0,20.72,99.2,35.0
2.7,47.7,NaN,NaN,41.7,23.1,18.6,2.690,14.8,13.5,17.89,99.9,8.1
11.2,64.7,24.1,2.3,20.4,18.4,NaN,2.681,NaN,8.1,20.64,96.6,20.0
0.1,28.6,71.3,47.6,54.9,27.9,27.0,2.720,15.3,14.8,NaN,100.0,6.1
2.6,52.5,44.9,33.0,42.0,NaN,16.4,2.693,10.5,11.7,18.51,NaN,11.1
33.7,51.8,14.5,2.2,20.0,NaN,NaN,2.651,4.2,6.0,20.91,98.4,25.2
2.6,50.0,47.4,34.1,42.8,29.5,13.3,NaN,12.5,11.9,18.87,101.6,7.7
26.1,59.6,14.3,2.6,20.0,18.0,2.0,2.654,7.6,6.6,21.20,98.5,21.5
28.0,NaN,20.4,1.3,20.7,NaN,2.7,2.649,4.0,6.0,20.49,94.3,21.7
0.4,35.1,64.5,40.2,49.3,26.3,23.0,2.712,20.4,15.6,17.85,98.5,4.6
3.3,50.8,45.9,18.0,NaN,24.2,9.9,2.674,9.3,10.0,19.30,95.4,9.7
0.1,36.3,63.6,41.8,NaN,NaN,15.6,2.708,19.9,14.6,18.31,93.8,7.4
2.2,NaN,52.5,14.7,38.3,24.9,13.4,2.680,12.4,12.0,18.67,101.0,9.3
4.4,48.7,46.9,NaN,39.2,29.0,10.2,2.698,11.5,11.3,19.42,100.7,9.8
4.3,41.3,54.4,35.5,NaN,24.4,18.8,2.710,13.6,NaN,18.22,94.2,3.8
5.9,45.9,48.2,18.0,38.8,NaN,15.8,NaN,11.2,12.9,19.55,101.6,8.8
1.9,34.5,63.6,35.3,46.2,NaN,15.8,2.694,NaN,12.3,17.58,98.7,5.0
NaN,38.6,58.4,NaN,54.4,28.0,26.4,2.710,13.4,14.3,17.87,100.8,2.7
NaN,46.3,53.4,49.0,56.3,29.3,27.0,2.699,11.8,13.1,18.38,98.7,5.1
33.3,50.3,16.4,2.6,20.0,18.0,2.0,2.656,7.6,7.2,21.30,99.9,23.6
7.2,69.3,23.5,7.3,NaN,21.1,9.2,2.674,10.5,11.3,18.90,100.6,12.9
4.2,69.0,26.8,12.4,28.2,19.8,8.4,2.668,6.3,8.7,19.74,100.1,7.1
22.1,60.7,17.2,4.5,20.0,18.0,2.0,2.650,9.0,8.1,21.13,97.6,24.8
1.9,46.5,51.6,24.0,NaN,22.7,NaN,NaN,15.0,14.3,NaN,97.4,7.4
8.3,59.7,32.0,4.2,24.3,22.3,2.0,2.691,4.0,7.8,19.63,98.0,17.4
32.8,54.9,12.3,3.2,21.7,NaN,NaN,2.663,4.0,6.0,20.20,99.1,28.8
2.0,50.9,47.1,30.9,42.3,25.3,17.0,2.677,13.3,13.9,17.66,95.9,8.5
6.7,64.2,29.1,18.3,NaN,22.8,7.8,2.673,11.7,10.9,19.89,99.6,16.8
0.7,37.8,NaN,37.1,51.0,31.7,19.3,2.702,17.9,13.9,17.98,96.8,5.5
14.6,54.7,30.7,18.0,24.8,22.8,2.0,2.669,4.0,6.0,NaN,97.9,15.8
1.6,36.0,62.4,53.7,62.2,33.0,29.2,2.723,NaN,15.0,17.72,94.5,1.8
2.3,NaN,49.6,23.7,38.9,32.0,6.9,2.700,11.6,13.2,19.30,97.9,7.8
21.4,66.9,11.7,1.7,22.1,20.1,2.0,2.657,7.5,NaN,21.30,98.8,25.3
1.6,46.5,51.9,15.6,NaN,27.8,NaN,2.692,NaN,11.7,18.68,99.1,8.9
8.0,60.8,31.2,13.5,28.9,18.5,10.4,2.661,11.0,11.7,17.74,102.5,14.7
0.5,43.0,56.5,30.9,50.4,29.8,20.6,2.698,18.0,16.5,17.68,100.6,4.9
2.3,50.5,47.2,12.1,32.1,NaN,NaN,2.677,14.2,12.2,NaN,97.5,8.4
12.3,61.3,26.4,4.8,26.4,20.7,5.7,2.648,10.4,9.6,20.15,102.0,22.7
5.1,55.6,39.3,8.4,31.7,20.4,11.3,2.678,14.3,12.1,NaN,96.8,10.6
0.8,42.2,57.0,18.6,38.4,NaN,9.3,NaN,10.9,11.0,18.09,100.8,10.3
2.9,49.7,47.4,22.7,36.3,25.6,NaN,2.685,15.9,11.3,18.79,NaN,7.1
4.8,48.5,46.7,NaN,44.5,22.6,NaN,2.712,12.8,13.4,18.21,99.0,3.7
33.8,48.6,17.6,1.7,20.0,18.0,2.0,2.662,5.8,6.0,20.49,101.7,27.1
2.4,NaN,58.4,30.5,44.2,29.1,15.1,NaN,11.8,10.6,19.02,99.6,7.4
5.1,57.1,37.8,27.9,37.1,23.8,13.3,2.684,10.6,10.2,19.60,98.5,9.8
1.4,29.7,68.9,50.3,57.6,30.7,26.9,2.724,20.5,15.7,16.61,97.6,4.0
1.6,46.5,51.9,34.6,45.9,30.2,15.7,2.700,10.0,12.0,18.69,97.8,6.4
19.2,NaN,13.6,3.9,22.1,19.5,2.6,2.660,NaN,8.9,21.30,101.6,12.1
0.1,37.5,62.4,43.5,NaN,31.9,24.5,2.688,14.1,14.5,17.48,100.6,2.5
0.2,37.2,62.6,39.6,51.1,30.0,21.1,2.701,18.4,14.4,18.62,97.1,5.0
0.1,34.2,65.7,37.2,52.2,29.8,22.4,2.702,20.3,16.7,16.61,94.7,4.5
3.1,46.0,50.9,16.7,36.4,23.3,NaN,2.679,15.5,13.0,18.91,99.1,10.1
1.3,40.2,58.5,42.1,56.7,28.5,28.2,2.714,18.4,15.1,16.93,99.2,4.6
28.1,50.9,21.0,5.2,23.1,21.0,2.1,2.651,7.4,7.8,20.76,97.2,22.8
38.8,48.2,13.0,3.5,23.2,18.4,4.8,2.647,9.1,6.0,20.85,98.2,18.7
0.4,NaN,64.3,29.2,NaN,28.0,20.2,2.713,18.3,16.7,17.49,93.7,4.5
3.0,37.1,NaN,12.8,37.5,25.7,11.8,2.698,11.6,14.3,18.52,99.2,13.8
2.3,49.6,48.1,20.1,35.5,27.0,8.5,2.692,9.4,11.1,18.79,98.1,6.8
1.6,45.5,NaN,44.7,50.0,26.9,23.1,2.721,NaN,15.0,18.01,98.0,5.9
12.6,59.4,28.0,4.5,26.5,NaN,5.1,2.670,5.7,8.9,20.20,95.2,18.0
0.3,NaN,76.4,65.5,66.7,34.8,31.9,2.737,19.6,19.8,17.51,98.8,1.8
0.2,36.7,63.1,45.4,55.9,30.5,25.4,2.710,18.4,14.3,18.24,102.0,4.6
0.3,30.8,68.9,41.9,56.6,31.3,25.3,2.723,22.1,NaN,17.58,NaN,3.8
3.9,NaN,44.5,NaN,43.7,21.4,22.3,2.674,10.0,NaN,NaN,93.5,6.8
23.3,53.8,22.9,13.0,28.7,22.6,NaN,2.683,5.6,6.0,NaN,103.0,18.7
5.4,44.5,50.1,16.9,31.1,22.8,8.3,2.689,12.3,10.2,18.66,102.3,12.3
NaN,53.8,NaN,4.1,20.4,16.8,NaN,NaN,4.9,6.0,21.21,96.6,23.7
10.7,NaN,29.1,9.9,26.0,NaN,9.5,2.659,12.2,10.5,19.38,99.4,21.1
12.3,51.7,NaN,24.8,37.0,27.0,10.0,2.682,11.0,11.0,19.81,98.6,11.7
1.1,43.8,55.1,38.2,51.5,28.9,22.6,2.666,16.4,13.9,18.75,NaN,4.5
11.1,64.1,NaN,7.9,29.3,17.2,12.1,2.660,13.2,10.8,19.64,98.7,11.7
2.1,54.8,43.1,21.4,36.0,25.2,10.8,2.690,11.0,11.3,18.84,96.2,12.1
3.0,48.0,49.0,NaN,41.7,24.6,17.1,NaN,15.1,12.5,17.69,101.0,5.4
2.9,41.5,55.6,28.8,43.8,NaN,15.4,NaN,13.6,12.3,18.14,97.3,5.0
1.4,34.3,64.3,27.6,48.0,25.2,22.8,NaN,15.8,17.1,17.55,100.6,3.0
NaN,NaN,NaN,7.4,29.9,22.1,7.8,NaN,9.5,10.7,19.30,95.9,20.4
21.4,NaN,14.3,NaN,20.0,18.0,2.0,2.650,4.0,8.3,19.93,NaN,14.8
NaN,54.0,34.5,NaN,24.0,21.8,2.2,2.673,6.3,NaN,NaN,98.0,15.3
1.5,43.1,55.4,18.8,34.9,24.5,10.4,2.680,13.3,12.0,18.43,96.5,13.0
2.0,33.4,64.6,23.7,39.0,22.7,16.3,NaN,15.2,14.5,18.02,97.1,4.6
8.6,66.8,24.6,10.5,32.1,23.9,8.2,2.663,4.5,6.5,19.89,95.1,8.1
26.8,59.2,14.0,5.7,20.7,18.7,NaN,2.656,5.3,6.6,20.88,98.1,12.7
11.7,59.4,28.9,14.1,NaN,20.8,6.6,2.669,9.8,8.0,19.47,98.4,15.0
2.3,NaN,61.0,37.6,45.7,29.4,16.3,NaN,19.3,15.0,18.33,97.4,6.0
1.7,35.1,63.2,39.4,53.8,NaN,24.1,2.709,18.2,15.6,17.69,99.0,3.2
9.9,68.4,NaN,7.9,23.1,18.8,4.3,2.686,12.3,9.9,20.27,NaN,13.2
NaN,51.5,43.7,14.4,38.1,24.0,14.1,2.680,7.4,NaN,18.45,98.1,16.9
23.2,60.0,16.8,2.2,20.3,18.3,2.0,2.630,6.6,6.0,NaN,NaN,33.9
NaN,60.8,13.3,7.3,20.0,18.0,2.0,2.680,8.3,7.4,21.00,98.7,19.5
1.3,NaN,55.4,44.4,49.9,29.7,20.2,2.686,12.2,13.5,18.96,97.9,5.8
9.2,53.9,NaN,NaN,26.5,21.0,5.5,2.667,10.2,11.3,19.37,100.2,14.4
6.8,74.7,18.5,2.2,21.8,19.8,2.0,2.644,7.0,8.3,20.83,96.0,21.8
26.0,63.3,10.7,3.5,20.0,18.0,2.0,2.644,4.0,6.0,21.27,96.9,22.2
6.4,48.4,NaN,17.2,33.4,24.0,9.4,2.652,13.1,11.2,18.89,98.2,11.6
3.6,40.2,56.2,31.2,44.8,27.3,17.5,2.684,17.5,NaN,18.47,98.9,5.2
6.4,57.7,NaN,3.2,20.6,18.6,2.0,2.678,7.5,7.5,19.22,99.0,19.9
1.7,60.3,38.0,20.3,33.9,27.3,6.6,2.673,10.7,NaN,20.45,95.7,13.2
23.1,55.2,21.7,2.4,26.2,18.8,7.4,NaN,4.6,9.5,19.77,97.4,12.8
3.5,51.2,NaN,41.4,43.7,22.0,21.7,2.698,15.4,17.6,18.41,98.1,5.1
2.2,47.6,50.2,10.1,30.6,25.8,4.8,2.687,11.2,10.8,19.61,101.6,15.8
24.0,55.4,20.6,9.2,25.4,23.0,2.4,2.670,4.3,6.0,20.07,101.4,18.0
2.2,58.3,39.5,NaN,39.1,24.3,14.8,2.672,15.1,11.4,18.65,96.4,4.5
26.9,NaN,14.2,NaN,NaN,19.7,3.5,2.657,8.7,6.0,21.30,NaN,18.4
NaN,33.3,66.3,51.0,54.0,33.4,NaN,NaN,12.7,11.5,18.52,99.4,1.8
2.8,53.3,43.9,28.1,42.3,NaN,17.7,2.718,13.1,12.5,20.16,NaN,7.4
10.8,60.9,28.3,8.9,NaN,19.3,3.4,2.654,6.3,NaN,18.74,NaN,11.6
4.2,50.5,45.3,24.9,43.8,26.1,17.7,2.674,10.8,12.7,19.01,NaN,9.2
2.0,34.8,63.2,16.7,34.3,25.5,8.8,2.700,11.6,12.5,18.75,98.8,8.2
NaN,59.7,37.6,11.7,NaN,25.8,NaN,2.681,14.2,12.0,18.97,97.2,9.9
27.1,54.4,18.5,1.5,22.2,14.0,8.2,2.662,4.3,NaN,NaN,96.7,19.1
23.7,62.0,14.3,2.5,21.5,19.5,2.0,2.652,NaN,6.7,21.10,95.7,10.3
10.1,NaN,32.5,17.4,33.9,21.5,12.4,2.686,5.7,9.5,19.53,99.8,6.5
33.6,44.3,22.1,2.2,NaN,20.2,NaN,2.662,6.0,6.0,21.22,102.8,30.4
10.2,57.9,31.9,4.7,NaN,17.0,9.5,2.684,9.0,8.6,19.40,98.7,13.9
1.7,52.3,46.0,31.0,NaN,25.0,NaN,2.699,12.0,13.4,18.34,NaN,10.3
4.6,56.1,39.3,13.4,27.2,25.2,2.0,NaN,NaN,9.1,19.12,97.9,10.5
1.0,25.0,74.0,40.3,55.9,NaN,23.2,2.720,NaN,17.9,15.80,94.2,2.8
0.2,25.9,73.9,72.8,74.0,34.1,NaN,2.723,24.1,19.5,16.47,100.2,1.8
4.4,52.3,43.3,20.4,41.5,21.5,20.0,2.694,15.6,11.9,17.74,100.7,4.9
7.3,68.1,24.6,9.0,30.3,21.4,NaN,2.667,6.3,9.7,19.16,99.7,15.9
11.9,NaN,16.5,2.9,21.0,19.0,2.0,2.656,5.7,6.0,20.30,97.5,21.8
NaN,55.2,23.1,3.3,22.7,19.3,3.4,2.665,5.3,8.7,19.97,98.8,16.0
21.2,67.9,NaN,NaN,24.2,22.2,2.0,2.660,4.0,6.0,21.30,94.6,24.5
10.3,61.5,28.2,8.9,27.7,20.5,7.2,2.656,9.7,10.0,20.23,96.9,13.7
18.9,64.9,16.2,4.0,24.8,15.0,9.8,2.658,8.9,7.2,19.82,100.1,14.6
2.0,52.5,45.5,37.8,46.1,29.0,17.1,2.688,NaN,12.7,18.32,NaN,7.7
NaN,56.3,19.5,7.2,25.9,20.8,5.1,2.654,9.5,9.0,NaN,99.2,18.3
9.7,63.3,27.0,2.8,26.1,20.3,5.8,2.644,9.5,9.0,19.81,96.2,19.0
NaN,63.3,31.5,17.7,31.2,24.2,7.0,2.682,6.0,6.4,19.17,100.3,12.9
29.8,51.0,19.2,2.0,20.0,18.0,2.0,2.661,4.0,6.0,21.30,98.6,22.8
4.5,44.0,51.5,20.9,42.1,21.4,20.7,2.683,18.4,13.1,18.36,98.6,4.8
1.5,58.4,40.1,13.4,32.9,23.6,9.3,NaN,11.7,13.3,19.33,95.3,13.6
5.2,45.3,49.5,29.5,40.9,25.3,15.6,2.699,10.9,12.9,18.44,96.4,9.8
29.2,61.8,9.0,3.9,20.2,18.2,2.0,2.655,4.9,6.0,21.30,98.5,31.1
5.9,66.9,NaN,4.6,25.7,22.1,3.6,NaN,11.9,7.6,19.02,95.1,10.8
2.8,56.8,40.4,21.8,39.6,28.9,10.7,2.683,15.2,11.4,18.64,99.4,7.2
1.9,41.4,56.7,19.5,41.9,25.4,16.5,2.692,13.0,14.1,NaN,97.2,7.0
12.8,NaN,20.6,9.2,31.8,27.2,4.6,2.654,4.0,6.3,20.45,94.7,17.0
0.2,40.3,59.5,34.0,53.2,29.7,23.5,2.694,12.0,13.5,17.48,98.8,2.8
11.4,60.3,28.3,9.2,22.7,16.2,6.5,2.680,12.0,10.1,19.89,99.2,13.8
8.7,65.4,25.9,10.2,23.2,20.6,2.6,NaN,6.5,9.8,NaN,96.6,14.4
0.1,25.7,74.2,51.3,59.8,31.9,27.9,2.726,19.1,17.3,18.11,99.8,1.8
5.1,47.6,47.3,21.5,37.6,29.9,7.7,2.665,11.9,10.8,19.01,98.4,8.2
0.2,33.7,66.1,55.2,60.5,31.6,28.9,2.729,18.0,15.3,17.81,97.3,2.4
NaN,23.9,75.9,32.6,54.9,31.2,23.7,2.717,19.3,17.7,16.90,99.8,3.6
5.3,57.1,37.6,0.8,20.2,18.2,2.0,2.663,5.1,6.0,20.54,97.0,15.5
1.0,40.1,58.9,12.7,40.8,NaN,12.0,2.659,NaN,15.1,17.29,93.9,7.4
1.0,23.3,75.7,63.8,64.4,36.3,28.1,2.741,18.2,18.4,15.98,97.2,3.1
1.6,52.1,46.3,19.2,38.0,23.1,14.9,2.688,16.1,12.9,18.77,98.6,7.5
9.5,64.4,26.1,5.2,24.7,21.6,3.1,2.652,8.6,8.7,NaN,100.4,23.5
8.2,70.8,21.0,1.5,22.0,16.4,5.6,2.659,8.8,10.7,20.36,NaN,15.8
6.0,NaN,47.6,32.9,35.4,22.3,13.1,2.692,16.5,13.7,19.13,94.0,7.4
37.8,44.5,17.7,6.6,21.1,16.8,4.3,2.675,8.0,6.7,20.99,102.2,35.0
3.8,41.8,NaN,28.3,41.0,NaN,16.7,2.685,8.9,NaN,18.31,99.8,6.7
1.4,48.4,50.2,NaN,55.3,31.9,23.4,2.677,18.0,15.1,18.60,96.8,6.4
5.2,63.6,31.2,2.9,21.8,NaN,2.0,2.667,9.0,9.4,20.38,100.1,21.6
0.1,27.0,72.9,52.9,60.5,31.5,NaN,2.714,25.3,17.6,17.18,98.1,1.8
4.2,58.1,37.7,27.7,47.2,30.7,16.5,2.687,19.8,14.8,19.55,98.7,7.5
NaN,41.2,55.1,14.6,37.3,24.7,12.6,2.698,11.0,13.1,19.37,99.3,9.1
2.6,48.9,48.5,20.7,35.8,24.0,11.8,2.699,13.9,9.4,19.08,96.4,12.4
3.9,51.6,44.5,12.9,36.2,26.9,9.3,2.682,9.1,NaN,18.97,NaN,12.0
3.7,54.0,NaN,18.9,34.2,26.3,7.9,2.657,9.0,9.5,18.86,95.3,13.6
1.9,66.8,31.3,13.4,30.6,25.7,4.9,2.682,9.1,7.6,19.38,98.4,13.9
5.0,56.7,38.3,12.5,34.9,23.2,11.7,2.665,7.6,8.9,19.15,99.6,11.5
13.2,NaN,32.3,15.8,31.2,NaN,10.6,2.668,8.3,8.9,19.65,95.3,11.9
8.4,70.7,20.9,8.3,27.2,17.4,9.8,2.657,11.5,10.5,NaN,96.4,12.0
1.9,57.2,40.9,NaN,30.3,21.4,8.9,2.678,11.2,10.7,19.71,NaN,9.3
9.9,62.0,28.1,2.8,26.2,19.0,7.2,2.654,6.4,8.5,19.29,97.3,14.3
43.5,36.2,20.3,7.6,23.7,21.7,2.0,2.672,7.9,9.3,20.18,99.4,21.5
4.5,64.3,31.2,16.0,30.7,21.8,8.9,2.666,8.4,9.0,20.92,97.2,13.3
27.8,52.6,19.6,6.1,21.8,19.8,2.0,2.668,4.0,6.0,21.30,99.7,21.9
17.4,62.9,19.7,2.2,20.0,16.6,3.4,2.665,4.2,NaN,21.09,100.8,12.3
5.1,58.7,36.2,11.1,29.0,21.9,7.1,2.674,15.0,11.8,18.88,103.0,12.5
7.1,57.2,35.7,20.2,31.6,22.9,8.7,2.685,6.7,NaN,19.47,99.2,11.2
0.1,23.4,NaN,43.0,57.8,NaN,27.8,2.748,NaN,16.8,17.14,96.7,2.9
3.5,NaN,46.5,11.8,36.8,20.8,16.0,2.672,16.5,11.2,19.00,101.7,10.6
6.9,51.9,41.2,30.2,37.1,25.7,11.4,2.720,12.5,10.4,18.27,94.1,10.5
NaN,36.2,62.2,56.8,62.6,NaN,29.1,2.718,13.4,16.5,17.27,97.9,2.0
10.6,67.9,NaN,8.0,20.4,18.4,2.0,2.661,8.3,9.1,20.63,98.6,14.0
0.2,28.0,71.8,22.3,44.4,28.6,15.8,2.683,17.1,16.6,17.13,99.7,4.7
5.3,64.0,30.7,21.5,39.9,28.9,11.0,2.675,12.1,11.0,20.30,95.2,11.1
3.5,NaN,45.1,34.0,45.6,26.8,18.8,2.676,12.1,12.8,NaN,97.4,5.3
6.8,51.7,41.5,23.5,43.1,26.0,17.1,2.706,15.2,14.0,18.62,100.9,7.3
2.2,42.2,55.6,39.5,50.1,36.4,13.7,2.674,12.1,12.2,18.65,100.1,7.4
NaN,55.0,18.2,1.0,20.0,18.0,NaN,2.650,4.0,7.8,20.24,101.2,16.7
5.0,73.7,21.3,8.3,20.9,18.9,2.0,2.645,NaN,8.6,19.77,96.5,11.6
6.6,NaN,NaN,10.2,29.6,25.3,4.3,2.667,10.6,8.8,20.47,96.0,7.0
0.1,26.3,73.6,41.9,58.7,35.0,23.7,2.740,18.8,15.3,17.64,98.5,1.9
0.1,31.3,68.6,41.9,59.2,31.0,28.2,2.688,NaN,16.3,17.03,97.0,1.8
3.6,51.6,44.8,23.0,33.4,22.7,10.7,2.678,16.0,10.3,19.28,100.9,4.9
6.8,68.2,25.0,4.5,28.7,19.0,NaN,2.659,5.6,8.0,19.80,98.1,13.5
2.7,48.8,48.5,32.6,NaN,24.2,19.0,2.673,9.4,13.1,17.77,98.4,6.7
6.7,53.5,39.8,16.9,29.0,24.7,4.3,2.663,9.2,9.8,19.09,NaN,5.8
NaN,49.6,45.3,21.7,38.3,28.2,10.1,2.698,9.1,9.5,19.49,97.9,12.8
12.6,NaN,28.1,NaN,26.2,23.5,NaN,2.676,5.7,NaN,20.38,100.1,13.2
35.6,48.4,16.0,3.0,23.6,21.6,2.0,2.655,7.7,6.0,21.20,98.6,13.7
3.7,43.0,53.3,24.7,42.2,25.4,16.8,2.711,13.9,NaN,18.03,100.5,10.2
28.2,53.9,17.9,2.7,20.0,18.0,2.0,2.641,8.2,6.0,20.68,NaN,19.9
9.8,61.6,28.6,10.8,29.1,24.9,4.2,2.674,9.5,10.4,19.71,98.5,13.0
3.5,NaN,53.2,21.8,38.1,27.4,10.7,2.714,16.8,12.1,18.52,98.4,7.9
33.1,47.9,19.0,6.5,20.0,18.0,2.0,2.662,4.0,6.4,21.13,96.5,8.8
40.8,47.3,11.9,2.7,20.0,NaN,2.0,2.663,4.1,6.0,21.18,97.8,15.5
8.1,68.9,23.0,11.1,31.4,22.6,8.8,2.664,7.4,7.5,20.11,96.5,11.1
1.1,36.5,62.4,34.9,47.3,30.0,17.3,2.734,15.5,15.1,18.32,97.1,4.9
28.3,62.2,9.5,3.4,20.0,18.0,2.0,2.630,8.5,6.0,20.46,96.1,26.0
0.5,42.0,57.5,27.9,44.6,32.3,12.3,2.673,15.9,NaN,18.24,NaN,5.0
33.4,51.1,15.5,4.6,23.8,21.1,2.7,2.672,4.8,6.0,21.15,98.4,27.6
2.6,45.1,52.3,25.1,38.7,25.7,13.0,2.721,12.2,11.3,17.84,NaN,6.4
2.7,36.4,NaN,18.9,42.8,23.2,19.6,2.680,NaN,15.9,17.59,98.4,8.9
26.8,61.6,11.6,0.4,20.0,18.0,2.0,2.661,4.0,6.6,21.30,99.0,16.2
7.7,68.8,NaN,11.3,26.4,21.6,4.8,2.675,7.0,8.7,19.24,99.1,13.0
8.1,64.5,27.4,9.6,30.1,21.2,8.9,2.665,6.3,9.0,19.89,96.5,17.7
1.7,56.0,42.3,12.9,29.5,26.9,2.6,2.684,9.1,8.8,20.20,98.5,13.8
NaN,62.9,NaN,0.8,20.0,18.0,2.0,2.645,9.4,8.1,21.29,98.3,14.8
3.9,58.1,NaN,NaN,34.9,NaN,8.5,2.671,15.6,NaN,NaN,96.9,10.0
3.3,44.1,52.6,NaN,40.6,23.8,16.8,NaN,13.2,NaN,18.88,95.2,5.9
5.4,55.7,38.9,27.1,37.8,22.8,15.0,2.694,9.3,9.4,19.00,100.5,12.1
4.3,69.0,26.7,7.0,27.0,18.6,8.4,NaN,6.0,9.0,20.43,97.8,7.7
1.5,63.7,34.8,26.6,37.5,23.8,13.7,2.682,9.1,9.9,19.17,96.8,11.4
27.5,56.6,15.9,5.6,20.2,18.2,2.0,2.649,5.1,6.0,21.30,98.8,34.8
44.2,44.0,NaN,5.2,20.4,NaN,2.0,2.645,NaN,6.0,21.30,NaN,28.3
1.9,51.6,46.5,22.7,42.1,25.9,16.2,2.704,14.5,13.3,17.97,96.7,7.4
NaN,51.5,22.5,12.2,29.5,20.6,8.9,2.666,8.6,9.3,20.28,94.6,15.3
4.8,63.0,32.2,13.1,29.1,23.9,5.2,2.635,7.1,NaN,NaN,98.1,10.1
3.1,61.5,35.4,NaN,31.6,26.5,5.1,2.673,11.4,8.3,20.24,100.3,14.2
3.2,48.1,48.7,24.9,35.3,23.9,NaN,2.683,NaN,13.6,18.61,95.5,5.8
1.3,42.2,56.5,41.8,51.2,28.5,22.7,2.720,17.3,14.2,17.87,99.4,5.0
29.2,NaN,17.9,6.2,21.1,16.6,4.5,2.672,5.5,8.5,20.89,97.8,28.7
7.7,65.0,27.3,6.6,24.5,19.6,4.9,2.663,10.7,11.3,19.62,98.7,18.1
3.9,56.3,39.8,6.4,26.5,NaN,7.3,2.693,4.3,7.9,18.98,NaN,13.4
36.2,52.7,11.1,0.9,20.0,18.0,2.0,2.647,5.8,6.2,21.14,97.3,27.1
2.2,52.3,45.5,26.2,36.9,25.6,11.3,2.707,13.9,11.6,18.40,100.0,8.1
0.7,NaN,54.2,44.0,54.4,25.9,28.5,2.711,16.3,17.3,17.73,99.1,4.9
3.9,71.4,24.7,13.2,27.8,24.1,3.7,2.651,8.8,9.2,20.84,95.8,14.3
10.8,61.3,27.9,20.1,34.8,24.6,10.2,2.663,9.3,9.9,19.81,98.4,14.1
1.6,NaN,63.5,36.0,49.3,26.2,23.1,2.721,15.5,15.4,17.64,100.5,2.4
1.8,42.9,55.3,26.7,41.4,25.0,16.4,2.697,14.9,14.5,18.19,99.3,6.6
1.3,37.5,NaN,44.2,50.9,27.9,23.0,2.711,15.6,14.6,18.13,93.6,3.7
23.3,58.6,18.1,0.6,21.9,18.2,3.7,2.638,NaN,9.1,21.30,102.2,25.4
NaN,61.3,26.4,2.9,22.3,20.3,2.0,2.663,5.9,8.4,20.69,99.6,19.3
3.5,NaN,38.8,18.5,30.0,NaN,9.5,2.680,6.2,10.2,19.10,98.6,8.1
19.8,63.1,NaN,5.4,20.0,17.1,2.9,2.650,5.8,8.0,20.91,98.5,15.8
1.9,43.3,54.8,38.7,NaN,32.4,13.6,2.723,12.1,10.9,17.90,97.1,4.8
29.7,53.6,16.7,1.4,20.0,18.0,2.0,2.650,5.6,6.0,20.95,93.8,30.5
0.3,25.0,74.7,57.4,60.7,32.6,28.1,2.727,23.6,20.1,17.75,96.2,2.6
NaN,67.4,11.3,6.1,20.0,NaN,2.0,2.647,4.0,6.0,21.10,99.1,29.6
9.5,70.6,19.9,9.9,NaN,21.7,5.3,2.647,4.0,NaN,20.01,99.1,18.0
0.5,30.5,69.0,NaN,55.1,28.8,NaN,2.710,15.4,15.7,NaN,97.4,3.5
NaN,53.1,44.4,30.2,44.5,30.8,13.7,2.674,11.6,12.5,18.89,100.5,8.3
33.8,45.3,20.9,3.6,22.4,NaN,NaN,2.650,9.6,7.4,20.31,NaN,13.3
30.6,53.2,16.2,NaN,23.6,21.6,2.0,2.666,8.7,6.0,20.46,100.7,20.2
9.1,60.7,30.2,8.6,28.3,24.7,3.6,2.655,4.0,8.9,20.46,98.3,12.2
0.4,37.3,62.3,52.1,57.1,26.1,31.0,2.729,16.9,17.5,17.09,NaN,1.9
7.2,63.2,29.6,17.2,28.2,21.4,6.8,2.681,4.9,7.0,20.47,100.0,17.7
33.4,50.1,16.5,7.3,22.2,18.9,NaN,2.650,7.3,6.0,21.19,97.1,20.2
3.6,56.1,40.3,15.9,35.9,26.7,9.2,2.696,10.2,9.6,19.42,102.3,10.0
22.1,62.3,NaN,6.8,20.9,18.5,NaN,NaN,4.5,NaN,20.63,99.0,15.1
6.8,67.2,26.0,10.3,21.1,NaN,2.0,2.682,8.9,7.3,20.46,100.6,8.7
NaN,NaN,28.0,5.0,24.5,22.3,2.2,2.673,7.6,9.5,20.01,95.3,16.1
0.3,37.0,62.7,44.3,61.7,33.8,27.9,2.714,12.7,12.7,17.74,97.6,6.5
4.2,50.6,45.2,NaN,NaN,NaN,24.2,2.688,13.8,11.2,18.42,96.9,7.1
2.9,43.9,53.2,24.8,39.6,30.0,9.6,2.692,7.1,12.8,18.00,99.1,7.1
4.5,50.8,44.7,26.8,39.7,28.4,11.3,2.692,7.3,12.8,18.39,99.4,9.0
2.7,47.9,49.4,42.4,44.8,30.1,NaN,2.689,12.5,12.5,18.73,100.4,8.5
9.8,52.5,37.7,15.1,26.9,24.7,2.2,2.686,7.8,9.6,19.13,100.5,10.9
11.9,52.8,35.3,NaN,38.6,23.4,15.2,2.698,4.9,8.6,20.30,100.5,10.0
4.0,48.9,47.1,10.8,30.2,21.4,NaN,2.685,12.6,12.4,19.04,99.3,6.1
NaN,45.3,NaN,39.8,45.7,27.9,17.8,NaN,17.0,13.0,18.73,97.0,4.1
1.2,52.4,46.4,12.1,32.1,29.6,2.5,2.677,NaN,9.4,20.03,NaN,12.3
0.1,42.6,57.3,49.0,56.3,29.6,26.7,2.708,17.3,12.8,18.17,95.8,4.0
8.3,74.3,17.4,8.5,25.5,18.0,7.5,2.665,5.5,NaN,19.77,98.2,9.5
20.3,70.8,8.9,1.0,20.0,18.0,2.0,2.655,4.7,6.0,21.30,97.7,31.4
6.2,71.0,22.8,2.2,30.4,24.6,5.8,2.648,9.2,7.3,19.83,98.4,12.1
6.1,58.8,35.1,11.5,26.1,20.2,5.9,2.677,5.1,11.1,19.15,100.1,6.2
34.2,44.4,21.4,3.2,22.1,20.1,2.0,2.662,4.0,6.0,21.24,101.2,28.0
5.2,62.9,31.9,4.3,NaN,25.0,3.3,2.672,8.7,7.7,19.47,99.2,18.8
0.3,33.7,66.0,44.8,57.5,36.4,21.1,2.706,17.2,15.4,18.14,98.3,4.9
1.8,54.2,44.0,31.3,38.3,23.6,14.7,2.706,10.2,11.3,18.50,NaN,7.6
0.2,34.0,NaN,33.7,50.8,NaN,20.5,2.707,NaN,15.9,17.03,95.6,4.2
0.2,32.5,67.3,48.5,51.7,29.8,21.9,2.713,20.1,16.9,NaN,93.7,5.4
1.2,30.9,67.9,41.4,54.4,28.7,NaN,2.706,NaN,17.4,NaN,100.3,5.0
0.4,29.3,70.3,61.4,62.3,31.7,30.6,2.725,18.1,17.9,17.43,96.6,3.4
NaN,62.9,29.6,7.6,NaN,20.2,6.5,2.656,4.6,7.5,19.62,98.9,10.6
13.6,54.1,32.3,22.7,31.8,22.7,9.1,2.684,12.4,10.6,19.97,98.8,19.7
1.6,32.6,65.8,59.8,62.4,34.1,28.3,2.707,22.6,15.7,16.25,100.1,1.8
4.9,46.0,49.1,17.9,32.3,24.1,8.2,2.691,13.1,NaN,NaN,98.1,7.9
6.9,65.9,27.2,10.0,25.1,22.2,2.9,2.669,6.2,7.4,20.76,97.0,17.4
1.4,51.3,NaN,29.6,NaN,25.7,13.0,2.685,11.3,12.0,19.13,97.9,8.7
6.4,69.6,24.0,2.8,28.1,25.9,2.2,2.653,11.6,8.4,20.13,101.8,18.4
5.1,64.0,30.9,12.3,26.8,21.5,5.3,2.661,8.8,NaN,NaN,100.1,18.0
4.7,56.6,NaN,24.1,41.2,23.4,17.8,2.693,18.2,12.3,19.38,96.4,7.5
1.7,57.9,NaN,26.7,44.1,24.7,19.4,NaN,11.2,11.2,18.08,97.0,10.8
29.0,58.8,12.2,0.2,20.0,17.0,3.0,2.636,5.4,6.0,21.30,99.5,22.5
4.2,42.8,53.0,34.6,NaN,26.4,19.4,2.672,10.1,10.5,17.61,99.5,6.0
19.1,64.6,16.3,1.6,NaN,20.5,2.0,2.670,4.0,6.6,21.30,98.5,19.7
27.9,51.4,20.7,6.0,NaN,17.4,9.8,2.651,11.8,8.8,20.67,100.4,12.0
7.4,70.4,22.2,NaN,22.7,20.7,2.0,2.656,5.7,7.3,NaN,93.6,21.6
2.7,42.5,NaN,21.0,40.2,28.2,NaN,2.705,12.6,15.1,18.63,96.8,7.1
6.6,60.5,32.9,5.1,25.2,23.2,2.0,2.671,8.9,10.1,20.15,99.3,9.4
1.2,53.5,45.3,26.0,40.2,NaN,15.6,2.686,17.5,11.6,18.80,97.6,8.0
11.9,64.1,24.0,8.2,27.8,NaN,6.9,2.663,8.2,9.9,19.60,99.1,11.5
0.1,42.9,57.0,16.8,NaN,29.0,NaN,2.674,12.8,NaN,18.75,98.9,7.2
NaN,66.6,23.7,13.3,29.1,23.9,NaN,2.671,6.9,6.2,20.64,102.1,20.1
0.1,41.6,58.3,19.1,36.2,27.4,8.8,2.690,11.4,10.8,18.72,97.2,9.1
12.3,65.6,22.1,1.6,20.0,18.0,2.0,2.653,10.7,8.5,20.42,NaN,16.7
30.0,NaN,22.8,3.4,20.0,15.9,4.1,NaN,5.3,6.7,20.83,97.9,23.6
16.9,52.2,30.9,NaN,NaN,23.6,11.5,2.687,9.8,10.8,20.04,97.1,8.8
7.1,57.9,35.0,NaN,26.4,23.0,3.4,NaN,13.0,11.5,19.98,101.4,11.0
11.3,58.1,30.6,19.5,36.7,24.2,12.5,2.676,11.6,10.4,19.38,96.1,11.9
4.5,48.6,46.9,13.1,35.6,25.6,10.0,2.683,9.6,12.1,19.14,98.6,8.1
42.5,46.0,11.5,5.0,20.0,17.0,3.0,2.656,4.0,6.0,21.30,NaN,20.4
35.5,43.9,20.6,NaN,23.5,17.3,6.2,2.680,7.6,6.8,NaN,NaN,25.9
4.1,68.1,NaN,11.8,23.1,21.1,2.0,NaN,6.4,8.1,21.12,100.3,15.3
0.8,36.8,62.4,30.9,NaN,30.1,21.9,2.715,16.8,NaN,17.79,97.4,3.2
9.3,NaN,37.8,7.2,29.1,22.1,7.0,NaN,12.0,10.1,19.42,101.6,15.9
NaN,53.4,42.3,36.1,45.8,29.8,16.0,2.692,13.6,12.6,18.64,100.2,8.9
2.0,41.0,57.0,41.1,48.8,NaN,NaN,2.722,11.6,14.0,18.22,100.7,4.7
0.6,28.3,71.1,37.5,51.0,28.8,22.2,2.716,20.8,17.6,17.44,96.0,4.5
8.5,60.8,30.7,10.8,28.6,22.4,6.2,2.673,8.7,10.7,21.26,94.9,18.6
5.4,69.3,25.3,NaN,21.1,18.3,2.8,2.637,6.9,9.1,19.90,98.9,12.7
1.0,33.7,65.3,42.1,51.3,31.3,NaN,2.711,8.2,12.2,17.97,101.6,4.1
5.6,65.7,28.7,9.0,27.1,NaN,NaN,2.676,NaN,8.5,18.65,99.7,8.7
7.6,66.4,26.0,4.2,28.2,20.8,7.4,2.667,12.0,10.8,19.49,NaN,10.0
2.1,49.5,NaN,16.4,33.8,NaN,7.3,2.705,8.5,10.1,19.39,98.3,14.6
30.5,54.7,14.8,2.4,20.0,18.0,2.0,NaN,4.5,6.4,21.30,103.0,22.2
1.8,40.1,58.1,NaN,NaN,29.0,23.5,2.679,NaN,16.1,18.58,100.6,9.4
7.6,57.1,35.3,NaN,36.8,21.4,15.4,2.696,NaN,10.1,18.48,101.1,7.1
1.6,43.4,55.0,29.0,44.6,25.1,19.5,2.715,13.2,14.7,17.61,97.5,6.0
21.3,63.0,15.7,2.9,20.0,18.0,2.0,2.659,6.5,7.7,20.90,98.4,26.6
23.9,57.6,NaN,1.8,20.0,18.0,2.0,2.658,8.1,7.8,21.07,96.6,13.6
10.5,71.0,NaN,1.4,NaN,19.4,2.0,2.655,8.1,6.0,21.20,98.5,23.9
31.9,45.1,23.0,0.7,20.0,NaN,2.0,2.659,4.6,7.5,NaN,97.2,16.2
5.3,47.5,47.2,27.8,42.6,29.3,13.3,2.695,12.0,12.0,18.79,97.0,8.2
1.2,49.4,49.4,37.0,46.9,31.4,15.5,2.676,11.4,11.5,18.51,97.2,5.5
NaN,53.3,44.1,25.7,38.5,25.6,12.9,2.681,16.4,NaN,NaN,99.7,14.3
NaN,49.7,46.5,39.1,41.8,27.0,14.8,2.689,10.0,11.9,19.82,94.3,7.2
7.9,58.8,33.3,7.6,29.8,21.7,8.1,2.679,9.3,9.8,19.48,99.6,11.4
NaN,60.2,29.2,5.2,NaN,22.4,5.9,2.671,6.5,NaN,19.46,NaN,15.1
9.9,60.0,30.1,7.9,23.3,17.2,6.1,2.656,8.2,7.0,20.31,100.1,19.2
4.5,65.9,29.6,9.3,26.7,19.2,7.5,2.662,9.6,9.0,NaN,NaN,6.0
31.3,46.7,22.0,10.7,20.0,18.0,2.0,2.651,7.1,6.0,20.68,99.8,16.1
0.6,44.1,55.3,NaN,45.6,30.8,NaN,2.683,12.5,11.0,18.63,98.0,6.9
10.9,60.4,28.7,1.5,25.2,21.6,3.6,2.660,7.0,6.6,19.67,NaN,16.9
5.7,78.3,16.0,10.1,31.8,21.0,10.8,2.648,4.3,6.8,20.19,98.0,17.5
NaN,62.5,14.2,3.3,21.3,19.3,2.0,2.642,4.0,7.2,NaN,99.6,27.9
12.3,59.6,NaN,8.6,25.5,19.3,6.2,NaN,5.5,NaN,19.25,99.1,11.9
31.4,55.6,13.0,2.6,20.0,18.0,2.0,2.664,4.0,6.0,21.27,98.6,26.6
33.7,43.4,22.9,3.6,20.0,18.0,2.0,2.670,6.8,6.0,21.30,100.9,26.6
8.2,NaN,NaN,2.9,25.3,23.3,2.0,2.642,4.8,8.6,NaN,96.0,17.2
42.7,45.3,12.0,2.1,20.0,NaN,2.0,2.645,4.0,6.0,21.30,98.8,26.7
14.6,NaN,19.9,3.6,NaN,20.0,5.7,2.669,4.4,6.9,19.46,96.8,17.3
16.4,60.9,22.7,6.0,NaN,19.3,9.6,2.679,6.2,6.0,19.65,NaN,19.0
7.3,66.0,26.7,17.9,NaN,22.1,6.1,2.662,8.4,NaN,19.81,99.6,16.6
16.8,53.2,30.0,14.0,29.3,22.7,6.6,2.665,8.4,9.7,19.09,100.7,12.3
0.9,36.1,63.0,41.2,51.1,30.2,NaN,2.721,20.0,NaN,16.99,94.2,3.4
3.8,51.1,45.1,41.4,49.8,29.1,20.7,2.703,13.8,12.3,19.43,101.1,4.9
NaN,65.0,10.4,2.1,20.0,17.7,2.3,2.664,4.0,6.4,21.30,93.1,13.7
31.5,52.2,16.3,3.3,21.1,19.1,2.0,2.657,4.0,6.0,21.30,99.8,31.8
3.6,45.2,51.2,15.4,NaN,27.8,11.1,2.691,13.6,11.5,18.62,101.2,10.9
8.1,NaN,24.3,8.9,30.0,21.9,8.1,2.696,8.2,8.4,19.00,99.9,15.2
4.5,45.8,49.7,32.5,43.3,26.9,16.4,2.696,12.0,12.1,18.97,96.3,10.3
8.2,54.7,NaN,17.0,29.3,20.7,8.6,2.692,5.2,8.4,19.84,97.5,13.3
2.1,41.2,56.7,24.5,43.2,27.7,NaN,2.709,12.2,11.4,17.69,98.0,7.0
1.8,45.1,53.1,26.4,44.6,29.4,NaN,2.690,15.3,13.2,18.05,99.3,7.4
11.2,70.0,18.8,6.9,25.0,14.9,10.1,2.652,6.4,NaN,NaN,100.1,18.1
5.6,54.6,39.8,NaN,34.1,27.8,6.3,2.692,17.0,8.2,NaN,97.5,7.7
13.4,59.0,27.6,21.7,NaN,21.6,7.2,2.652,9.5,8.1,19.62,98.8,21.8
14.9,58.3,26.8,9.3,NaN,21.4,NaN,2.661,8.4,9.4,19.81,99.8,18.3
0.3,30.6,69.1,NaN,67.9,33.8,NaN,2.722,20.1,18.3,16.96,95.9,2.8
0.3,37.8,61.9,57.4,65.5,34.5,31.0,NaN,19.0,16.0,17.29,98.0,1.9
2.0,35.0,63.0,24.6,38.0,NaN,17.1,2.726,13.1,14.8,16.62,100.1,8.2
34.4,54.8,10.8,0.9,20.0,18.0,2.0,2.639,4.0,6.0,21.30,100.6,31.4
1.0,42.3,56.7,23.4,46.4,28.7,17.7,2.706,15.6,14.5,18.05,99.2,7.4
NaN,48.1,50.6,NaN,41.5,27.6,13.9,2.683,8.4,9.9,17.85,NaN,6.4
29.4,60.5,10.1,0.5,NaN,18.0,2.0,2.656,NaN,6.0,21.30,98.5,23.2
0.6,22.7,76.7,21.6,NaN,28.3,14.2,2.703,11.6,13.0,17.19,96.6,4.5
3.0,49.7,47.3,34.8,42.3,22.8,19.5,2.701,11.2,12.9,NaN,94.9,6.1
0.9,30.1,NaN,38.9,54.5,30.8,23.7,2.721,18.6,16.3,17.48,96.3,2.7
3.7,49.7,46.6,17.3,40.6,NaN,13.0,2.689,13.0,10.7,18.16,98.2,8.4
NaN,61.5,34.2,10.9,30.7,25.8,4.9,NaN,11.8,11.2,20.49,97.5,15.5
5.2,48.0,NaN,32.0,41.1,24.1,NaN,2.692,12.0,11.8,18.10,94.9,7.0
13.4,62.8,23.8,7.3,26.1,22.4,3.7,2.654,6.9,7.7,19.76,99.0,16.4
7.4,68.3,24.3,16.6,34.8,22.6,12.2,2.651,7.8,8.7,19.69,97.4,9.1
5.3,67.6,27.1,3.0,24.3,22.3,2.0,2.651,4.0,6.0,20.80,101.5,17.3
2.9,51.8,45.3,19.7,NaN,23.4,11.2,2.680,9.2,9.7,18.94,95.6,7.9
3.9,53.2,42.9,12.3,32.7,23.1,9.6,2.683,NaN,10.1,18.18,98.5,8.4
6.5,70.3,23.2,5.5,24.2,20.1,4.1,2.662,9.1,10.3,20.48,NaN,9.2
6.6,56.8,36.6,12.1,29.4,25.3,NaN,2.674,12.1,11.8,19.48,97.9,14.8
6.0,75.5,18.5,5.7,26.1,23.7,2.4,2.646,6.6,6.0,20.68,101.3,19.1
34.2,42.9,22.9,NaN,20.0,18.0,2.0,NaN,6.7,6.0,21.02,100.6,26.0
6.0,49.9,44.1,16.2,36.3,21.3,15.0,2.680,10.0,13.4,18.90,97.5,8.2
6.5,57.3,36.2,22.3,NaN,NaN,12.6,2.672,9.8,10.8,19.06,99.2,10.9
2.0,49.7,48.3,16.0,39.3,25.9,13.4,2.671,11.8,9.0,19.22,96.7,7.6
1.3,44.5,NaN,37.6,43.3,27.4,15.9,2.721,18.2,14.2,NaN,97.2,6.3
14.3,55.0,30.7,20.2,26.0,23.5,2.5,2.670,NaN,11.5,20.11,97.8,23.6
11.5,NaN,18.1,7.7,24.8,19.2,5.6,NaN,5.1,6.4,20.26,97.4,16.5
9.1,59.2,31.7,2.1,25.6,20.8,4.8,2.665,NaN,8.9,19.96,NaN,12.4
17.0,66.8,16.2,5.0,NaN,17.8,2.2,2.639,9.4,6.0,20.09,95.4,11.7
38.9,38.7,22.4,8.0,24.8,17.7,7.1,2.644,4.9,6.9,21.19,99.9,19.1
4.8,62.4,NaN,16.1,33.2,25.8,7.4,2.672,9.6,9.1,19.26,99.0,10.0
10.9,62.7,26.4,5.1,30.7,25.1,5.6,2.666,9.4,8.5,20.41,95.8,18.7
12.4,52.2,35.4,9.0,31.4,26.8,4.6,2.663,12.7,11.4,NaN,98.7,16.8
7.3,NaN,20.6,7.1,23.2,17.9,5.3,2.654,10.0,NaN,20.81,96.3,19.9
23.1,NaN,21.0,2.0,20.9,18.9,2.0,NaN,4.0,7.1,20.72,98.8,28.2
3.9,58.3,37.8,32.9,37.9,26.1,11.8,2.719,11.5,8.4,19.40,97.1,8.4
44.6,39.7,15.7,2.9,20.7,18.7,2.0,2.658,4.8,6.0,20.67,101.2,17.5
0.6,35.3,64.1,60.5,61.7,31.6,30.1,2.711,19.5,17.1,16.94,96.5,3.5
0.1,31.4,68.5,53.9,63.4,33.0,30.4,NaN,19.2,17.9,17.55,98.4,5.1
6.3,57.9,35.8,10.7,30.6,28.6,2.0,2.661,7.5,9.7,19.22,98.3,17.3
25.2,NaN,13.7,1.5,20.0,18.0,NaN,2.668,4.0,6.0,NaN,101.4,27.7
11.7,59.8,28.5,6.4,NaN,19.9,6.2,2.677,8.5,8.2,19.54,96.7,20.9
6.8,65.1,NaN,9.8,NaN,24.2,2.0,2.678,10.1,7.4,NaN,99.8,15.1
33.2,50.8,16.0,3.1,20.0,18.0,2.0,2.668,NaN,6.0,20.28,100.3,22.7
2.4,56.1,41.5,30.4,41.7,25.3,16.4,2.706,11.5,11.5,19.02,95.0,9.1
9.1,69.2,21.7,8.5,22.7,NaN,2.0,2.645,8.4,9.3,20.67,97.0,20.0
NaN,52.1,16.8,4.1,20.0,18.0,2.0,2.644,4.0,6.0,21.00,97.1,14.8
13.4,60.0,26.6,10.9,28.4,22.4,6.0,2.691,9.6,10.7,20.55,98.6,9.3
30.0,53.8,16.2,8.0,24.2,17.2,7.0,2.650,4.0,7.5,20.60,98.1,15.6
3.2,49.9,46.9,24.5,36.3,26.0,10.3,2.705,19.8,12.8,NaN,96.4,3.9
0.0,33.1,66.9,58.0,65.7,32.9,NaN,2.728,NaN,17.8,16.99,97.7,2.1
2.1,41.4,56.5,NaN,NaN,22.6,14.5,2.710,12.9,13.1,17.89,99.4,9.4
0.1,NaN,59.7,NaN,44.9,24.9,20.0,2.714,12.9,16.5,17.97,97.0,4.0
5.7,49.4,44.9,17.3,35.4,NaN,9.1,2.677,11.5,12.1,NaN,98.9,8.5
24.5,53.5,22.0,5.7,20.1,18.1,2.0,2.642,4.0,6.0,21.30,95.3,12.7
8.1,69.3,NaN,13.0,29.2,21.1,8.1,2.659,6.1,9.2,20.70,94.8,15.3
11.1,68.9,20.0,NaN,22.4,18.2,4.2,2.664,8.2,8.7,20.88,98.2,22.0
19.3,60.1,20.6,10.8,25.4,23.4,2.0,2.681,NaN,6.0,19.77,NaN,22.4
34.6,45.8,19.6,3.7,21.1,19.1,2.0,NaN,5.7,7.7,20.40,95.9,23.9
20.5,63.5,16.0,7.8,27.1,23.5,NaN,2.659,NaN,8.0,20.38,99.2,23.1
19.4,65.3,15.3,0.7,20.0,18.0,2.0,2.645,5.8,6.2,20.99,95.5,15.0
25.2,59.7,15.1,3.8,25.6,23.6,2.0,2.674,4.0,6.0,19.81,97.8,18.6
0.1,34.8,NaN,64.2,62.1,32.7,29.4,2.744,20.9,18.2,17.01,NaN,2.7
1.9,52.8,45.3,37.9,42.0,29.0,13.0,2.687,10.9,NaN,18.74,94.9,8.7
32.1,54.4,13.5,4.3,20.0,17.9,2.1,2.654,4.0,6.4,21.01,97.9,13.7
6.0,43.4,50.6,10.1,25.0,21.9,3.1,2.688,13.5,11.8,19.01,98.7,9.1
1.9,44.8,NaN,43.4,NaN,29.2,20.6,2.710,15.6,NaN,18.41,98.2,8.0
10.9,60.8,28.3,9.3,22.1,20.1,2.0,2.661,9.4,8.3,20.44,99.5,16.6
36.5,47.8,15.7,NaN,26.0,21.5,4.5,2.659,4.8,NaN,21.30,97.1,23.2
9.1,NaN,30.0,20.7,30.6,17.5,13.1,2.671,9.8,8.9,19.75,100.3,10.9
9.9,56.0,34.1,5.7,26.1,24.1,2.0,2.664,7.1,7.6,20.27,102.3,20.0
0.4,33.3,66.3,32.7,50.6,28.4,22.2,2.691,17.7,18.3,NaN,99.8,4.1
15.2,68.2,16.6,3.5,20.0,18.0,2.0,2.654,4.0,6.0,21.05,96.0,15.6
2.6,46.8,50.6,21.2,38.5,23.3,15.2,2.696,16.6,13.6,18.15,96.5,13.1
17.2,64.2,18.6,4.3,25.6,19.5,6.1,2.671,4.2,6.1,21.05,NaN,18.6
1.0,40.9,58.1,26.1,42.5,24.8,17.7,2.676,13.3,12.3,19.09,98.7,7.1
NaN,57.1,13.5,8.4,21.7,NaN,2.0,2.659,NaN,6.7,20.34,100.3,24.6
3.4,NaN,33.5,NaN,45.0,29.6,15.4,2.682,12.3,NaN,19.00,100.2,9.7
0.8,40.0,59.2,22.3,40.4,22.4,18.0,2.723,14.2,14.4,17.66,97.3,6.6
NaN,66.1,26.3,4.8,25.4,23.4,2.0,2.670,8.5,6.4,20.80,98.3,19.4
0.3,NaN,72.5,NaN,66.4,36.4,30.0,2.717,16.7,13.3,17.11,NaN,3.2
2.3,67.4,30.3,23.1,35.8,19.8,16.0,2.691,NaN,11.0,19.35,96.8,10.3
4.0,NaN,58.8,32.1,43.3,28.4,14.9,2.711,15.7,17.0,17.99,96.8,8.1
0.3,31.3,68.4,47.0,58.5,NaN,27.7,2.729,20.5,17.0,16.27,95.2,1.8
11.7,56.1,32.2,11.4,27.8,19.1,8.7,2.668,10.1,10.1,20.04,98.3,19.5
32.9,56.0,11.1,0.8,20.0,16.9,3.1,2.651,6.3,6.0,21.30,100.1,29.9
2.1,40.8,57.1,NaN,29.2,23.8,5.4,2.693,15.0,13.6,18.89,98.2,9.6
0.7,27.2,72.1,59.2,65.1,32.9,32.2,2.737,20.4,15.8,16.74,98.1,4.0
0.1,29.7,70.2,26.1,42.9,27.9,NaN,2.719,16.8,16.6,17.07,98.8,6.5
8.6,58.8,32.6,3.7,25.6,21.8,3.8,2.654,7.6,6.2,19.40,102.0,12.3
2.7,36.0,61.3,43.3,48.3,28.5,19.8,2.730,9.9,15.1,17.03,98.7,4.8
2.7,43.9,53.4,35.6,43.8,27.2,16.6,NaN,18.9,15.1,18.63,94.6,4.2
2.6,40.4,57.0,22.5,36.8,23.3,13.5,2.676,12.8,11.0,19.33,101.3,6.7
0.5,32.5,67.0,40.2,52.1,30.8,21.3,2.699,18.6,NaN,17.68,98.8,4.2
25.5,63.9,NaN,2.0,20.0,18.0,2.0,2.654,7.8,6.7,21.30,NaN,26.6
0.5,36.4,63.1,32.6,47.0,27.1,19.9,2.701,18.2,14.7,18.96,98.3,5.9
0.9,35.5,63.6,43.7,51.1,29.1,22.0,2.707,18.3,15.5,17.71,96.4,6.2
5.0,49.9,45.1,31.3,42.0,24.7,17.3,2.714,12.7,12.4,18.31,95.1,10.4
3.7,52.3,44.0,NaN,39.6,29.8,9.8,2.671,13.0,11.2,NaN,100.4,7.9
3.7,44.7,51.6,NaN,46.0,30.2,15.8,2.704,14.8,11.9,18.94,97.7,6.4
6.8,69.2,24.0,NaN,31.5,22.4,9.1,NaN,8.4,11.7,19.28,97.6,10.1
3.8,47.5,48.7,30.1,NaN,21.0,17.7,2.703,13.7,12.8,18.14,95.6,7.8
25.9,55.9,NaN,2.8,23.8,21.8,2.0,2.663,6.6,6.7,21.30,93.9,27.0
43.8,45.4,10.8,2.7,20.0,18.0,2.0,2.646,NaN,6.0,21.10,99.2,31.1
2.9,43.5,53.6,NaN,37.4,23.3,14.1,2.700,11.6,12.8,18.51,101.3,4.9
4.5,59.4,36.1,19.4,37.1,25.6,11.5,2.686,10.4,13.3,19.32,99.2,5.3
43.4,40.5,16.1,2.2,20.0,18.0,2.0,2.651,4.0,6.0,21.30,95.0,29.1
4.7,64.7,30.6,16.6,29.9,22.8,NaN,2.680,5.0,8.4,19.76,97.5,14.2
2.3,53.7,44.0,14.9,33.5,24.8,8.7,2.661,NaN,10.4,19.84,101.6,13.8
6.0,66.8,27.2,8.8,28.8,24.2,NaN,2.636,4.0,6.0,19.31,98.1,16.6
6.0,NaN,NaN,13.3,30.3,18.8,11.5,2.673,7.8,9.0,19.73,98.2,9.8
1.8,NaN,49.7,NaN,29.3,25.0,NaN,2.695,8.8,NaN,18.26,98.9,10.7
41.1,46.0,12.9,4.5,20.0,17.3,2.7,2.657,4.0,6.0,21.30,97.0,23.9
19.5,66.9,13.6,0.5,20.2,NaN,NaN,NaN,4.0,6.0,20.98,99.6,22.0
2.9,42.6,NaN,24.2,38.7,27.3,11.4,NaN,15.0,12.6,18.25,99.0,5.7
2.9,49.1,48.0,37.4,42.8,26.8,16.0,NaN,14.8,12.0,18.98,95.0,5.6
13.9,69.1,17.0,1.7,21.2,19.2,2.0,2.657,4.0,6.0,20.97,101.8,27.5
0.3,37.5,62.2,55.0,56.4,31.0,25.4,2.712,17.8,14.3,16.62,96.5,3.1
6.0,74.2,19.8,12.0,25.3,21.7,3.6,2.665,4.0,6.0,20.94,98.2,13.8
0.9,30.2,NaN,29.9,50.6,26.6,NaN,2.701,20.0,15.3,16.96,100.6,2.8
24.8,64.4,10.8,4.7,23.5,21.5,2.0,2.645,6.7,6.6,21.30,96.1,27.6
19.1,72.2,8.7,3.7,20.9,18.9,2.0,2.669,4.0,8.0,20.95,101.6,24.4
7.0,69.6,23.4,NaN,NaN,23.5,4.9,2.664,7.8,8.6,20.78,98.6,17.1
2.7,40.9,56.4,26.2,44.3,28.7,NaN,2.696,12.5,13.1,18.43,97.3,7.0
0.1,36.4,63.5,48.2,57.2,29.0,28.2,2.710,18.1,16.1,16.68,98.5,1.8
3.7,46.5,49.8,34.9,45.2,27.2,NaN,NaN,12.9,14.0,17.49,97.7,7.1
2.6,52.7,NaN,15.5,29.8,19.2,10.6,2.685,NaN,13.0,18.31,NaN,8.8
31.2,53.5,15.3,0.8,20.0,NaN,2.0,2.667,4.0,NaN,21.30,97.6,15.0
NaN,NaN,41.5,19.5,33.8,23.7,10.1,2.674,9.6,10.4,NaN,100.0,12.8
6.1,50.0,43.9,32.7,44.0,24.0,NaN,2.694,10.3,NaN,17.94,98.6,7.5
1.1,34.1,64.8,39.9,52.8,28.4,24.4,2.697,18.4,16.2,17.72,97.0,1.8
NaN,53.4,19.1,4.2,20.0,18.0,2.0,NaN,6.6,7.8,20.29,97.6,23.2
NaN,62.6,16.5,3.6,20.0,14.4,5.6,2.673,4.6,7.8,20.35,99.4,17.5
9.4,61.8,28.8,6.1,24.9,18.1,6.8,2.651,12.3,9.5,20.37,98.4,18.1
0.6,32.6,66.8,58.6,67.5,NaN,35.9,2.727,20.4,16.3,17.86,98.6,3.3
25.1,54.0,20.9,6.2,27.5,NaN,5.7,2.662,4.0,6.0,21.09,97.5,15.4
19.8,64.8,15.4,4.5,20.5,18.5,2.0,2.660,6.0,6.0,21.30,97.9,22.1
11.1,60.0,28.9,13.1,31.1,22.8,8.3,2.678,13.4,10.0,20.54,102.2,12.4
25.8,62.6,11.6,1.4,20.0,18.0,2.0,2.642,4.0,6.0,NaN,97.4,23.4
0.5,37.4,NaN,52.4,58.5,34.0,24.5,2.727,14.5,13.4,17.97,98.4,5.5
0.6,33.5,65.9,48.1,58.8,NaN,25.5,2.700,20.5,16.4,16.90,99.0,3.8
31.8,46.5,21.7,3.7,20.0,18.0,2.0,2.674,NaN,7.1,NaN,97.0,16.5
5.6,73.7,20.7,NaN,NaN,NaN,6.3,2.661,9.1,8.1,NaN,97.2,17.8
NaN,58.1,17.8,1.1,20.0,18.0,2.0,2.641,4.0,6.8,NaN,97.8,18.1
1.4,38.0,NaN,10.2,NaN,21.9,10.2,2.695,11.3,12.3,18.09,99.9,10.1
0.5,43.8,55.7,42.7,51.2,31.2,NaN,2.734,14.0,NaN,17.86,95.2,5.8
16.6,65.3,18.1,2.5,22.8,18.2,4.6,2.642,8.1,7.7,20.05,95.5,15.8
34.7,45.9,19.4,1.3,21.9,18.7,3.2,2.668,7.1,8.2,21.14,NaN,16.8
0.9,41.1,58.0,33.3,44.6,29.1,15.5,2.678,NaN,11.7,17.43,95.1,5.0
4.3,68.5,NaN,7.3,27.8,22.1,5.7,2.661,7.9,9.2,19.82,98.0,21.5
3.3,52.2,44.5,31.0,41.5,25.8,15.7,2.697,12.2,11.6,NaN,94.9,10.1
4.4,49.3,46.3,19.6,36.6,27.8,8.8,2.673,11.3,11.3,18.82,99.2,11.7
6.6,60.7,NaN,3.2,20.0,18.0,NaN,2.672,7.5,7.6,20.08,97.5,19.7
7.7,50.7,41.6,NaN,37.2,22.9,14.3,2.660,11.5,10.9,NaN,98.3,9.6
4.3,59.6,36.1,9.1,29.6,24.0,5.6,2.676,11.0,11.5,20.37,98.5,14.0
28.7,49.6,21.7,6.2,21.2,18.6,2.6,2.662,4.0,6.2,20.47,103.0,22.5
8.9,61.5,29.6,6.8,27.7,22.6,5.1,2.681,6.2,NaN,20.28,101.3,9.8
4.8,49.9,45.3,30.0,41.2,26.1,15.1,2.686,12.0,8.6,19.21,100.7,10.6
1.0,43.2,55.8,16.5,38.4,NaN,18.2,NaN,13.6,14.2,17.78,103.0,6.0
0.5,24.0,75.5,50.0,57.5,30.2,27.3,2.709,22.3,18.7,15.95,97.6,2.2
6.5,76.7,16.8,11.4,24.3,18.3,6.0,2.672,NaN,9.0,20.87,98.6,22.0
