Natural Moisture Content (%),Bulk Unit Weight (kN/m^3),Dry Unit Weight (kN/m^3),Specific Gravity of Solids (-),Percent Passing No. 4 Sieve (%),Percent Passing No. 40 Sieve (%),Percent Passing No. 200 Sieve (%),Median Particle Size D50 (mm),Coefficient of Uniformity Cu (-),Liquid Limit (%),Plasticity Index (%),Standard Penetration Test N60 (blows/0.3 m),Soil Behavior Class
16.34,15.04,12.92,NaN,97.98,93.92,70.33,0.0298,11.05,41.24,12.49,5.1,Silty Soil
38.91,NaN,12.51,2.719,99.42,99.42,99.29,0.0049,NaN,47.8,28.37,2.1,Low-Plasticity Clay
31.74,17.57,13.33,2.71,100.0,99.48,94.41,0.0066,8.56,34.09,NaN,3.5,Low-Plasticity Clay
32.7,17.95,13.53,2.743,99.01,98.31,98.23,0.0029,10.37,45.45,26.02,4.4,Low-Plasticity Clay
17.86,17.32,14.69,2.692,98.67,81.42,31.0,0.1412,6.98,26.8,4.17,12.9,Sandy Soil
31.35,17.73,13.5,NaN,NaN,99.59,99.44,0.0032,7.99,36.89,19.36,7.9,Low-Plasticity Clay
NaN,16.98,NaN,2.695,100.0,98.79,87.2,0.0238,5.04,46.6,15.94,2.0,Silty Soil
24.74,15.09,12.1,2.714,100.0,100.0,77.77,0.0337,5.34,51.77,14.18,3.3,Silty Soil
20.98,15.77,13.04,2.735,100.0,99.15,99.15,0.0029,4.05,39.52,26.77,3.9,Low-Plasticity Clay
7.52,16.58,15.42,2.626,25.67,0.0,0.0,13.434,11.97,15.73,3.79,23.6,Gravelly Soil
24.86,15.1,12.1,2.693,100.0,98.04,87.17,0.0102,14.16,37.96,25.92,3.6,Low-Plasticity Clay
4.24,19.97,19.16,2.63,42.38,0.0,0.0,6.3109,5.9,23.43,3.94,45.4,Gravelly Soil
11.1,17.54,15.79,2.673,98.52,94.25,76.34,0.0271,11.89,34.44,4.35,15.9,Silty Soil
56.39,16.18,11.0,2.799,97.37,97.37,97.37,0.0014,5.3,84.13,NaN,1.0,High-Plasticity Clay
45.67,17.48,12.0,2.716,100.0,NaN,93.57,0.0059,11.97,75.26,50.57,1.0,High-Plasticity Clay
43.03,15.67,11.0,2.791,100.0,100.0,99.46,0.0019,6.29,57.27,27.92,1.0,High-Plasticity Clay
5.23,14.62,13.89,2.692,100.0,82.75,13.91,0.1989,4.01,16.68,3.94,5.0,Sandy Soil
37.1,18.52,13.51,2.794,100.0,98.5,88.77,0.0104,12.22,72.97,44.57,9.1,High-Plasticity Clay
30.15,15.17,11.66,2.733,100.0,99.79,89.63,0.0083,13.71,39.06,20.03,2.0,Low-Plasticity Clay
12.22,15.4,13.72,2.646,75.36,8.78,NaN,2.2477,5.76,19.09,4.69,10.6,Sandy Soil
24.82,16.97,13.6,2.728,100.0,99.05,89.63,0.0112,11.62,49.64,11.78,5.0,Silty Soil
6.4,18.1,17.02,2.691,42.85,2.11,0.26,6.3028,11.12,17.71,NaN,26.7,Gravelly Soil
9.35,16.32,14.93,2.668,91.36,30.33,4.19,0.8185,8.74,NaN,6.51,16.5,Sandy Soil
25.25,NaN,12.64,NaN,99.34,99.01,69.44,0.0369,6.25,26.93,NaN,5.8,Silty Soil
2.95,18.86,18.32,2.656,97.56,70.0,25.11,0.1923,9.48,26.78,4.13,24.8,Sandy Soil
10.65,17.81,16.1,2.686,95.07,32.92,4.22,0.7129,5.81,22.62,0.61,18.6,Sandy Soil
6.49,20.37,19.13,2.63,24.42,NaN,0.87,17.6774,16.35,26.14,4.14,39.0,Gravelly Soil
43.73,16.74,11.65,2.711,100.0,100.0,98.29,0.0028,7.28,57.72,NaN,3.6,High-Plasticity Clay
30.34,17.68,13.56,2.752,97.62,97.62,97.03,0.0058,6.14,71.1,46.56,9.9,High-Plasticity Clay
45.23,NaN,NaN,2.716,99.52,99.52,99.52,0.0018,7.54,66.28,53.53,2.3,High-Plasticity Clay
6.27,19.37,18.23,2.638,85.36,15.58,0.51,1.3825,5.53,NaN,0.0,36.9,Sandy Soil
2.61,17.71,17.26,NaN,49.54,5.46,0.75,4.9339,12.01,NaN,2.26,NaN,Gravelly Soil
26.65,15.65,12.36,2.654,98.07,93.63,69.74,0.0355,9.44,23.43,0.0,2.0,Silty Soil
28.43,18.55,NaN,2.703,NaN,98.88,95.34,0.0154,3.87,30.69,1.6,11.0,Silty Soil
16.99,16.75,14.32,2.677,99.49,59.38,11.13,0.3029,5.95,17.13,1.8,9.4,Sandy Soil
4.2,19.55,18.76,2.689,98.16,36.61,1.81,0.5738,3.46,NaN,0.0,34.5,Sandy Soil
27.38,16.17,12.69,2.703,97.28,97.28,95.96,0.0056,8.45,35.34,15.82,NaN,Low-Plasticity Clay
22.66,17.46,14.23,2.737,100.0,99.61,95.96,0.009,6.58,33.58,9.31,9.3,Silty Soil
34.08,17.84,13.31,2.761,99.56,99.56,99.38,0.0012,12.91,70.63,42.65,NaN,High-Plasticity Clay
3.89,18.83,18.12,2.654,30.56,2.54,NaN,12.3898,12.74,23.96,NaN,34.7,Gravelly Soil
8.75,20.33,18.69,2.697,100.0,80.47,9.59,0.2084,3.44,24.52,0.0,29.9,Sandy Soil
3.12,19.84,19.24,2.661,36.63,1.4,0.0,7.2513,5.87,25.52,4.09,48.9,Gravelly Soil
10.58,19.33,17.48,2.668,99.79,28.26,0.0,0.6339,2.52,27.43,5.39,28.9,Sandy Soil
44.0,16.16,11.23,2.776,99.61,99.61,99.41,0.0029,5.23,60.2,40.64,1.0,High-Plasticity Clay
6.79,14.59,13.66,NaN,93.37,62.28,20.31,0.2775,11.46,17.75,1.16,6.7,Sandy Soil
12.16,17.63,15.72,2.662,98.52,55.37,NaN,0.3583,5.96,20.62,3.31,23.7,Sandy Soil
43.17,17.03,11.89,2.703,99.1,99.1,95.01,0.0101,5.83,65.42,35.54,1.0,High-Plasticity Clay
12.87,17.29,15.32,2.652,97.62,97.62,97.62,0.0107,NaN,42.12,7.82,9.2,Silty Soil
11.96,15.73,14.05,2.736,99.79,97.26,75.21,0.0316,7.56,26.33,1.73,11.7,Silty Soil
33.93,15.91,11.88,2.739,98.82,98.82,98.05,0.0056,7.97,NaN,28.41,2.0,Low-Plasticity Clay
17.18,18.84,16.08,2.722,NaN,99.01,88.37,0.0127,9.0,NaN,8.85,15.9,Silty Soil
57.88,16.52,11.0,2.797,98.97,98.64,97.94,0.0056,7.97,76.24,50.69,NaN,High-Plasticity Clay
4.37,16.71,16.01,2.689,88.69,0.0,0.0,2.5301,2.07,19.08,2.04,22.6,Sandy Soil
28.05,18.44,14.4,2.691,NaN,97.48,72.05,0.0385,5.43,42.83,NaN,11.6,Silty Soil
4.52,17.82,17.05,2.635,13.9,0.0,0.0,29.0344,12.77,22.29,4.38,31.9,Gravelly Soil
5.99,19.23,18.14,2.678,29.84,2.36,1.67,NaN,7.59,26.03,3.65,38.6,Gravelly Soil
37.55,18.36,13.35,2.726,99.44,99.44,96.19,0.0199,3.2,NaN,0.74,5.8,Silty Soil
3.67,22.39,21.5,2.685,NaN,4.82,0.0,6.6144,10.88,17.9,0.27,55.8,Gravelly Soil
8.08,17.75,16.42,2.666,97.48,NaN,1.15,0.934,3.27,27.99,6.85,23.8,Sandy Soil
35.09,16.63,12.31,2.718,98.87,98.87,97.15,0.0041,12.2,32.87,9.59,2.0,Low-Plasticity Clay
13.08,18.45,16.32,2.648,72.76,10.95,1.9,2.1886,7.5,20.13,NaN,23.9,Sandy Soil
4.03,21.99,21.14,2.64,6.71,0.0,0.0,26.7399,4.02,22.03,4.34,54.7,Gravelly Soil
29.59,17.01,13.13,NaN,100.0,100.0,86.16,0.0181,NaN,29.91,2.62,6.3,Silty Soil
7.39,15.68,14.6,2.666,98.41,52.06,0.84,0.3949,3.25,NaN,NaN,15.1,Sandy Soil
21.6,16.6,13.65,2.66,99.04,94.96,79.87,0.0203,11.52,40.61,10.74,2.0,Silty Soil
27.37,17.75,13.93,2.729,100.0,98.77,92.3,0.0094,9.29,33.48,18.4,9.8,Low-Plasticity Clay
34.58,18.25,NaN,2.764,99.55,99.35,97.4,0.0053,5.18,37.83,27.2,8.9,Low-Plasticity Clay
48.04,NaN,11.0,2.776,99.9,99.9,93.81,0.0112,6.7,60.23,39.1,1.2,High-Plasticity Clay
4.75,16.74,15.98,2.687,40.21,5.58,0.0,NaN,14.43,21.11,1.73,15.8,Gravelly Soil
11.97,17.85,15.95,2.66,97.63,97.63,97.63,0.012,NaN,53.92,24.56,11.1,Silty Soil
4.15,16.71,16.04,2.681,45.18,4.78,0.62,6.2755,11.16,27.44,4.48,19.2,Gravelly Soil
NaN,16.17,NaN,2.737,100.0,97.96,79.65,0.0236,8.18,50.02,14.85,9.4,Silty Soil
30.46,16.64,12.76,2.703,100.0,99.61,88.75,0.0103,12.0,37.28,8.63,2.0,Silty Soil
33.83,18.78,14.03,2.77,100.0,98.88,98.88,0.0029,4.25,29.29,16.39,5.5,Low-Plasticity Clay
10.66,18.34,16.57,2.688,81.16,16.67,2.27,1.468,7.29,18.01,1.92,27.5,Sandy Soil
9.56,17.26,15.75,2.654,100.0,89.8,NaN,0.1438,3.77,NaN,4.26,17.2,Sandy Soil
NaN,15.12,11.81,2.763,NaN,100.0,96.72,0.0113,4.27,49.0,22.22,2.0,Low-Plasticity Clay
NaN,17.41,16.42,2.706,12.14,0.0,0.0,24.4972,6.53,25.77,3.52,20.3,Gravelly Soil
21.18,18.25,15.06,2.732,100.0,96.98,96.98,0.0102,3.95,45.76,14.11,6.7,Silty Soil
10.97,15.63,14.09,2.679,98.74,45.28,1.26,0.4695,3.58,22.19,1.65,7.4,Sandy Soil
28.84,18.19,14.11,2.761,99.94,97.61,93.46,0.0056,14.17,37.11,16.07,7.5,Low-Plasticity Clay
2.77,22.26,21.5,2.708,46.57,4.88,0.0,4.922,8.15,23.96,3.43,56.0,Gravelly Soil
7.09,NaN,14.53,2.694,85.67,19.52,1.84,1.2726,7.47,22.64,1.76,16.6,Sandy Soil
6.13,17.58,NaN,2.654,37.26,3.86,0.29,7.0597,12.5,17.21,0.0,20.7,Gravelly Soil
7.72,15.23,14.14,2.692,100.0,96.95,10.3,0.1448,2.25,24.76,3.21,NaN,Sandy Soil
38.01,17.32,12.55,2.729,99.51,98.31,86.54,0.0172,7.18,20.0,3.07,2.0,Silty Soil
43.31,17.53,12.24,2.76,98.62,98.62,98.56,0.0027,5.77,69.63,46.34,1.0,High-Plasticity Clay
16.92,17.26,14.76,2.682,100.0,99.8,96.49,0.0082,6.47,39.84,18.25,14.0,Low-Plasticity Clay
33.45,18.93,14.18,2.754,99.65,99.65,99.37,0.0038,9.7,37.31,26.31,14.2,Low-Plasticity Clay
4.1,NaN,19.09,2.669,99.96,71.89,13.24,0.2375,4.93,29.69,3.28,40.5,Sandy Soil
7.83,14.37,13.33,2.649,100.0,80.32,37.1,NaN,11.6,24.42,NaN,NaN,Sandy Soil
19.17,15.54,13.04,2.708,98.5,98.5,68.59,0.0467,4.64,30.85,2.05,2.9,Silty Soil
19.9,16.38,13.66,2.643,100.0,100.0,93.27,NaN,3.65,41.92,NaN,17.3,Silty Soil
8.47,17.6,16.22,2.661,94.09,25.37,0.85,0.914,5.45,23.58,0.0,26.5,Sandy Soil
18.07,16.81,14.24,2.753,100.0,100.0,96.56,0.0026,14.65,45.02,31.11,7.7,Low-Plasticity Clay
27.74,18.45,14.44,2.729,97.98,NaN,87.12,0.0133,11.16,28.96,3.46,11.5,Silty Soil
27.08,16.54,13.02,2.76,98.55,98.55,94.9,0.0031,13.4,34.72,12.52,NaN,Low-Plasticity Clay
6.56,16.19,15.19,2.621,45.03,NaN,0.0,5.7573,NaN,15.07,1.03,15.3,Gravelly Soil
4.34,16.05,15.39,2.654,46.82,7.31,1.11,5.4487,13.96,26.77,1.86,11.5,Gravelly Soil
36.16,15.57,11.43,2.681,99.36,99.36,87.07,0.0138,9.53,40.48,26.05,3.5,Low-Plasticity Clay
34.32,16.68,12.42,2.749,100.0,100.0,96.39,0.0103,5.5,34.01,21.69,4.6,Low-Plasticity Clay
11.44,18.48,16.59,2.678,100.0,33.64,0.0,0.5797,3.22,28.76,1.11,23.3,Sandy Soil
47.73,15.51,11.0,2.747,100.0,100.0,94.96,0.0102,NaN,71.03,53.56,3.0,High-Plasticity Clay
14.39,17.38,15.19,2.638,100.0,44.0,3.84,0.5216,4.84,24.31,0.0,16.9,Sandy Soil
30.83,16.8,12.84,NaN,NaN,98.4,73.51,0.036,5.8,46.79,18.05,2.0,Silty Soil
13.3,16.42,14.49,2.748,99.4,99.4,96.84,0.0108,5.13,25.0,8.0,14.6,Low-Plasticity Clay
31.7,17.79,13.51,2.715,99.05,97.71,71.42,NaN,8.81,NaN,2.69,NaN,Silty Soil
51.9,15.39,11.0,2.774,99.58,99.58,97.52,0.006,8.5,52.52,32.73,1.0,High-Plasticity Clay
8.28,17.29,15.97,2.69,27.0,0.0,0.0,9.172,4.51,NaN,2.4,17.8,Gravelly Soil
50.3,14.88,11.0,2.726,100.0,100.0,98.34,0.008,5.43,67.18,36.68,NaN,High-Plasticity Clay
26.14,NaN,14.03,2.671,100.0,100.0,94.61,0.0155,4.71,49.57,12.93,13.2,Silty Soil
39.88,16.29,11.64,2.73,99.98,99.94,92.0,0.0114,7.57,39.06,22.09,2.0,Low-Plasticity Clay
63.32,15.92,11.0,2.753,100.0,98.55,94.09,0.0065,12.61,78.19,49.82,NaN,High-Plasticity Clay
22.71,NaN,14.44,2.703,100.0,98.95,NaN,0.0028,4.38,48.59,23.71,18.3,Low-Plasticity Clay
6.35,19.3,18.15,2.631,47.54,7.97,0.0,5.3142,17.53,22.5,0.89,41.7,Gravelly Soil
28.22,16.27,NaN,2.733,98.52,NaN,89.48,0.0199,5.31,48.88,17.03,5.7,Silty Soil
8.88,17.15,15.75,NaN,99.51,81.02,9.45,0.2019,3.43,19.94,6.03,11.6,Sandy Soil
42.98,17.02,11.9,2.724,98.21,98.21,98.21,0.0015,NaN,50.0,42.69,1.1,High-Plasticity Clay
21.15,18.41,15.2,2.656,NaN,100.0,75.8,0.038,4.59,NaN,8.9,14.8,Silty Soil
7.75,17.23,15.99,NaN,100.0,81.75,30.73,0.1357,7.02,18.22,0.81,20.6,Sandy Soil
34.88,17.67,13.1,2.796,100.0,99.46,99.02,0.0025,5.24,69.67,56.67,1.1,High-Plasticity Clay
6.58,18.99,17.82,2.66,100.0,75.39,20.97,0.2019,NaN,26.75,2.42,36.4,Sandy Soil
29.68,19.16,14.77,2.719,100.0,99.45,94.26,0.0048,13.61,34.88,15.82,14.4,Low-Plasticity Clay
17.74,16.38,13.91,2.665,65.76,13.42,1.54,2.4651,9.42,17.93,3.41,8.5,Sandy Soil
NaN,20.2,19.13,2.682,97.22,2.35,0.0,1.4858,2.5,23.74,5.63,30.7,Sandy Soil
27.7,15.99,12.52,2.651,97.85,94.17,72.87,0.0288,10.31,24.07,0.0,NaN,Silty Soil
10.09,NaN,15.45,2.678,99.23,96.38,67.49,0.0408,8.15,40.3,13.54,14.1,Silty Soil
21.2,19.15,15.8,2.727,98.89,98.89,96.68,0.0099,6.81,30.43,0.38,15.1,Silty Soil
52.58,17.14,11.24,2.743,98.25,NaN,97.77,0.0035,9.95,75.03,60.76,1.0,High-Plasticity Clay
26.7,16.89,13.33,2.682,99.23,99.23,85.28,0.0127,12.12,NaN,11.12,5.8,Low-Plasticity Clay
28.01,17.71,13.83,2.676,99.63,99.63,88.11,0.0161,7.48,50.64,20.08,11.1,Silty Soil
36.6,18.24,13.35,2.754,100.0,99.56,98.05,NaN,9.56,39.84,17.54,11.3,Low-Plasticity Clay
NaN,16.59,14.36,2.695,100.0,NaN,10.16,0.2859,4.65,21.32,3.99,11.8,Sandy Soil
31.54,17.71,13.46,2.769,100.0,98.92,98.92,0.0016,NaN,71.07,60.46,4.6,High-Plasticity Clay
28.71,17.53,13.62,2.715,99.47,99.47,97.02,0.0082,6.27,20.0,0.0,9.8,Silty Soil
7.8,17.95,16.66,2.66,17.89,1.0,NaN,20.98,11.04,26.47,0.22,26.1,Gravelly Soil
3.4,17.72,17.14,2.62,40.36,2.2,0.0,6.1962,6.23,25.96,0.27,37.7,Gravelly Soil
2.96,17.57,17.06,2.683,89.21,22.35,1.58,1.0071,5.91,NaN,2.94,36.7,Sandy Soil
4.73,17.47,16.68,2.63,10.1,0.0,0.0,20.6737,NaN,18.95,3.17,29.3,Gravelly Soil
4.47,17.81,17.05,2.629,18.63,1.35,0.0,27.1172,19.01,22.9,1.5,27.7,Gravelly Soil
3.5,17.22,16.64,2.622,13.19,NaN,0.0,27.9269,8.11,15.82,4.82,28.0,Gravelly Soil
6.38,19.64,18.47,2.691,100.0,81.38,31.53,0.1466,6.95,18.55,6.0,41.6,Sandy Soil
31.96,17.27,13.09,2.704,100.0,100.0,100.0,0.0045,5.87,30.72,12.97,6.1,Low-Plasticity Clay
9.93,16.24,14.77,2.639,74.74,20.99,4.21,1.5397,9.67,18.74,5.42,19.6,Sandy Soil
40.83,15.27,11.0,2.728,NaN,96.53,96.53,0.001,6.65,64.4,50.79,3.4,High-Plasticity Clay
57.49,NaN,11.0,2.768,NaN,98.02,98.02,0.005,6.91,NaN,42.26,1.0,High-Plasticity Clay
20.92,19.0,15.72,2.759,99.47,98.61,91.39,0.0188,4.82,25.0,13.99,16.3,Low-Plasticity Clay
12.48,15.58,NaN,2.65,100.0,89.88,32.03,NaN,4.38,15.98,1.94,8.2,Sandy Soil
20.66,18.25,15.12,2.766,NaN,99.61,87.72,0.0101,12.9,NaN,27.66,NaN,Low-Plasticity Clay
16.68,16.53,14.16,2.691,95.62,58.54,21.63,NaN,11.79,16.19,4.38,5.0,Sandy Soil
25.63,18.1,14.41,2.694,98.24,98.24,94.36,0.0046,13.97,35.07,11.92,10.0,Low-Plasticity Clay
4.2,16.16,15.5,2.684,21.56,NaN,1.34,11.0955,5.23,23.24,NaN,10.0,Gravelly Soil
50.29,17.13,11.4,2.782,100.0,99.56,92.72,0.0087,10.02,78.11,54.25,5.0,High-Plasticity Clay
6.14,NaN,17.28,2.673,100.0,94.75,25.02,0.1235,3.02,27.73,4.91,31.0,Sandy Soil
NaN,17.43,12.08,2.707,99.4,99.28,98.53,0.0052,5.22,72.41,45.8,6.7,High-Plasticity Clay
17.18,17.55,14.97,2.7,NaN,99.35,91.77,0.0105,7.45,38.36,7.12,15.1,Silty Soil
12.57,19.74,17.53,2.681,99.77,0.83,0.06,1.37,2.02,28.89,2.44,30.6,Sandy Soil
22.74,15.66,12.76,2.688,97.6,97.6,97.6,0.0026,4.93,45.31,22.33,4.7,Low-Plasticity Clay
7.13,19.6,18.3,2.632,3.42,2.85,0.0,27.7517,5.47,15.44,0.44,37.3,Gravelly Soil
55.5,14.99,NaN,2.752,100.0,99.45,98.86,0.0012,16.15,63.63,48.96,1.0,High-Plasticity Clay
39.03,17.37,12.49,2.651,98.42,98.42,98.42,0.0083,3.36,43.78,13.82,NaN,Silty Soil
29.91,17.92,13.8,2.696,100.0,100.0,96.77,0.0131,4.02,35.99,21.01,13.5,Low-Plasticity Clay
26.74,16.13,12.73,2.766,100.0,100.0,96.91,0.0043,13.77,39.58,25.28,10.3,Low-Plasticity Clay
22.88,16.61,13.52,2.73,99.81,98.85,91.5,0.0065,14.45,40.41,25.79,9.8,Low-Plasticity Clay
58.56,15.99,NaN,2.76,98.06,96.95,96.95,0.0023,11.61,63.84,40.17,1.0,High-Plasticity Clay
39.97,17.18,12.27,2.761,98.88,98.88,96.54,0.0043,8.1,37.31,24.3,4.1,Low-Plasticity Clay
5.11,19.72,18.76,2.651,80.06,6.4,0.69,2.0959,4.27,19.05,3.71,36.6,Sandy Soil
25.96,19.23,15.26,2.699,99.84,99.84,99.84,NaN,4.08,49.0,23.79,13.8,Low-Plasticity Clay
10.99,19.18,17.28,2.674,96.5,47.83,8.89,0.4665,7.76,15.76,0.79,28.3,Sandy Soil
12.44,15.21,13.53,2.665,95.76,34.1,2.87,0.5831,4.05,28.92,4.43,7.4,Sandy Soil
14.39,17.71,15.48,2.682,100.0,91.06,21.43,0.1484,3.46,25.79,5.53,16.6,Sandy Soil
14.94,17.28,15.03,2.725,95.35,95.35,95.35,0.0221,3.09,49.21,14.89,8.4,Silty Soil
6.48,20.87,NaN,2.716,34.48,4.95,0.0,10.9053,18.3,16.38,0.61,50.5,Gravelly Soil
62.12,15.64,11.0,2.753,99.16,99.16,99.16,0.0076,5.45,73.56,61.93,1.0,High-Plasticity Clay
25.07,17.71,14.16,2.675,100.0,97.5,75.69,0.0317,6.58,36.77,0.77,NaN,Silty Soil
9.91,19.1,17.38,2.674,93.96,13.58,0.01,1.2927,4.18,24.05,5.8,29.2,Sandy Soil
2.0,19.61,NaN,2.652,75.22,14.31,2.28,1.9374,9.09,NaN,2.26,44.3,Sandy Soil
13.99,18.42,16.16,2.666,77.69,3.98,0.0,2.3493,4.31,18.97,3.0,17.4,Sandy Soil
28.83,15.01,11.65,2.711,100.0,100.0,98.17,0.0074,5.44,34.15,19.99,5.1,Low-Plasticity Clay
21.88,18.71,15.35,2.705,99.7,NaN,NaN,0.0059,7.22,38.29,16.36,12.8,Low-Plasticity Clay
19.26,19.59,16.43,2.734,99.28,99.28,88.12,0.0321,3.11,25.15,0.0,19.7,Silty Soil
32.97,NaN,NaN,2.682,98.39,98.39,93.91,0.008,10.4,36.42,22.86,2.0,Low-Plasticity Clay
2.52,19.8,19.31,2.695,99.06,70.53,NaN,0.2436,4.82,28.38,3.18,32.3,Sandy Soil
NaN,17.37,13.8,2.702,NaN,97.68,65.92,0.0499,NaN,30.6,0.0,NaN,Silty Soil
28.72,18.42,14.31,2.752,100.0,NaN,92.01,0.0174,5.67,48.99,29.26,8.5,Low-Plasticity Clay
6.47,17.44,16.38,2.648,NaN,0.0,0.0,19.8669,NaN,18.26,NaN,27.8,Gravelly Soil
17.81,16.92,NaN,2.661,93.63,43.89,9.47,0.5211,8.11,27.84,1.94,10.3,Sandy Soil
5.46,17.94,17.01,2.653,73.07,1.44,NaN,2.7629,4.25,16.43,2.63,NaN,Sandy Soil
46.14,NaN,12.11,2.788,100.0,100.0,92.51,0.0101,7.53,59.71,29.63,6.9,High-Plasticity Clay
23.24,14.31,11.61,2.69,98.93,96.93,83.53,0.0187,9.71,39.48,26.0,8.0,Low-Plasticity Clay
61.2,16.57,11.0,2.795,99.38,98.66,93.57,0.0054,18.21,90.08,61.59,1.0,High-Plasticity Clay
22.36,18.66,15.25,2.756,99.76,99.76,99.48,0.0059,4.68,41.28,18.74,20.0,Low-Plasticity Clay
23.02,18.15,14.75,2.75,98.53,98.19,98.09,0.0026,13.17,43.77,31.68,13.2,Low-Plasticity Clay
16.47,NaN,15.31,2.641,98.0,82.6,NaN,0.1256,7.73,29.66,3.65,17.5,Sandy Soil
19.24,16.26,13.64,2.679,98.13,1.56,NaN,1.5679,2.41,20.85,0.32,10.1,Sandy Soil
5.2,19.16,18.22,2.644,91.4,29.77,1.51,0.8495,6.46,22.97,NaN,22.3,Sandy Soil
4.06,19.54,18.78,2.695,80.73,NaN,1.19,1.6523,6.26,23.07,3.89,33.8,Sandy Soil
18.97,16.35,13.74,2.666,94.88,21.12,0.84,0.9248,4.84,16.68,0.0,6.0,Sandy Soil
17.04,17.98,15.36,NaN,98.88,98.73,83.47,0.0199,8.44,NaN,3.26,14.1,Silty Soil
9.34,17.06,15.6,2.676,17.93,0.4,0.0,13.539,5.5,24.38,4.19,22.6,Gravelly Soil
5.04,19.84,18.89,2.666,23.61,0.59,0.39,14.6907,11.34,20.35,0.63,32.7,Gravelly Soil
21.96,19.3,15.82,2.649,100.0,100.0,64.06,NaN,3.17,40.3,6.43,13.4,Silty Soil
34.69,18.72,13.9,2.756,100.0,98.3,97.38,0.0045,7.41,37.29,16.84,5.0,Low-Plasticity Clay
31.24,16.03,12.21,2.662,99.53,98.09,91.29,0.0112,8.74,37.1,11.0,NaN,Silty Soil
46.11,17.08,11.69,2.704,98.29,98.29,NaN,0.0089,4.88,49.0,27.95,2.0,Low-Plasticity Clay
27.57,16.9,13.25,2.714,99.99,99.99,87.58,0.0284,3.7,41.62,15.53,NaN,Silty Soil
5.07,16.62,15.82,2.646,23.89,1.83,0.0,18.9997,19.98,16.43,3.31,20.3,Gravelly Soil
44.88,17.8,12.29,2.782,98.29,98.29,94.41,0.0117,7.27,NaN,36.2,2.7,High-Plasticity Clay
20.22,NaN,13.48,2.705,99.51,92.76,NaN,0.047,9.46,30.51,7.14,10.8,Silty Soil
NaN,17.75,14.81,2.748,99.2,99.2,NaN,0.0058,6.03,45.78,27.8,12.1,Low-Plasticity Clay
2.62,17.18,16.74,2.642,NaN,0.0,0.0,6.4731,4.35,26.61,0.94,23.2,Gravelly Soil
NaN,17.33,16.23,2.67,31.48,0.0,0.0,7.3112,4.24,26.01,1.77,17.2,Gravelly Soil
31.74,17.25,13.1,2.795,97.93,97.93,96.9,0.0047,9.07,63.25,47.3,7.4,High-Plasticity Clay
30.5,NaN,11.65,2.731,98.9,98.9,98.9,0.0047,NaN,37.63,21.0,NaN,Low-Plasticity Clay
20.32,16.59,13.79,2.721,98.91,98.91,84.96,0.015,9.83,31.46,NaN,NaN,Low-Plasticity Clay
11.53,15.82,14.19,2.688,81.02,23.73,NaN,1.2799,10.58,15.58,0.0,9.6,Sandy Soil
17.43,17.86,15.21,2.766,98.52,98.52,NaN,0.0143,4.7,37.81,20.45,8.9,Low-Plasticity Clay
10.29,NaN,16.43,2.656,98.12,64.51,19.85,0.2477,7.43,20.3,2.46,15.5,Sandy Soil
55.17,15.0,11.0,NaN,98.78,98.78,98.78,0.0017,6.89,55.7,26.26,1.0,High-Plasticity Clay
23.72,15.62,12.63,2.755,100.0,100.0,97.29,0.0038,11.23,25.0,8.34,8.1,Low-Plasticity Clay
15.59,15.94,NaN,2.668,84.77,17.59,1.17,1.186,6.3,27.25,2.77,12.3,Sandy Soil
16.92,18.1,15.48,NaN,98.97,98.97,96.93,0.004,14.17,42.4,30.74,12.2,Low-Plasticity Clay
28.56,17.38,13.52,2.779,100.0,98.17,97.53,0.0015,16.54,50.0,39.54,8.4,High-Plasticity Clay
NaN,21.44,21.02,2.666,NaN,6.68,0.0,5.5239,10.78,22.13,1.2,46.1,Gravelly Soil
39.71,16.43,11.76,2.701,100.0,100.0,97.9,0.0037,8.67,61.12,30.59,4.3,High-Plasticity Clay
2.68,21.39,20.83,2.663,49.46,7.25,2.8,4.627,13.99,20.62,2.17,46.9,Gravelly Soil
NaN,16.18,13.56,2.662,100.0,98.08,94.18,0.0122,NaN,40.79,6.53,8.3,Silty Soil
15.32,17.31,15.01,2.637,94.83,12.46,2.13,1.2535,4.28,25.83,8.0,18.0,Sandy Soil
45.8,16.5,11.32,2.754,99.6,99.6,99.52,0.0013,10.71,69.57,38.92,1.0,High-Plasticity Clay
38.03,16.74,12.13,2.72,100.0,97.89,91.25,0.0102,11.74,NaN,15.46,2.0,Silty Soil
NaN,17.11,15.87,2.648,100.0,25.16,0.0,0.6919,3.29,20.23,0.0,24.4,Sandy Soil
43.35,17.12,11.94,2.726,100.0,100.0,98.78,0.0015,12.84,70.26,50.06,4.3,High-Plasticity Clay
19.48,NaN,15.31,2.654,98.01,97.61,86.76,0.0156,10.15,52.86,15.38,12.2,Silty Soil
28.28,15.66,12.21,2.694,100.0,96.49,78.54,0.0215,11.39,30.79,1.93,3.5,Silty Soil
9.33,17.42,15.93,2.643,48.33,8.59,3.05,4.8128,16.38,NaN,3.57,19.3,Gravelly Soil
8.63,NaN,15.91,2.626,43.15,4.7,NaN,6.3704,12.2,24.18,1.41,19.2,Gravelly Soil
13.74,17.77,15.62,2.642,96.92,70.08,NaN,0.2135,9.57,24.49,3.3,17.3,Sandy Soil
29.57,17.43,13.45,2.75,98.75,NaN,95.89,0.0077,8.24,82.06,57.53,6.6,High-Plasticity Clay
14.53,16.41,NaN,2.687,74.38,6.76,1.36,2.3751,5.01,26.12,4.14,9.2,Sandy Soil
2.0,18.74,18.37,2.652,98.84,NaN,0.0,0.4342,2.15,27.36,3.8,29.3,Sandy Soil
3.29,19.71,19.08,2.702,23.05,0.0,0.0,11.056,5.81,25.17,1.48,39.7,Gravelly Soil
4.88,16.28,15.53,2.648,81.39,16.69,0.62,1.3971,6.97,15.1,5.46,19.8,Sandy Soil
20.84,14.74,12.19,2.735,NaN,95.13,68.82,0.0358,11.26,52.92,20.74,2.6,Silty Soil
23.01,19.13,15.55,2.736,99.98,NaN,96.22,0.0035,8.39,33.43,NaN,NaN,Low-Plasticity Clay
8.82,20.18,18.55,2.637,86.68,25.09,3.28,1.0379,7.96,24.06,5.95,43.5,Sandy Soil
4.55,18.44,17.64,2.67,7.63,1.14,0.0,20.7934,5.39,15.76,2.73,31.7,Gravelly Soil
28.69,18.65,14.49,2.688,99.8,90.18,NaN,0.0484,10.14,34.77,2.91,11.8,Silty Soil
9.45,17.01,NaN,2.713,27.95,1.18,0.0,13.6064,14.23,23.38,1.04,14.2,Gravelly Soil
3.72,18.73,18.06,2.623,44.59,0.76,0.43,5.6419,7.19,18.58,1.77,44.5,Gravelly Soil
13.01,16.17,14.31,2.697,99.34,70.26,23.84,0.2202,8.61,21.19,2.0,5.3,Sandy Soil
7.88,18.62,17.26,2.643,27.87,4.61,NaN,NaN,16.07,20.12,NaN,31.7,Gravelly Soil
55.74,16.13,11.0,2.772,100.0,100.0,98.98,0.0024,11.45,74.82,56.23,1.0,High-Plasticity Clay
16.7,17.11,14.66,2.757,99.52,99.52,94.99,NaN,8.74,30.41,15.71,14.1,Low-Plasticity Clay
40.81,17.97,12.76,2.773,100.0,100.0,100.0,0.0017,5.05,52.03,44.59,5.9,High-Plasticity Clay
5.02,16.44,15.66,2.654,NaN,48.27,6.43,0.4463,5.64,22.13,3.91,22.1,Sandy Soil
17.5,17.67,15.04,2.697,86.1,10.14,0.65,1.5344,4.39,28.39,6.88,19.9,Sandy Soil
21.04,16.53,13.66,2.65,100.0,95.48,62.04,0.0476,8.98,24.94,0.0,9.3,Silty Soil
40.95,17.0,12.06,2.705,99.49,99.49,98.47,0.0013,5.74,70.91,42.96,5.5,High-Plasticity Clay
36.47,16.57,12.15,2.771,100.0,98.49,94.61,0.009,6.72,60.48,46.12,2.4,High-Plasticity Clay
5.58,18.81,NaN,2.711,8.73,0.0,0.0,16.3322,4.74,NaN,3.29,30.6,Gravelly Soil
27.53,19.15,15.02,2.768,97.58,97.58,97.58,0.0036,4.21,28.44,8.51,13.2,Low-Plasticity Clay
24.48,18.71,15.03,2.672,99.05,93.53,60.58,0.0529,7.2,44.49,12.89,10.4,Silty Soil
2.77,17.87,17.39,2.712,3.88,0.0,0.0,23.9469,4.18,17.75,2.42,28.1,Gravelly Soil
16.49,15.7,13.47,2.672,90.75,NaN,9.97,0.5552,10.59,26.11,3.6,6.8,Sandy Soil
5.64,15.4,14.58,NaN,99.14,70.16,14.66,0.2392,5.48,15.17,1.89,11.6,Sandy Soil
65.63,16.27,11.0,2.781,100.0,100.0,96.2,0.0054,6.94,69.33,43.45,1.0,High-Plasticity Clay
36.09,15.57,11.44,2.683,100.0,97.58,83.92,0.0154,12.65,43.06,22.38,5.2,Low-Plasticity Clay
5.49,17.0,16.12,2.663,99.01,64.0,6.69,0.3091,4.3,25.23,6.57,19.8,Sandy Soil
24.57,19.57,15.71,2.643,100.0,100.0,87.06,0.0286,NaN,51.35,19.01,13.3,Silty Soil
4.84,19.57,18.66,2.642,99.46,46.04,1.03,0.4504,2.6,23.71,0.55,40.1,Sandy Soil
11.64,18.43,16.51,2.716,100.0,97.69,76.27,NaN,4.73,39.98,6.92,15.8,Silty Soil
2.0,21.18,20.77,2.639,13.87,1.83,1.7,17.9566,7.68,21.65,2.53,50.2,Gravelly Soil
43.57,NaN,12.4,2.787,99.28,99.28,99.28,NaN,5.36,69.44,46.35,6.0,High-Plasticity Clay
7.79,19.26,17.87,2.637,99.02,NaN,14.92,0.3228,8.99,19.9,NaN,32.2,Sandy Soil
28.91,15.23,11.82,2.64,98.81,98.81,86.97,0.0192,6.67,29.77,1.23,2.8,Silty Soil
7.13,17.1,15.96,2.632,36.22,4.02,0.55,8.9001,14.12,23.55,NaN,20.6,Gravelly Soil
6.81,19.77,18.51,2.635,100.0,68.84,24.07,0.1999,8.6,17.96,0.0,37.8,Sandy Soil
17.53,18.05,15.36,NaN,98.58,98.58,98.58,0.0089,5.81,32.56,1.17,10.2,Silty Soil
2.04,22.02,21.5,2.715,NaN,NaN,0.0,20.133,4.8,22.01,1.25,52.7,Gravelly Soil
28.98,15.18,11.77,2.76,100.0,100.0,99.29,0.0069,5.13,36.94,23.91,2.0,Low-Plasticity Clay
32.71,17.22,12.98,2.656,98.93,98.93,93.13,0.0134,5.73,32.38,4.78,4.8,Silty Soil
33.98,18.28,13.64,NaN,NaN,96.64,95.11,0.0149,4.37,32.37,11.75,10.7,Low-Plasticity Clay
9.12,19.44,17.82,2.664,85.09,5.42,0.44,1.8263,3.99,NaN,1.23,NaN,Sandy Soil
14.93,18.17,15.81,2.674,98.77,42.27,0.03,0.5472,4.05,NaN,0.4,18.1,Sandy Soil
5.61,16.38,NaN,2.662,100.0,46.83,2.61,0.4593,NaN,17.46,NaN,17.5,Sandy Soil
31.95,16.54,12.53,2.756,100.0,100.0,99.64,0.0026,4.82,43.62,20.15,2.0,Low-Plasticity Clay
8.08,NaN,NaN,2.676,87.76,41.57,9.96,0.5954,11.72,25.7,0.0,29.3,Sandy Soil
25.01,15.11,12.09,2.711,100.0,97.25,90.9,0.0131,NaN,20.17,3.31,3.2,Silty Soil
13.19,16.27,14.37,2.662,97.8,87.34,NaN,0.1241,5.18,21.58,NaN,12.6,Sandy Soil
49.99,16.86,11.24,2.782,100.0,100.0,95.93,0.0031,17.28,68.73,56.53,1.0,High-Plasticity Clay
30.03,NaN,12.9,2.74,99.32,99.02,99.02,0.0017,10.75,64.91,42.8,9.8,High-Plasticity Clay
39.75,17.73,12.68,2.78,NaN,100.0,NaN,0.0049,NaN,35.45,15.54,3.7,Low-Plasticity Clay
19.61,17.54,14.66,2.643,97.96,97.59,78.71,0.0218,11.27,48.36,NaN,8.6,Silty Soil
NaN,17.93,13.11,2.669,100.0,98.23,NaN,0.0142,5.07,26.87,4.81,5.4,Silty Soil
15.85,16.52,14.26,2.689,92.35,6.78,0.91,NaN,3.57,17.43,0.45,6.4,Sandy Soil
17.58,15.1,12.84,2.654,99.63,98.05,NaN,0.0175,6.72,57.99,18.44,6.3,Silty Soil
37.51,18.2,13.24,2.798,99.63,NaN,93.05,0.0089,NaN,NaN,26.55,7.9,High-Plasticity Clay
7.47,20.37,18.96,2.646,77.99,12.15,1.31,1.8339,6.38,27.2,NaN,29.2,Sandy Soil
2.0,19.86,19.47,2.707,NaN,1.55,0.23,18.6697,7.33,16.86,1.8,NaN,Gravelly Soil
2.0,18.22,17.86,2.63,25.01,3.36,0.69,15.1095,NaN,NaN,2.22,39.3,Gravelly Soil
11.82,15.67,14.01,2.735,100.0,99.42,99.42,0.0099,3.78,29.07,1.05,7.7,Silty Soil
17.65,18.3,15.55,2.7,98.08,93.29,64.07,0.047,10.69,22.11,0.0,10.9,Silty Soil
8.02,17.79,16.46,2.722,100.0,100.0,76.89,0.0418,3.34,39.87,NaN,20.4,Silty Soil
11.77,16.94,15.16,2.668,98.64,79.23,29.3,0.1528,7.51,15.34,1.97,15.5,Sandy Soil
27.51,17.81,13.97,2.682,98.64,98.64,97.1,0.005,7.6,48.27,27.79,14.9,Low-Plasticity Clay
45.05,15.19,11.0,2.713,98.14,NaN,97.66,0.0026,11.88,77.62,49.42,1.0,High-Plasticity Clay
16.09,16.4,14.12,2.692,93.57,0.0,0.0,2.176,2.23,18.07,0.0,9.6,Sandy Soil
31.12,15.75,12.01,2.694,99.43,97.34,75.47,0.0286,7.68,31.54,NaN,NaN,Silty Soil
46.08,17.22,11.79,2.739,NaN,100.0,NaN,0.0072,11.62,71.2,47.86,3.9,High-Plasticity Clay
37.86,17.3,12.55,NaN,100.0,98.7,79.66,0.0411,3.08,35.39,9.33,2.1,Silty Soil
6.84,17.29,16.18,2.678,97.52,95.7,72.48,0.026,11.95,38.98,11.36,17.0,Silty Soil
20.0,16.59,13.82,2.707,98.1,97.73,60.51,0.0553,4.7,34.38,8.64,10.6,Silty Soil
NaN,18.31,13.8,2.672,NaN,98.96,98.96,0.0093,3.75,34.83,0.0,9.6,Silty Soil
20.49,15.63,12.97,2.696,98.72,98.72,93.17,0.0128,NaN,41.1,24.81,6.2,Low-Plasticity Clay
16.22,16.91,14.55,NaN,99.56,98.54,NaN,0.0251,11.23,41.57,9.57,NaN,Silty Soil
17.91,15.89,13.47,2.729,99.47,NaN,91.68,0.0124,8.22,46.41,16.96,10.5,Silty Soil
17.16,17.22,14.7,2.642,81.54,19.61,1.7,1.35,7.73,15.02,0.18,23.2,Sandy Soil
6.12,16.37,15.42,NaN,75.23,5.72,0.0,2.299,5.07,23.15,4.2,24.4,Sandy Soil
37.57,17.0,12.36,2.716,99.69,NaN,92.25,0.0087,10.82,36.0,14.63,6.1,Low-Plasticity Clay
14.96,18.65,16.22,2.687,100.0,64.59,13.23,NaN,6.17,NaN,3.1,21.0,Sandy Soil
2.0,22.16,21.5,2.702,31.18,2.76,1.44,10.1993,13.08,19.45,2.41,55.1,Gravelly Soil
3.68,NaN,16.46,2.626,21.11,1.67,0.76,14.848,9.15,18.45,1.29,31.0,Gravelly Soil
7.52,17.01,15.82,2.661,98.71,12.37,0.0,0.9757,2.84,28.44,0.0,19.3,Sandy Soil
37.31,16.41,11.95,2.68,98.5,98.45,NaN,0.0119,9.3,33.47,8.71,2.0,Silty Soil
NaN,16.04,NaN,NaN,100.0,97.47,88.9,0.0129,7.8,39.08,23.95,2.0,Low-Plasticity Clay
36.87,16.39,11.98,2.669,100.0,NaN,90.99,0.0089,11.45,27.33,0.0,3.5,Silty Soil
8.28,18.15,16.76,NaN,93.8,38.5,5.72,0.5806,7.61,21.23,0.0,29.0,Sandy Soil
23.84,19.86,16.03,2.675,99.89,97.79,74.47,0.0361,5.89,24.84,0.0,17.5,Silty Soil
23.27,18.79,15.25,2.706,100.0,100.0,91.07,0.0139,6.7,27.01,12.33,19.2,Low-Plasticity Clay
5.5,17.91,16.98,2.683,22.88,1.23,1.23,11.1194,5.79,20.53,NaN,28.0,Gravelly Soil
19.72,17.5,14.62,2.721,97.55,97.55,93.8,0.0072,8.78,41.51,23.03,13.5,Low-Plasticity Clay
NaN,19.82,18.4,2.665,89.23,28.53,2.12,0.881,7.84,NaN,5.63,NaN,Sandy Soil
22.46,17.21,14.05,2.733,99.32,98.46,88.81,0.0141,NaN,25.96,8.37,13.9,Low-Plasticity Clay
23.46,17.7,14.34,NaN,99.72,98.22,98.22,0.0084,3.63,43.29,10.43,8.5,Silty Soil
6.01,19.02,NaN,NaN,48.58,9.39,0.46,4.8508,13.11,NaN,0.9,32.7,Gravelly Soil
15.99,17.87,15.41,2.675,99.84,0.0,0.0,1.8193,2.01,17.13,4.21,18.6,Sandy Soil
16.91,16.21,13.86,2.683,99.69,99.69,99.69,0.002,11.39,28.82,16.95,11.0,Low-Plasticity Clay
24.62,17.24,13.84,2.659,97.19,97.19,94.67,0.0081,8.15,28.15,NaN,11.9,Silty Soil
51.52,16.05,11.0,2.704,98.97,98.97,91.63,0.0068,11.74,67.53,43.98,3.6,High-Plasticity Clay
NaN,16.25,13.76,2.666,99.67,99.67,82.08,0.0208,7.8,38.32,3.09,7.8,Silty Soil
29.81,17.9,13.79,2.721,100.0,99.11,78.08,0.0296,6.65,28.09,1.48,7.7,Silty Soil
16.03,18.36,15.83,NaN,100.0,89.52,34.29,0.12,5.23,19.76,0.53,21.0,Sandy Soil
3.83,16.95,16.33,2.681,3.38,0.0,0.0,27.3477,5.35,16.11,0.71,25.8,Gravelly Soil
3.33,18.44,17.84,2.705,NaN,2.18,0.0,NaN,5.73,21.11,2.13,27.1,Gravelly Soil
NaN,15.02,13.32,2.648,94.47,31.38,3.18,0.7503,5.86,16.78,0.0,9.5,Sandy Soil
4.07,19.87,19.09,2.644,92.08,36.99,4.88,0.6367,7.21,23.51,3.21,39.6,Sandy Soil
26.45,18.16,14.36,NaN,100.0,100.0,78.91,0.0398,3.43,43.11,6.59,13.6,Silty Soil
61.67,NaN,11.0,2.795,99.16,99.16,96.85,0.0071,7.08,55.83,42.58,1.0,High-Plasticity Clay
4.28,NaN,19.81,2.637,20.12,NaN,0.0,10.0981,4.33,23.01,2.82,47.2,Gravelly Soil
39.99,15.27,11.0,2.708,98.87,97.47,97.47,0.0038,5.38,54.48,31.19,3.2,High-Plasticity Clay
12.08,15.15,13.52,2.688,95.95,36.62,5.81,0.6472,NaN,15.6,1.07,6.9,Sandy Soil
5.76,20.43,NaN,2.695,97.68,27.48,3.07,0.8433,5.45,17.4,0.0,34.2,Sandy Soil
32.56,17.24,13.0,2.794,100.0,98.15,87.79,0.0113,12.67,50.0,26.69,1.0,High-Plasticity Clay
2.0,19.9,19.51,2.714,18.95,0.0,0.0,13.6218,6.0,17.6,2.6,44.0,Gravelly Soil
10.48,17.39,15.74,2.698,78.21,9.39,0.66,NaN,5.91,15.09,2.11,25.5,Sandy Soil
5.76,16.31,15.42,2.679,NaN,0.0,0.0,7.7807,6.46,19.57,2.97,13.4,Gravelly Soil
11.01,18.22,16.42,2.688,91.44,18.14,1.39,1.039,NaN,26.42,3.73,25.6,Sandy Soil
22.79,16.94,NaN,NaN,99.59,69.59,3.73,0.2895,3.2,25.79,3.26,8.1,Sandy Soil
12.86,16.65,NaN,2.656,73.36,10.22,0.0,NaN,6.76,19.16,2.65,NaN,Sandy Soil
9.86,NaN,16.6,2.708,41.01,2.89,0.38,6.0115,6.03,20.7,1.59,16.6,Gravelly Soil
14.97,15.86,13.8,2.633,100.0,67.9,4.96,0.2987,3.06,19.13,2.79,6.7,Sandy Soil
22.93,19.77,16.08,2.644,100.0,94.29,75.98,0.0273,10.84,60.93,24.78,12.0,Silty Soil
7.22,18.08,16.87,2.695,25.85,0.0,0.0,9.6771,5.77,22.2,4.97,29.0,Gravelly Soil
11.87,17.1,15.28,NaN,99.03,96.32,59.74,0.0574,5.76,51.77,10.34,NaN,Silty Soil
7.09,16.67,15.57,2.694,25.23,1.1,0.87,10.0801,NaN,27.94,NaN,10.4,Gravelly Soil
8.23,18.86,17.43,2.67,49.43,7.8,0.0,5.6066,14.05,21.22,1.35,27.4,Gravelly Soil
36.65,17.42,12.74,2.762,100.0,100.0,94.45,NaN,7.98,NaN,23.62,NaN,Low-Plasticity Clay
5.74,15.87,15.01,2.668,74.25,7.15,0.16,2.3693,NaN,21.91,1.72,21.4,Sandy Soil
6.22,15.64,14.72,2.64,81.05,17.18,2.45,1.5091,7.16,26.69,2.45,17.7,Sandy Soil
28.57,17.09,13.29,2.717,100.0,99.58,95.57,0.0131,NaN,NaN,15.82,6.0,Low-Plasticity Clay
8.73,18.1,16.65,2.635,12.75,1.99,1.84,28.1412,12.22,22.95,2.08,NaN,Gravelly Soil
26.29,17.47,13.83,2.72,100.0,100.0,85.01,0.0165,9.76,38.51,16.94,8.0,Low-Plasticity Clay
NaN,17.27,NaN,2.695,26.84,1.24,0.26,NaN,8.26,16.74,NaN,13.7,Gravelly Soil
6.15,NaN,16.46,2.651,28.01,0.0,NaN,11.2898,NaN,18.21,1.53,21.5,Gravelly Soil
4.44,16.06,15.37,2.7,44.59,10.07,1.75,5.4971,17.07,18.46,3.96,12.8,Gravelly Soil
18.59,15.83,13.35,2.751,NaN,98.82,94.82,0.0049,13.95,49.0,33.14,7.6,Low-Plasticity Clay
16.63,19.11,16.39,2.719,100.0,91.67,69.82,0.0356,11.93,38.34,7.18,19.3,Silty Soil
3.03,21.54,20.91,NaN,23.52,1.78,0.06,18.9754,18.88,17.83,2.78,49.3,Gravelly Soil
37.2,17.9,13.05,2.752,100.0,100.0,91.9,0.0069,12.51,51.29,35.36,8.1,High-Plasticity Clay
31.33,15.83,12.06,2.694,100.0,100.0,97.07,0.0057,8.1,45.93,32.35,NaN,Low-Plasticity Clay
6.49,20.08,18.86,2.64,79.11,24.41,NaN,1.2884,NaN,21.82,1.49,30.6,Sandy Soil
8.03,18.2,16.84,2.668,33.7,3.9,0.0,7.7822,8.0,16.3,1.47,20.6,Gravelly Soil
19.76,17.36,14.5,2.701,99.26,99.26,96.29,0.0048,11.85,36.69,23.81,13.8,Low-Plasticity Clay
8.63,20.64,19.0,2.649,99.17,42.07,3.16,0.5189,5.53,24.99,1.39,31.1,Sandy Soil
13.4,17.37,15.32,2.63,87.65,29.16,4.09,0.9292,9.59,19.55,1.61,18.1,Sandy Soil
39.88,16.91,12.09,2.786,98.79,97.97,97.67,0.0037,10.38,77.8,NaN,7.1,High-Plasticity Clay
19.77,14.59,NaN,NaN,100.0,98.48,82.71,0.0179,9.38,45.23,17.7,4.6,Silty Soil
2.11,19.65,19.24,2.72,24.19,3.46,1.26,18.7595,17.81,16.11,4.08,37.9,Gravelly Soil
31.63,17.92,NaN,2.797,98.72,98.72,96.44,0.0036,14.89,64.63,53.21,3.1,High-Plasticity Clay
23.91,17.95,14.49,2.732,100.0,100.0,97.94,0.0027,7.11,47.45,29.99,15.3,Low-Plasticity Clay
10.23,17.9,16.24,2.649,95.47,21.71,0.0,0.9335,4.81,29.73,NaN,18.4,Sandy Soil
2.67,18.47,NaN,2.678,33.41,2.16,NaN,9.4087,9.96,19.62,1.32,34.3,Gravelly Soil
41.68,16.53,11.67,2.735,98.89,98.89,98.89,0.0021,6.53,36.48,24.43,2.0,Low-Plasticity Clay
2.0,20.83,20.43,2.705,7.24,0.49,0.0,16.6308,4.16,18.09,2.83,48.2,Gravelly Soil
NaN,18.61,15.56,2.649,97.43,97.43,NaN,NaN,6.95,30.26,0.0,12.4,Silty Soil
3.22,19.34,18.73,2.63,37.19,3.37,0.0,8.0392,8.26,17.04,3.16,39.1,Gravelly Soil
3.13,18.85,18.28,2.7,92.98,36.57,4.27,0.6763,7.84,NaN,1.1,37.2,Sandy Soil
38.64,16.77,12.1,2.713,97.47,NaN,77.7,0.038,3.9,34.82,1.31,2.0,Silty Soil
17.7,16.67,14.17,2.741,100.0,98.6,81.72,0.0189,10.75,36.7,21.12,8.4,Low-Plasticity Clay
27.48,17.31,13.58,2.756,100.0,100.0,95.77,0.0067,NaN,50.33,38.91,8.7,High-Plasticity Clay
2.51,16.66,16.25,NaN,19.51,0.0,0.0,13.0209,NaN,17.24,3.91,NaN,Gravelly Soil
20.5,14.86,12.33,2.689,99.75,93.42,68.18,0.0363,10.48,35.95,NaN,7.3,Silty Soil
12.87,17.68,15.67,2.731,100.0,99.64,77.86,0.0361,NaN,44.12,14.63,11.5,Silty Soil
NaN,16.17,11.86,2.651,100.0,NaN,69.55,0.0309,10.88,40.84,7.23,2.0,Silty Soil
17.17,NaN,15.85,2.712,100.0,97.65,73.61,0.0314,8.34,20.0,1.89,19.5,Silty Soil
36.51,16.62,12.18,2.748,100.0,98.59,98.59,0.0028,4.04,32.42,NaN,2.0,Low-Plasticity Clay
48.66,15.02,11.0,NaN,NaN,97.08,96.67,0.002,19.93,67.28,44.36,1.0,High-Plasticity Clay
NaN,17.57,16.0,2.672,NaN,63.07,8.96,0.3129,4.82,25.38,2.76,20.8,Sandy Soil
9.38,18.45,16.87,2.707,9.37,0.77,0.77,17.9741,5.43,22.0,2.9,25.9,Gravelly Soil
24.9,16.95,NaN,2.678,100.0,NaN,79.21,0.0279,8.27,25.09,0.0,8.5,Silty Soil
24.73,16.43,13.17,2.641,100.0,92.65,58.19,0.0575,8.81,24.33,1.57,5.3,Silty Soil
59.05,15.49,11.0,2.727,NaN,96.93,96.43,0.0067,8.19,NaN,54.57,1.0,High-Plasticity Clay
37.18,18.25,13.3,2.741,100.0,99.43,92.25,0.0073,12.36,40.08,27.14,3.2,Low-Plasticity Clay
8.37,20.65,19.05,2.684,95.72,37.95,NaN,0.6324,6.1,18.07,1.09,32.0,Sandy Soil
41.97,NaN,11.97,2.753,100.0,97.71,85.29,0.0132,13.45,NaN,11.81,2.0,Low-Plasticity Clay
28.45,NaN,12.73,2.721,99.94,98.57,89.59,0.0161,5.2,NaN,27.89,4.6,Low-Plasticity Clay
35.57,16.75,12.35,2.754,100.0,100.0,97.75,0.0053,7.56,30.09,NaN,2.0,Low-Plasticity Clay
22.97,14.97,12.17,2.779,100.0,100.0,97.55,0.0036,9.35,25.68,11.18,2.0,Low-Plasticity Clay
14.45,NaN,13.85,2.686,98.72,94.01,58.78,0.0593,NaN,48.32,15.89,14.1,Silty Soil
44.08,17.23,11.96,2.682,100.0,97.83,96.55,0.0147,4.47,NaN,8.72,2.0,Silty Soil
3.38,21.32,20.62,2.685,36.46,7.31,NaN,8.7449,18.27,27.74,1.77,43.8,Gravelly Soil
29.66,14.91,11.5,2.697,98.59,98.59,97.36,0.0046,10.06,NaN,17.9,6.2,Low-Plasticity Clay
22.09,NaN,15.46,2.672,98.76,98.76,81.17,0.0281,5.85,20.0,0.0,12.8,Silty Soil
15.78,15.49,13.38,2.701,NaN,93.49,59.67,0.0507,7.8,50.4,16.85,NaN,Silty Soil
15.73,17.13,14.8,2.688,NaN,100.0,73.74,0.0421,3.84,36.99,10.1,7.1,Silty Soil
2.0,17.26,16.92,2.669,79.07,26.01,5.12,1.1422,11.52,21.14,NaN,28.7,Sandy Soil
7.23,19.47,18.16,2.656,18.94,NaN,NaN,18.3659,10.79,27.2,2.78,32.6,Gravelly Soil
10.69,17.19,15.53,2.709,23.24,0.6,0.28,11.9501,6.51,20.05,2.15,14.6,Gravelly Soil
25.86,17.95,NaN,2.644,100.0,99.84,90.21,0.0112,9.31,32.67,5.57,13.7,Silty Soil
11.48,19.29,17.3,2.687,98.53,NaN,18.17,0.1452,3.25,24.91,0.0,NaN,Sandy Soil
12.19,19.74,17.6,2.694,98.77,47.08,0.0,0.4402,2.13,20.24,1.37,19.8,Sandy Soil
8.42,14.95,13.79,2.698,99.57,78.68,21.86,0.18,5.32,24.5,NaN,8.3,Sandy Soil
7.07,17.04,15.91,2.688,70.85,8.26,0.85,2.2532,6.24,26.22,1.16,24.0,Sandy Soil
23.95,15.37,12.4,2.686,100.0,100.0,84.48,0.0273,4.19,40.13,5.77,2.0,Silty Soil
4.19,17.91,17.18,2.643,93.95,49.34,14.57,0.4275,10.83,25.15,2.32,34.7,Sandy Soil
10.85,17.52,15.81,2.636,5.92,NaN,0.0,29.4845,4.31,26.61,NaN,21.3,Gravelly Soil
5.83,18.79,17.75,2.695,93.73,60.86,18.58,0.2865,9.9,NaN,2.29,24.7,Sandy Soil
3.08,18.16,17.62,2.66,93.57,2.45,0.0,1.5481,2.8,20.95,5.46,25.9,Sandy Soil
NaN,16.39,11.0,2.735,100.0,99.37,98.18,0.0029,11.21,60.93,42.55,1.0,High-Plasticity Clay
33.52,16.25,12.17,2.646,100.0,100.0,100.0,0.0109,4.05,33.86,7.65,4.8,Silty Soil
5.85,14.79,13.97,2.686,NaN,28.4,3.64,0.8596,8.32,NaN,0.42,14.9,Sandy Soil
NaN,17.84,13.36,2.662,100.0,NaN,NaN,0.0118,5.05,48.2,18.07,10.1,Silty Soil
56.61,15.66,11.0,2.729,99.22,99.01,93.7,0.0038,17.69,78.99,60.57,1.0,High-Plasticity Clay
41.81,17.56,12.38,NaN,99.17,99.17,99.17,0.0025,4.67,43.97,32.97,2.0,Low-Plasticity Clay
31.71,15.86,12.04,2.644,100.0,98.12,79.46,0.0304,4.7,42.26,13.03,3.9,Silty Soil
20.17,16.06,13.37,2.713,100.0,NaN,76.47,0.0409,3.84,40.2,9.25,3.5,Silty Soil
22.96,18.34,14.92,2.673,99.57,96.21,79.63,0.0201,10.89,34.85,3.14,7.8,Silty Soil
7.76,16.44,15.26,2.631,9.62,2.18,2.17,21.4049,5.37,25.92,0.07,NaN,Gravelly Soil
NaN,15.4,12.72,2.693,100.0,100.0,93.25,0.0088,9.36,42.41,28.76,7.5,Low-Plasticity Clay
34.54,18.18,13.52,2.694,100.0,100.0,98.1,0.0082,NaN,30.32,15.13,10.0,Low-Plasticity Clay
18.4,16.17,13.66,2.739,99.67,99.43,71.66,0.0378,6.04,42.99,13.64,10.6,Silty Soil
52.27,14.75,11.0,2.765,97.34,97.34,97.34,0.0029,9.92,50.0,41.57,1.0,High-Plasticity Clay
13.36,NaN,15.33,2.695,91.44,47.71,12.49,0.4708,10.56,17.84,3.94,21.3,Sandy Soil
5.45,17.16,16.28,2.654,48.75,8.46,1.02,4.8487,18.99,22.52,0.43,31.1,Gravelly Soil
7.95,20.3,18.8,2.66,96.31,39.0,0.44,0.596,5.35,26.94,2.3,39.7,Sandy Soil
NaN,17.06,14.53,2.717,96.35,96.35,92.95,0.0152,NaN,28.28,0.86,14.3,Silty Soil
30.79,17.37,13.28,2.748,99.46,99.46,98.13,0.0012,17.72,50.0,22.1,4.2,High-Plasticity Clay
41.07,16.22,11.5,2.696,100.0,100.0,95.46,0.0051,11.41,25.89,9.23,2.0,Low-Plasticity Clay
3.48,NaN,16.04,2.665,99.15,75.95,2.11,0.28,NaN,28.36,2.01,27.1,Sandy Soil
6.79,19.61,18.36,2.685,96.33,53.21,14.28,0.3769,8.62,28.43,4.0,34.9,Sandy Soil
NaN,16.43,15.85,2.68,21.9,0.0,NaN,12.3177,NaN,NaN,3.88,19.8,Gravelly Soil
6.59,16.3,15.29,2.68,42.37,0.0,0.0,5.5691,4.28,25.43,1.2,10.0,Gravelly Soil
10.97,16.07,14.48,2.682,100.0,96.61,55.89,0.0596,5.73,24.57,0.0,7.9,Silty Soil
42.45,17.3,12.14,2.792,98.43,98.43,86.62,NaN,15.4,70.11,51.05,3.7,High-Plasticity Clay
12.79,16.97,15.04,2.635,97.17,22.54,0.87,NaN,3.74,25.29,3.14,18.4,Sandy Soil
2.81,18.58,18.07,2.718,18.96,3.05,0.15,21.6621,16.21,16.48,3.18,33.3,Gravelly Soil
5.95,17.87,16.86,2.685,44.62,2.59,0.08,5.6435,8.28,21.51,NaN,NaN,Gravelly Soil
5.88,18.14,17.13,2.698,98.51,4.75,0.0,1.3113,3.08,28.78,3.33,32.0,Sandy Soil
25.54,15.2,12.1,2.715,98.23,98.04,89.31,0.0162,7.0,40.56,11.34,2.2,Silty Soil
27.11,17.0,13.37,2.736,100.0,97.87,78.05,0.0253,7.48,51.68,21.07,2.1,Silty Soil
5.66,14.06,13.3,2.645,99.02,95.84,6.56,0.1637,2.27,19.42,0.18,5.0,Sandy Soil
8.79,18.94,17.41,2.65,40.08,0.63,0.0,6.1049,NaN,15.04,0.86,33.5,Gravelly Soil
62.09,16.62,11.0,NaN,100.0,99.91,98.46,NaN,12.51,58.38,49.51,1.0,High-Plasticity Clay
6.89,16.69,15.61,2.643,9.02,0.0,NaN,21.151,4.69,22.35,3.36,25.1,Gravelly Soil
4.78,19.77,18.87,2.654,99.87,56.12,10.86,0.3483,8.12,24.77,2.11,28.5,Sandy Soil
50.6,14.62,11.0,2.772,100.0,99.81,92.88,0.005,19.67,65.44,47.36,1.0,High-Plasticity Clay
52.27,16.27,11.0,2.711,100.0,100.0,100.0,0.001,NaN,58.91,38.99,1.0,High-Plasticity Clay
57.97,15.26,11.0,NaN,100.0,NaN,99.37,0.0031,7.16,53.11,33.84,1.0,High-Plasticity Clay
33.52,18.39,13.78,2.722,NaN,100.0,NaN,0.0106,4.68,20.0,0.0,4.0,Silty Soil
24.93,16.61,13.29,2.718,100.0,95.47,68.53,0.0376,8.76,52.31,15.93,4.9,Silty Soil
27.96,18.85,14.73,2.721,100.0,97.74,78.38,0.0217,10.34,33.4,5.49,11.0,Silty Soil
5.84,19.86,18.76,2.705,34.19,4.87,2.56,10.9402,14.98,19.65,1.0,33.7,Gravelly Soil
7.4,17.7,16.48,2.621,NaN,0.0,0.0,24.9514,8.75,16.06,4.82,25.2,Gravelly Soil
6.25,19.15,18.02,2.684,90.27,9.23,0.9,1.409,4.28,17.28,0.97,31.6,Sandy Soil
22.6,18.51,15.1,2.722,98.02,98.02,79.04,0.0296,5.34,27.59,4.66,NaN,Silty Soil
4.11,17.01,16.34,2.652,NaN,1.19,0.55,NaN,9.37,NaN,3.74,33.2,Gravelly Soil
2.4,22.11,21.5,2.686,17.4,NaN,NaN,15.2773,6.84,17.45,0.0,54.3,Gravelly Soil
11.63,19.09,17.1,2.665,74.26,14.96,1.69,1.7332,9.16,15.78,3.83,31.6,Sandy Soil
5.76,19.09,NaN,2.624,38.97,1.84,0.93,7.0313,7.0,18.66,0.81,33.0,Gravelly Soil
36.98,16.25,11.86,2.66,100.0,97.8,79.24,0.0211,10.77,55.09,19.39,2.0,Silty Soil
48.89,14.61,11.0,2.77,99.02,99.02,99.02,0.0015,10.4,95.0,65.0,1.0,High-Plasticity Clay
17.37,NaN,13.43,2.714,99.87,96.88,65.18,0.0466,6.6,34.11,8.76,3.5,Silty Soil
28.17,15.48,12.08,2.687,100.0,100.0,91.31,0.019,5.04,35.29,20.86,8.7,Low-Plasticity Clay
4.08,16.56,15.91,2.705,15.81,0.0,NaN,NaN,NaN,19.47,0.0,22.1,Gravelly Soil
5.23,NaN,19.43,2.694,98.0,64.02,3.78,0.3186,3.12,29.45,2.35,41.6,Sandy Soil
9.82,17.47,15.91,2.696,NaN,0.0,0.0,22.5017,13.58,27.43,3.24,10.0,Gravelly Soil
NaN,18.98,15.68,NaN,100.0,100.0,94.51,0.009,6.69,34.37,0.36,10.3,Silty Soil
7.64,20.99,19.5,2.685,NaN,NaN,0.91,1.2379,3.91,24.44,2.08,45.0,Sandy Soil
37.28,16.84,12.26,2.797,99.49,99.49,94.07,0.0075,8.62,62.99,37.88,NaN,High-Plasticity Clay
56.32,NaN,11.0,2.776,100.0,99.92,99.04,0.0011,5.83,55.07,28.78,1.0,High-Plasticity Clay
25.86,19.07,15.15,2.723,98.69,98.69,98.69,0.0113,4.35,32.0,15.51,16.7,Low-Plasticity Clay
4.96,21.04,20.04,2.661,44.89,5.97,0.21,NaN,11.37,27.5,4.22,48.1,Gravelly Soil
13.12,18.79,16.61,2.692,99.01,26.13,1.53,0.7307,4.03,23.08,1.29,24.6,Sandy Soil
40.53,16.05,NaN,2.759,99.5,99.45,99.45,NaN,9.9,54.55,32.8,4.7,High-Plasticity Clay
44.08,17.65,12.25,2.768,NaN,98.29,98.29,0.0021,12.8,34.27,21.77,7.0,Low-Plasticity Clay
52.46,17.27,11.33,2.771,100.0,98.9,91.68,0.0115,7.71,72.47,47.98,1.0,High-Plasticity Clay
31.87,16.43,12.46,2.737,100.0,100.0,99.48,0.0038,4.39,48.69,28.56,2.0,Low-Plasticity Clay
7.07,20.68,19.31,2.687,98.73,55.96,NaN,0.3855,2.91,21.32,3.09,35.4,Sandy Soil
NaN,17.41,11.67,2.764,99.64,97.87,97.87,0.008,6.15,62.19,48.18,1.0,High-Plasticity Clay
35.86,16.99,12.5,2.72,100.0,99.96,98.57,0.0036,6.24,44.47,24.49,2.0,Low-Plasticity Clay
4.12,17.27,16.59,NaN,97.68,62.58,17.28,0.292,8.07,24.78,1.3,21.6,Sandy Soil
9.88,16.12,14.67,2.69,99.6,98.2,75.3,0.0314,6.58,54.97,17.67,9.5,Silty Soil
2.85,16.76,NaN,NaN,98.13,66.48,16.54,0.2525,6.67,21.94,3.71,22.3,Sandy Soil
2.0,21.93,21.5,2.674,8.24,0.0,0.0,25.2665,5.59,21.37,0.0,52.9,Gravelly Soil
3.98,19.08,18.35,NaN,NaN,5.36,0.0,1.9503,4.24,20.16,2.06,32.5,Sandy Soil
NaN,16.28,12.78,2.682,100.0,100.0,NaN,0.0187,NaN,33.57,NaN,6.1,Low-Plasticity Clay
12.76,18.25,16.19,2.641,99.46,50.29,1.68,0.4268,3.42,18.82,1.08,25.9,Sandy Soil
2.17,21.24,20.79,2.681,21.2,0.0,0.0,15.1406,10.38,23.51,0.0,49.1,Gravelly Soil
32.68,17.1,12.89,2.789,100.0,99.33,NaN,0.0116,16.93,51.94,26.45,2.8,High-Plasticity Clay
2.61,16.29,15.87,2.663,43.01,7.81,1.15,6.74,18.49,26.39,5.25,19.2,Gravelly Soil
17.56,17.25,14.68,2.662,98.33,63.84,18.52,0.2549,10.68,24.55,0.34,6.7,Sandy Soil
36.39,16.96,12.44,2.72,98.49,NaN,98.49,NaN,10.15,36.43,19.89,6.0,Low-Plasticity Clay
36.76,18.52,13.54,2.781,100.0,99.06,98.97,0.0072,7.79,71.67,45.91,8.3,High-Plasticity Clay
5.66,14.89,14.09,2.661,98.78,76.4,1.16,0.2755,2.4,26.66,5.71,5.0,Sandy Soil
17.53,16.94,14.42,2.67,100.0,98.02,92.62,0.0086,9.78,34.11,4.29,NaN,Silty Soil
21.94,17.37,14.25,2.735,100.0,100.0,91.39,0.023,3.51,27.32,1.54,16.3,Silty Soil
21.66,14.58,11.98,2.684,100.0,99.64,90.89,0.0087,12.78,27.21,16.88,7.1,Low-Plasticity Clay
14.87,16.16,NaN,2.655,97.82,80.76,0.0,0.2891,2.09,16.78,1.64,5.0,Sandy Soil
29.85,18.16,13.99,2.734,96.68,96.68,88.24,0.0186,5.89,45.63,10.72,4.1,Silty Soil
NaN,21.71,21.29,2.696,37.68,6.31,0.0,7.8558,12.31,24.96,2.13,NaN,Gravelly Soil
14.33,14.64,12.8,2.676,98.71,97.63,69.67,0.0451,4.41,28.35,0.0,7.2,Silty Soil
NaN,18.23,17.41,2.647,23.44,NaN,0.0,NaN,17.34,17.82,2.6,37.2,Gravelly Soil
16.85,18.08,15.48,2.731,99.4,99.4,76.1,0.0384,4.04,36.23,NaN,6.9,Silty Soil
14.04,17.87,15.67,2.635,85.84,0.0,0.0,NaN,2.58,17.66,0.0,19.4,Sandy Soil
19.54,16.71,13.98,2.701,100.0,100.0,100.0,0.0024,5.96,37.74,24.85,6.1,Low-Plasticity Clay
27.79,19.12,14.96,2.738,100.0,95.29,64.86,NaN,10.65,42.71,9.93,11.4,Silty Soil
4.34,16.63,15.94,2.631,29.65,0.84,0.0,9.8647,10.62,26.41,0.0,17.1,Gravelly Soil
3.28,21.31,NaN,2.687,NaN,1.7,0.64,NaN,NaN,24.48,1.65,41.2,Gravelly Soil
21.26,15.49,12.78,2.711,100.0,100.0,84.34,0.0186,7.8,43.27,25.94,6.3,Low-Plasticity Clay
19.95,17.17,14.31,2.664,99.36,99.36,96.15,0.0144,4.05,32.04,2.72,17.0,Silty Soil
NaN,14.84,13.94,2.688,99.72,7.6,0.0,NaN,2.51,26.34,0.69,10.8,Sandy Soil
6.66,17.72,16.61,2.67,100.0,65.7,14.15,0.2552,6.09,20.2,3.77,22.0,Sandy Soil
10.04,18.16,16.5,2.677,99.33,69.17,26.99,0.2018,11.43,26.48,0.0,24.0,Sandy Soil
13.36,14.88,NaN,2.664,100.0,100.0,95.65,0.0185,3.69,47.77,15.09,11.2,Silty Soil
7.76,20.63,19.14,NaN,12.74,1.04,0.0,NaN,5.12,17.42,1.08,43.1,Gravelly Soil
NaN,NaN,12.51,2.738,98.61,98.61,NaN,0.002,11.65,88.32,56.47,3.8,High-Plasticity Clay
NaN,17.33,12.64,NaN,100.0,97.68,83.93,0.0166,9.28,40.02,8.04,2.0,Silty Soil
23.16,17.77,14.43,2.778,98.58,98.58,97.36,0.0022,4.41,25.0,8.0,7.8,Low-Plasticity Clay
20.36,NaN,13.57,2.713,NaN,98.94,94.64,0.0112,6.57,51.15,18.98,4.8,Silty Soil
4.03,16.3,15.67,2.676,46.52,9.76,1.16,5.526,18.78,17.14,0.37,10.0,Gravelly Soil
5.2,17.32,NaN,2.716,12.48,1.12,0.0,16.211,6.32,27.46,2.5,19.1,Gravelly Soil
15.69,18.99,16.41,2.674,100.0,95.19,59.3,0.0579,5.49,43.22,NaN,13.6,Silty Soil
38.93,17.86,12.85,2.685,99.45,99.45,95.64,0.0045,10.33,40.96,24.49,7.4,Low-Plasticity Clay
8.64,16.77,15.44,2.676,NaN,3.54,0.17,11.9012,16.35,19.74,5.02,14.7,Gravelly Soil
47.45,14.62,11.0,2.728,100.0,97.01,90.41,0.0088,12.36,65.95,33.75,4.6,High-Plasticity Clay
64.83,15.72,11.0,2.722,98.07,98.07,95.24,0.0082,9.08,66.82,54.19,1.6,High-Plasticity Clay
8.07,14.56,13.47,2.671,85.98,20.52,0.94,1.2228,7.15,26.94,0.62,8.4,Sandy Soil
9.4,18.85,17.23,2.63,96.63,16.72,0.0,0.8256,3.11,26.04,4.41,35.7,Sandy Soil
7.16,NaN,16.9,2.638,17.0,0.0,0.0,15.8211,8.68,25.3,1.89,28.3,Gravelly Soil
9.08,17.4,15.95,2.689,95.14,60.87,NaN,0.3159,8.45,28.79,4.24,16.6,Sandy Soil
9.7,16.98,15.48,2.671,99.76,87.1,13.98,0.1726,3.3,16.81,0.0,21.0,Sandy Soil
40.78,16.77,11.91,2.787,99.28,99.17,95.35,0.0053,11.99,55.23,32.29,2.2,High-Plasticity Clay
24.14,14.9,12.01,2.687,100.0,98.43,98.43,0.0064,4.81,33.52,14.85,9.4,Low-Plasticity Clay
27.84,NaN,12.8,2.707,98.87,98.41,96.45,0.0096,6.12,39.15,24.72,5.7,Low-Plasticity Clay
10.81,17.13,15.46,2.649,99.78,10.98,0.0,0.7536,2.0,17.18,2.52,25.3,Sandy Soil
27.49,17.26,13.54,2.7,99.49,99.49,96.95,0.0089,6.65,27.91,NaN,11.4,Silty Soil
38.18,17.26,12.49,2.736,99.43,99.43,99.34,NaN,7.71,43.08,17.45,2.6,Low-Plasticity Clay
3.5,18.28,17.66,2.675,94.24,11.84,0.0,NaN,3.84,22.93,0.0,31.5,Sandy Soil
9.24,19.42,17.78,2.687,97.61,56.45,14.42,0.3627,10.16,19.02,0.83,25.9,Sandy Soil
53.7,16.56,11.0,2.747,99.2,99.2,95.34,0.0066,9.06,56.56,44.56,NaN,High-Plasticity Clay
3.2,15.97,15.48,2.692,38.45,NaN,0.02,7.2935,9.1,26.11,3.89,19.4,Gravelly Soil
5.8,20.41,19.3,2.647,44.5,6.23,0.85,6.3706,13.14,19.59,4.78,36.5,Gravelly Soil
18.72,16.69,14.06,2.712,99.69,99.69,99.69,0.0046,6.42,31.35,20.8,NaN,Low-Plasticity Clay
8.09,17.19,15.9,2.626,43.71,6.86,1.61,6.2515,17.61,24.59,0.8,22.6,Gravelly Soil
4.76,19.32,18.45,2.664,95.29,66.93,26.24,0.2019,11.94,27.41,4.53,32.4,Sandy Soil
53.2,14.67,11.0,2.732,99.32,98.5,97.83,0.0013,15.6,75.22,NaN,1.0,High-Plasticity Clay
9.3,18.03,16.49,2.688,22.02,2.77,1.28,17.1679,NaN,17.93,NaN,22.4,Gravelly Soil
34.83,16.2,12.01,2.694,100.0,97.74,78.21,0.031,6.23,34.81,0.0,5.7,Silty Soil
9.76,21.14,19.26,2.673,89.14,32.36,5.97,0.8014,8.54,NaN,NaN,35.4,Sandy Soil
16.67,15.7,13.46,2.681,100.0,99.15,90.1,0.0119,9.17,30.62,2.07,2.3,Silty Soil
3.48,19.17,18.53,2.693,87.37,32.51,3.98,0.8683,9.5,NaN,2.87,37.6,Sandy Soil
8.01,18.81,17.42,2.674,24.92,1.57,0.0,17.1837,15.3,27.29,1.85,NaN,Gravelly Soil
35.45,NaN,11.87,2.713,100.0,99.07,94.61,0.0168,4.26,37.33,NaN,2.0,Low-Plasticity Clay
26.08,17.33,13.74,2.711,100.0,99.0,93.82,0.0096,7.95,36.08,23.62,10.6,Low-Plasticity Clay
20.31,18.13,15.07,2.759,100.0,98.89,NaN,NaN,7.31,39.59,18.86,14.2,Low-Plasticity Clay
3.76,19.86,19.14,2.664,81.46,8.75,0.74,1.7237,5.34,22.29,NaN,33.6,Sandy Soil
13.14,17.01,15.03,2.691,100.0,97.94,74.5,0.0385,4.83,20.71,0.0,12.4,Silty Soil
30.78,16.38,12.52,2.655,98.8,95.59,81.04,0.0219,9.08,43.66,9.09,NaN,Silty Soil
NaN,20.39,19.97,2.689,25.99,2.82,0.0,10.8366,7.26,24.79,1.92,50.5,Gravelly Soil
4.95,NaN,NaN,2.718,22.76,0.49,0.0,11.1804,5.88,20.64,3.06,17.7,Gravelly Soil
10.24,16.21,14.7,2.653,92.84,10.12,0.0,1.4027,3.73,19.35,3.85,11.9,Sandy Soil
20.94,16.29,13.47,2.729,100.0,99.58,98.33,0.0063,4.44,32.3,16.28,NaN,Low-Plasticity Clay
33.3,16.32,12.24,2.779,100.0,99.76,99.76,0.0026,8.73,37.73,21.76,2.0,Low-Plasticity Clay
20.18,17.41,14.49,2.713,99.14,99.14,99.14,0.0032,4.93,35.66,14.53,18.6,Low-Plasticity Clay
42.73,16.34,11.45,2.684,99.87,99.87,95.14,0.0067,9.16,37.4,23.86,2.0,Low-Plasticity Clay
11.3,16.97,15.24,2.662,37.77,0.0,0.0,6.1655,5.44,18.38,NaN,10.0,Gravelly Soil
8.15,15.05,13.91,2.665,69.09,17.7,1.73,2.0457,11.99,29.39,3.19,10.2,Sandy Soil
17.24,16.27,13.88,NaN,100.0,NaN,97.24,0.0146,3.76,38.7,6.21,11.2,Silty Soil
10.87,16.49,14.87,2.661,100.0,95.44,76.49,0.0239,10.91,20.0,2.02,6.6,Silty Soil
29.55,18.68,14.42,2.733,98.27,98.27,98.27,NaN,5.87,NaN,13.23,7.8,Low-Plasticity Clay
2.9,17.98,17.47,2.63,40.7,0.0,0.0,6.4341,NaN,26.32,1.01,29.8,Gravelly Soil
8.73,16.76,15.42,2.651,11.14,0.0,0.0,19.0711,5.69,27.4,NaN,15.6,Gravelly Soil
11.62,15.16,13.58,2.68,98.5,51.27,9.22,0.4184,7.42,28.89,2.87,5.0,Sandy Soil
19.84,16.79,14.01,2.674,88.8,29.22,3.28,0.9458,8.69,20.37,5.37,12.1,Sandy Soil
40.12,16.61,11.85,2.705,100.0,100.0,92.72,0.0149,6.06,42.63,24.29,2.8,Low-Plasticity Clay
39.12,17.05,NaN,2.749,100.0,100.0,93.15,0.0058,17.54,66.52,46.73,4.2,High-Plasticity Clay
19.38,16.53,13.84,2.686,94.98,59.61,15.31,0.2913,7.9,16.45,0.0,5.9,Sandy Soil
NaN,22.35,21.46,2.671,43.9,5.42,0.25,NaN,13.27,26.5,2.05,58.9,Gravelly Soil
11.31,16.7,15.01,2.655,98.61,NaN,89.49,0.012,9.1,23.97,1.4,18.5,Silty Soil
21.58,15.6,12.83,2.689,100.0,97.4,NaN,0.0375,8.27,24.4,0.0,2.9,Silty Soil
9.66,19.96,18.2,2.653,99.88,NaN,4.55,0.1896,2.37,26.69,4.54,21.6,Sandy Soil
7.86,16.19,15.01,2.671,96.54,66.89,21.81,0.2343,8.13,21.43,0.0,9.6,Sandy Soil
30.14,16.78,12.9,2.75,100.0,96.83,88.76,0.0183,6.2,49.0,NaN,5.6,Low-Plasticity Clay
NaN,17.07,13.64,2.737,100.0,100.0,97.29,0.0045,6.78,41.41,21.56,8.3,Low-Plasticity Clay
21.1,17.15,14.16,2.704,99.75,93.46,82.41,0.0155,14.83,NaN,22.44,10.6,Low-Plasticity Clay
NaN,14.68,12.01,2.704,100.0,98.37,94.61,0.0048,10.21,41.48,18.7,5.2,Low-Plasticity Clay
46.08,16.83,11.52,2.781,100.0,97.86,92.59,0.0114,7.73,69.65,48.08,1.0,High-Plasticity Clay
NaN,17.02,12.42,2.688,100.0,99.62,88.03,0.0109,11.36,NaN,7.09,2.6,Silty Soil
52.8,17.08,11.18,2.711,99.04,98.51,98.51,0.0017,7.52,81.3,59.14,1.0,High-Plasticity Clay
12.04,17.58,15.69,2.649,38.13,3.04,0.0,7.5369,9.64,22.6,2.47,21.9,Gravelly Soil
43.09,16.01,11.19,2.701,99.82,99.82,97.96,0.0035,8.65,64.45,48.73,2.6,High-Plasticity Clay
9.72,17.47,15.92,2.652,21.66,3.17,0.0,17.8871,NaN,21.38,1.8,21.1,Gravelly Soil
25.83,15.28,12.14,2.735,99.12,99.12,97.72,0.003,10.66,27.62,8.0,5.5,Low-Plasticity Clay
8.56,16.37,15.08,2.64,28.79,3.07,NaN,15.4058,16.25,22.16,3.24,16.5,Gravelly Soil
2.26,16.91,16.53,2.62,16.92,0.39,0.0,15.8246,6.75,20.11,NaN,33.9,Gravelly Soil
15.45,16.38,14.19,2.66,NaN,94.8,63.84,0.0455,8.63,32.04,4.82,4.5,Silty Soil
6.23,17.54,16.51,2.675,27.84,0.0,0.0,16.4631,18.37,16.33,3.46,32.2,Gravelly Soil
35.66,16.99,12.52,2.796,100.0,98.75,86.94,0.0119,12.47,63.99,43.42,4.6,High-Plasticity Clay
54.16,15.29,NaN,2.735,98.06,97.89,92.23,0.0094,9.67,76.16,46.11,1.2,High-Plasticity Clay
26.4,18.49,14.63,2.661,97.51,97.51,93.48,0.0114,6.72,29.4,0.0,13.4,Silty Soil
42.14,NaN,12.8,2.77,100.0,98.97,95.88,0.0029,15.52,56.81,35.66,6.3,High-Plasticity Clay
NaN,16.65,13.84,2.712,98.86,98.86,97.14,0.0161,3.74,35.63,3.87,7.4,Silty Soil
16.49,17.96,NaN,2.638,63.66,11.18,0.99,2.7804,9.27,25.74,4.1,22.1,Sandy Soil
25.82,16.91,13.44,2.707,100.0,100.0,94.92,0.0051,12.76,43.89,21.42,6.4,Low-Plasticity Clay
45.31,15.65,11.0,2.787,98.49,98.49,95.21,0.004,10.57,50.0,32.17,1.0,High-Plasticity Clay
9.89,18.77,17.08,2.667,NaN,92.09,21.73,0.1448,3.47,24.27,2.69,19.0,Sandy Soil
2.0,20.48,20.08,2.708,25.83,3.25,1.67,11.8922,12.75,24.9,NaN,44.9,Gravelly Soil
32.12,16.95,12.83,2.737,97.21,97.21,93.81,0.0053,12.88,64.8,38.72,6.1,High-Plasticity Clay
18.73,17.41,14.66,NaN,97.67,97.67,93.64,0.0097,9.29,20.0,3.65,8.8,Silty Soil
53.71,15.27,11.0,2.713,96.73,96.73,96.73,0.0013,15.27,71.11,52.74,1.0,High-Plasticity Clay
5.15,17.9,17.02,NaN,98.21,24.69,0.37,0.8225,4.21,24.73,6.01,NaN,Sandy Soil
10.73,17.34,15.66,2.654,63.17,11.71,1.52,2.7504,11.22,28.43,5.14,NaN,Sandy Soil
4.96,19.76,NaN,2.649,13.31,0.0,0.0,23.5176,8.23,20.4,2.06,41.1,Gravelly Soil
54.83,15.84,11.0,2.753,99.06,98.94,88.77,0.0086,13.64,63.45,53.28,1.0,High-Plasticity Clay
10.11,17.76,16.13,2.656,96.74,58.49,11.65,0.3359,6.62,19.18,1.9,24.5,Sandy Soil
31.16,16.24,12.38,2.715,98.17,98.17,89.88,0.0214,4.68,29.13,5.66,NaN,Silty Soil
40.35,NaN,12.75,2.705,100.0,99.54,96.73,0.0021,17.11,68.08,35.62,4.6,High-Plasticity Clay
42.14,17.3,12.17,2.697,100.0,99.43,92.66,0.0058,13.29,36.16,23.81,2.8,Low-Plasticity Clay
20.93,17.41,14.4,2.743,98.83,98.83,98.83,0.0062,NaN,40.05,18.47,14.2,Low-Plasticity Clay
27.19,19.33,15.2,2.733,99.84,97.19,97.19,0.0023,NaN,40.8,18.43,13.1,Low-Plasticity Clay
9.63,15.67,14.3,2.661,76.98,23.96,3.69,1.4615,11.7,16.96,7.01,15.1,Sandy Soil
31.95,16.18,12.26,2.758,99.34,99.34,98.36,0.0026,14.77,43.39,27.02,2.5,Low-Plasticity Clay
38.86,16.69,12.02,NaN,100.0,NaN,95.8,NaN,5.37,72.21,41.36,3.2,High-Plasticity Clay
17.19,18.42,15.72,2.691,99.54,92.87,NaN,0.04,9.2,35.9,10.11,13.8,Silty Soil
NaN,15.46,11.0,2.724,100.0,100.0,93.16,0.0045,17.5,74.83,40.23,1.0,High-Plasticity Clay
24.11,18.17,14.64,2.691,99.39,99.39,93.4,0.0081,9.33,41.25,17.67,10.8,Low-Plasticity Clay
29.9,NaN,12.23,2.66,99.77,91.28,57.79,0.0541,10.17,27.28,1.05,4.7,Silty Soil
65.95,16.11,NaN,2.739,100.0,100.0,97.48,0.0033,11.14,55.79,39.89,1.0,High-Plasticity Clay
4.58,18.5,17.69,2.666,23.1,0.0,0.0,10.8662,5.84,NaN,0.58,33.1,Gravelly Soil
45.83,16.54,11.34,2.754,100.0,NaN,91.7,0.0089,10.24,58.0,41.7,1.0,High-Plasticity Clay
2.79,22.0,21.4,2.662,23.06,3.11,0.0,13.5625,10.92,NaN,4.39,55.1,Gravelly Soil
30.67,17.12,13.1,2.691,NaN,100.0,96.73,0.0055,8.69,41.09,17.74,9.4,Low-Plasticity Clay
57.42,NaN,11.0,2.708,99.29,99.29,93.39,0.0075,11.34,79.42,63.11,1.0,High-Plasticity Clay
21.39,14.38,11.85,2.778,100.0,100.0,NaN,0.0032,5.69,44.27,NaN,2.0,Low-Plasticity Clay
2.0,21.09,NaN,2.635,12.08,0.0,0.0,20.5614,5.65,NaN,1.91,42.0,Gravelly Soil
NaN,16.6,13.54,2.686,98.53,4.12,0.0,1.4284,2.65,16.13,2.8,5.0,Sandy Soil
31.72,17.78,13.5,2.778,99.22,99.22,95.29,0.0052,10.77,25.0,14.93,13.2,Low-Plasticity Clay
4.88,NaN,18.48,2.626,11.49,0.0,0.0,23.026,8.58,15.11,0.0,36.0,Gravelly Soil
9.92,17.84,16.23,2.697,NaN,70.33,13.39,0.2457,5.01,16.49,1.14,26.0,Sandy Soil
12.52,15.99,14.21,2.679,98.54,82.79,33.83,0.1339,NaN,25.68,NaN,9.0,Sandy Soil
18.84,17.75,14.93,2.727,100.0,100.0,100.0,0.0023,5.06,33.25,9.87,15.9,Low-Plasticity Clay
26.13,17.65,NaN,2.665,99.1,NaN,92.28,0.0256,3.38,20.0,0.0,9.0,Silty Soil
28.9,18.44,14.3,2.744,99.46,99.46,97.91,0.0032,7.7,NaN,25.72,6.6,Low-Plasticity Clay
33.48,16.41,12.3,2.778,NaN,99.35,95.83,0.008,7.92,37.72,25.7,2.0,Low-Plasticity Clay
NaN,NaN,17.36,2.693,NaN,3.99,0.53,6.9439,13.09,20.91,0.18,32.0,Gravelly Soil
4.31,20.78,19.92,2.694,44.71,0.66,0.2,5.1758,6.79,NaN,1.25,45.7,Gravelly Soil
4.38,19.44,18.62,2.639,7.98,0.0,0.0,29.9639,6.83,26.55,0.95,NaN,Gravelly Soil
5.96,17.32,16.34,2.67,91.99,14.15,0.0,1.1581,4.46,19.25,0.29,22.7,Sandy Soil
52.83,15.75,11.0,2.781,100.0,100.0,98.13,0.0061,6.55,56.58,34.25,1.0,High-Plasticity Clay
12.91,17.73,15.7,2.647,91.2,9.54,0.0,1.4278,4.15,16.31,4.8,14.0,Sandy Soil
35.42,18.29,13.5,2.744,100.0,98.81,NaN,NaN,8.81,32.93,13.91,4.0,Low-Plasticity Clay
29.87,16.54,12.74,2.777,99.38,99.38,99.38,0.0045,4.84,43.39,29.85,2.1,Low-Plasticity Clay
30.29,17.52,13.45,2.726,99.5,99.5,98.06,0.0032,8.82,30.77,12.94,6.1,Low-Plasticity Clay
6.49,17.91,16.82,NaN,34.0,2.48,1.57,10.4226,15.19,18.65,0.3,23.1,Gravelly Soil
NaN,17.6,14.86,2.75,100.0,98.09,88.4,0.009,13.5,37.77,17.04,15.2,Low-Plasticity Clay
10.31,17.58,15.94,2.703,45.23,5.14,0.65,5.3121,8.47,18.15,2.47,17.6,Gravelly Soil
8.32,17.74,16.38,2.713,100.0,98.37,80.62,0.0194,10.26,NaN,7.6,17.0,Silty Soil
NaN,17.54,13.13,2.771,99.54,99.54,98.47,0.003,5.33,35.18,24.54,8.4,Low-Plasticity Clay
15.83,17.9,15.45,2.658,95.1,48.25,NaN,0.4704,8.0,25.7,2.3,21.8,Sandy Soil
5.01,19.75,18.81,2.68,100.0,28.12,0.0,0.6162,2.56,21.85,NaN,NaN,Sandy Soil
34.98,18.24,NaN,2.778,98.38,98.38,98.38,0.0046,4.13,41.51,NaN,14.7,Low-Plasticity Clay
NaN,18.46,13.95,2.69,100.0,98.6,96.57,0.0153,3.58,20.0,0.0,4.4,Silty Soil
17.99,15.87,NaN,2.69,100.0,NaN,91.6,0.0292,3.08,37.5,9.83,7.0,Silty Soil
21.41,14.94,12.3,2.754,96.67,96.67,96.67,0.0038,6.43,41.68,25.02,3.2,Low-Plasticity Clay
37.12,16.16,11.78,2.751,99.81,99.62,91.1,0.008,13.76,60.64,41.72,3.8,High-Plasticity Clay
7.27,19.44,18.12,2.674,97.69,64.09,1.61,0.3314,NaN,NaN,2.46,39.1,Sandy Soil
32.5,16.45,12.42,2.692,98.98,98.48,91.38,0.0088,11.17,41.09,9.65,2.0,Silty Soil
9.68,17.89,16.32,2.653,NaN,NaN,1.12,0.258,2.12,21.35,2.22,25.7,Sandy Soil
6.96,19.09,17.85,NaN,90.03,1.71,0.06,2.0383,3.03,18.35,5.94,31.2,Sandy Soil
2.18,18.41,18.01,2.679,37.93,7.0,0.0,NaN,15.63,20.13,1.68,35.2,Gravelly Soil
34.98,16.57,12.28,2.687,99.79,99.79,99.79,0.0072,5.23,41.07,19.39,2.0,Low-Plasticity Clay
28.26,18.01,14.05,2.756,99.62,98.88,89.88,0.0163,7.0,46.93,33.41,12.0,Low-Plasticity Clay
50.13,15.9,11.0,2.739,96.93,96.93,92.55,NaN,NaN,83.55,58.53,1.0,High-Plasticity Clay
28.76,18.51,14.37,2.685,99.35,96.99,89.75,0.0089,11.73,39.49,4.69,8.2,Silty Soil
45.35,NaN,11.0,2.747,100.0,99.37,98.24,0.0077,6.66,54.91,44.94,2.9,High-Plasticity Clay
11.13,16.6,14.94,2.69,99.8,93.94,NaN,0.0316,9.5,37.44,12.53,9.1,Silty Soil
2.91,18.01,17.5,2.696,NaN,NaN,0.0,18.8699,6.98,22.21,1.62,28.8,Gravelly Soil
NaN,18.13,17.7,2.662,26.42,1.53,0.48,16.9401,18.36,27.04,5.9,31.0,Gravelly Soil
34.24,16.03,11.94,2.693,96.18,96.18,NaN,0.0169,12.1,30.64,18.67,2.0,Low-Plasticity Clay
51.24,16.93,11.19,NaN,100.0,100.0,98.31,0.0047,7.61,75.11,54.69,2.6,High-Plasticity Clay
22.61,15.09,12.31,2.734,100.0,99.06,97.8,0.0035,4.71,40.71,18.46,2.0,Low-Plasticity Clay
30.62,15.2,NaN,2.689,100.0,NaN,97.67,0.005,5.61,43.25,24.98,2.0,Low-Plasticity Clay
12.06,16.95,15.12,2.652,93.22,35.1,4.37,0.6587,6.72,17.08,3.36,13.7,Sandy Soil
15.48,15.33,13.28,2.737,100.0,99.68,87.07,0.0317,3.3,62.66,25.0,2.0,Silty Soil
11.72,17.79,15.92,2.638,98.95,47.0,2.39,0.4492,3.97,18.12,3.06,27.8,Sandy Soil
11.58,16.13,14.45,2.657,86.93,1.53,0.0,2.0194,3.29,NaN,3.78,13.5,Sandy Soil
4.46,NaN,NaN,2.65,34.34,4.11,0.06,9.0055,NaN,25.5,3.17,38.1,Gravelly Soil
24.21,15.18,12.22,NaN,98.24,98.24,98.24,0.0091,4.5,34.96,18.62,3.2,Low-Plasticity Clay
19.11,17.03,14.3,2.73,100.0,100.0,85.2,0.0258,NaN,41.36,10.82,4.1,Silty Soil
2.85,22.25,NaN,2.702,17.07,1.51,0.0,13.1527,5.36,18.16,3.81,50.4,Gravelly Soil
45.79,15.34,11.0,2.7,NaN,99.2,92.36,0.0085,13.48,60.19,40.58,1.0,High-Plasticity Clay
7.98,17.38,16.09,2.699,85.32,3.13,0.0,2.0367,3.38,21.0,6.29,21.0,Sandy Soil
33.86,15.97,11.93,2.65,100.0,100.0,NaN,0.0082,9.74,27.98,0.0,6.3,Silty Soil
3.7,18.74,18.07,2.674,99.44,71.67,16.47,NaN,5.23,NaN,1.36,27.7,Sandy Soil
8.12,NaN,NaN,2.664,80.4,25.32,3.82,1.1635,11.04,24.32,0.57,24.6,Sandy Soil
11.79,17.19,15.38,2.677,91.65,34.28,5.11,0.6971,7.95,25.21,3.84,11.6,Sandy Soil
4.15,19.63,18.84,2.621,41.97,1.18,0.0,5.7177,5.19,16.25,2.55,46.3,Gravelly Soil
16.02,16.09,13.87,2.675,99.68,70.25,0.48,0.3266,2.14,19.16,4.27,9.2,Sandy Soil
5.83,19.22,18.16,2.639,100.0,54.98,3.68,0.3885,3.61,19.97,5.06,36.1,Sandy Soil
40.69,16.61,11.81,2.648,100.0,100.0,98.8,NaN,4.13,70.0,25.0,3.1,Silty Soil
11.44,19.69,17.66,2.671,100.0,69.03,25.37,0.2011,10.87,24.88,4.82,30.1,Sandy Soil
13.2,15.65,13.83,2.688,65.32,9.41,0.0,2.736,8.16,22.91,2.89,13.8,Sandy Soil
38.19,17.58,12.72,2.791,100.0,98.7,96.03,0.0021,19.65,70.53,46.53,4.7,High-Plasticity Clay
14.78,17.33,NaN,2.715,99.53,99.53,96.79,0.0035,11.96,40.54,17.57,15.8,Low-Plasticity Clay
48.08,15.58,11.0,NaN,100.0,98.73,95.82,0.0032,14.94,79.65,65.0,1.0,High-Plasticity Clay
22.93,15.07,12.26,2.752,100.0,100.0,91.6,0.0127,7.11,39.36,18.76,3.7,Low-Plasticity Clay
31.8,17.87,13.56,2.779,100.0,100.0,98.94,0.0015,9.08,NaN,47.61,5.1,High-Plasticity Clay
4.21,22.45,21.5,NaN,40.9,0.9,0.9,6.6557,7.11,25.09,2.91,50.9,Gravelly Soil
15.93,14.28,12.32,2.651,100.0,NaN,60.18,0.0535,9.36,31.67,0.1,9.8,Silty Soil
3.55,17.7,17.09,2.676,100.0,NaN,35.28,0.1251,8.87,27.37,0.15,24.2,Sandy Soil
23.96,17.09,13.79,2.731,98.99,98.99,88.8,0.0089,14.83,37.19,28.76,12.3,Low-Plasticity Clay
20.47,15.37,NaN,NaN,100.0,100.0,100.0,0.0022,5.0,44.62,25.85,NaN,Low-Plasticity Clay
14.9,16.18,14.08,2.763,99.71,97.8,95.68,0.0055,8.14,35.45,21.04,12.5,Low-Plasticity Clay
NaN,14.71,11.0,2.784,100.0,100.0,100.0,0.0055,5.67,62.03,31.24,1.0,High-Plasticity Clay
NaN,16.47,13.68,NaN,99.18,68.66,20.82,0.2328,7.33,24.88,0.77,8.2,Sandy Soil
32.3,18.67,14.11,2.764,100.0,98.86,96.8,0.0035,13.34,40.31,27.37,14.1,Low-Plasticity Clay
NaN,16.58,11.07,2.79,100.0,99.76,95.51,0.0037,14.68,88.32,56.48,1.0,High-Plasticity Clay
26.88,17.81,NaN,2.736,99.61,98.7,93.21,0.0131,5.25,44.48,31.73,13.0,Low-Plasticity Clay
NaN,17.94,12.92,2.769,NaN,100.0,97.72,0.0093,4.44,40.4,19.81,4.5,Low-Plasticity Clay
53.87,15.64,11.0,2.785,100.0,100.0,100.0,0.001,5.64,69.34,51.65,1.0,High-Plasticity Clay
22.83,17.52,14.26,2.708,98.81,98.81,87.66,0.0138,9.23,29.5,4.11,13.4,Silty Soil
65.81,16.01,11.0,2.709,100.0,99.41,99.41,0.0015,15.45,72.89,44.74,1.0,High-Plasticity Clay
NaN,16.45,11.59,2.696,99.98,99.98,98.48,0.0046,6.09,49.0,30.37,2.0,Low-Plasticity Clay
5.31,19.31,18.34,2.659,99.22,1.61,0.0,1.1754,2.26,25.29,3.65,37.3,Sandy Soil
36.42,18.38,13.47,NaN,100.0,99.69,92.69,0.0051,14.81,59.22,46.78,5.4,High-Plasticity Clay
34.08,15.96,11.9,NaN,100.0,98.97,97.95,0.0176,3.06,44.52,10.46,2.0,Silty Soil
11.73,16.02,14.34,NaN,100.0,85.09,32.18,0.1312,5.65,27.03,6.54,10.0,Sandy Soil
NaN,NaN,13.9,2.772,100.0,99.23,95.6,0.006,8.37,46.97,32.3,7.5,Low-Plasticity Clay
18.88,14.1,11.86,2.66,97.99,NaN,82.69,0.0186,9.78,40.18,6.31,4.8,Silty Soil
18.76,18.24,15.36,2.645,100.0,92.14,55.56,0.0594,9.93,31.65,4.07,11.8,Silty Soil
6.46,20.08,18.86,2.687,NaN,0.75,0.0,9.6489,5.48,23.68,2.73,39.3,Gravelly Soil
29.32,15.3,11.83,2.773,97.83,97.83,97.83,NaN,6.81,35.15,12.67,2.0,Low-Plasticity Clay
13.36,17.49,15.43,2.631,97.07,17.26,0.0,1.0342,3.5,20.78,3.04,20.4,Sandy Soil
50.27,16.71,NaN,2.786,100.0,100.0,100.0,0.0013,9.99,71.77,48.45,1.0,High-Plasticity Clay
23.21,18.98,15.41,2.725,99.94,99.94,94.57,0.0187,3.75,43.85,12.61,9.4,Silty Soil
24.7,19.08,15.3,2.708,100.0,97.35,83.66,0.0118,14.65,35.55,18.44,15.8,Low-Plasticity Clay
11.24,16.11,14.48,NaN,84.84,31.44,5.55,0.9029,10.72,28.56,0.0,11.6,Sandy Soil
34.87,17.83,13.22,2.701,100.0,100.0,97.49,0.006,9.7,69.43,50.27,4.6,High-Plasticity Clay
21.79,15.78,12.96,2.704,100.0,99.35,97.91,0.0022,11.92,34.82,16.76,8.0,Low-Plasticity Clay
8.29,19.81,18.3,2.641,97.97,73.94,31.39,0.1578,11.59,27.37,3.97,29.2,Sandy Soil
26.65,19.23,15.18,2.701,100.0,99.98,96.87,0.008,7.02,37.76,20.94,17.3,Low-Plasticity Clay
36.02,17.88,13.14,2.689,98.83,98.83,96.93,0.0085,5.58,38.9,NaN,NaN,Low-Plasticity Clay
10.3,20.09,18.21,2.637,79.3,19.27,3.31,1.4873,11.75,28.67,3.38,37.3,Sandy Soil
29.9,18.36,14.13,2.696,100.0,NaN,97.85,0.0074,6.05,33.21,19.42,10.2,Low-Plasticity Clay
12.18,19.34,17.24,2.667,99.67,86.12,12.58,0.1854,3.31,27.61,4.89,31.3,Sandy Soil
37.18,16.99,12.38,2.733,99.52,99.52,99.4,0.0013,NaN,93.76,65.0,6.3,High-Plasticity Clay
NaN,15.9,12.96,2.702,100.0,99.08,99.08,0.0027,NaN,37.01,13.4,NaN,Low-Plasticity Clay
8.2,18.47,17.07,2.683,99.67,26.71,NaN,0.6897,3.83,24.99,2.96,29.8,Sandy Soil
6.98,16.27,15.21,2.667,89.87,1.16,0.0,2.5921,2.02,25.17,0.0,18.1,Sandy Soil
27.7,NaN,12.37,2.723,100.0,98.24,89.92,0.0157,5.96,40.01,17.42,4.1,Low-Plasticity Clay
16.81,17.87,15.3,2.683,NaN,98.38,85.47,0.013,11.17,30.35,0.08,10.8,Silty Soil
25.05,17.39,13.91,2.683,100.0,100.0,95.47,NaN,5.0,38.07,10.6,8.7,Silty Soil
12.63,15.09,13.4,2.644,84.57,14.89,0.27,1.4695,5.74,24.25,1.48,NaN,Sandy Soil
5.27,15.0,14.25,2.688,80.95,7.87,0.63,1.9903,4.91,29.08,3.4,12.7,Sandy Soil
8.99,15.62,14.33,2.673,82.14,23.27,2.09,NaN,10.09,25.79,0.96,19.2,Sandy Soil
16.18,15.71,13.52,2.663,97.43,39.01,1.33,0.5362,NaN,29.18,3.65,5.0,Sandy Soil
42.0,16.89,11.89,2.756,100.0,99.49,97.8,0.0081,6.62,63.18,44.51,1.3,High-Plasticity Clay
34.21,15.63,11.65,2.731,100.0,99.77,98.33,0.0024,12.1,38.58,22.38,2.0,Low-Plasticity Clay
14.2,16.02,14.03,2.74,99.6,98.72,65.98,0.0427,6.84,46.24,13.57,12.2,Silty Soil
12.21,19.82,17.66,2.677,99.75,18.45,0.59,NaN,2.6,NaN,5.09,28.7,Sandy Soil
13.07,17.36,15.36,NaN,100.0,98.79,NaN,0.0091,3.4,25.65,3.93,10.5,Silty Soil
NaN,NaN,16.05,2.659,100.0,93.96,59.9,0.0523,9.44,57.78,25.0,16.6,Silty Soil
55.95,15.66,11.0,2.728,98.14,98.14,94.17,0.0051,14.93,67.82,57.98,1.0,High-Plasticity Clay
55.43,15.92,11.0,2.795,98.67,98.19,98.19,0.0014,13.9,64.19,37.3,1.0,High-Plasticity Clay
46.87,16.82,NaN,2.735,100.0,98.22,91.4,NaN,16.94,59.67,46.9,5.0,High-Plasticity Clay
21.74,19.36,15.9,2.709,100.0,100.0,67.9,NaN,3.77,51.68,19.85,11.6,Silty Soil
NaN,15.61,11.71,2.707,98.34,NaN,97.67,0.0036,4.02,43.78,29.34,NaN,Low-Plasticity Clay
28.94,15.04,11.67,2.736,99.47,99.47,89.89,0.0139,9.35,40.97,25.5,2.9,Low-Plasticity Clay
27.42,19.07,14.97,2.732,NaN,97.88,87.27,0.0161,9.1,36.72,NaN,12.4,Low-Plasticity Clay
24.83,18.51,14.83,2.701,NaN,99.33,98.41,0.0053,5.15,NaN,13.92,17.9,Low-Plasticity Clay
22.72,17.34,14.13,2.66,98.76,91.18,57.18,0.0582,9.23,47.07,13.5,9.5,Silty Soil
42.28,16.07,11.29,2.719,100.0,99.29,98.78,0.0011,15.54,77.6,53.72,1.8,High-Plasticity Clay
NaN,17.54,14.61,2.712,98.72,98.72,85.08,0.0144,11.34,29.1,6.44,8.6,Silty Soil
43.61,16.51,11.5,2.696,99.81,99.58,99.39,0.0033,8.9,40.46,19.89,2.0,Low-Plasticity Clay
5.85,20.33,19.2,2.666,49.93,7.03,NaN,4.8048,14.58,18.6,1.13,41.3,Gravelly Soil
17.91,16.07,13.63,2.636,68.74,15.07,1.4,2.2916,9.89,22.73,3.49,5.0,Sandy Soil
22.56,17.94,14.63,2.691,99.29,99.29,98.04,0.0043,8.6,45.74,26.26,18.5,Low-Plasticity Clay
3.78,NaN,16.62,2.678,21.62,0.0,0.0,12.9659,8.9,NaN,1.26,26.7,Gravelly Soil
33.75,17.96,13.43,2.663,100.0,98.25,96.27,0.0135,3.29,38.47,8.31,12.9,Silty Soil
3.12,19.18,18.6,2.656,30.77,0.0,0.0,7.1511,4.4,15.01,3.67,37.0,Gravelly Soil
25.3,15.78,12.59,2.718,100.0,93.16,72.92,0.0312,10.12,28.46,1.3,5.5,Silty Soil
5.1,17.27,16.43,2.713,31.6,2.93,0.0,10.1794,14.24,17.65,0.0,22.9,Gravelly Soil
25.0,19.06,15.24,2.757,100.0,100.0,98.54,0.0058,5.41,25.0,16.66,7.9,Low-Plasticity Clay
49.14,NaN,11.56,NaN,NaN,97.3,93.15,0.0094,8.39,74.79,61.01,1.5,High-Plasticity Clay
23.23,18.31,14.86,2.74,97.5,97.5,NaN,0.0133,5.72,37.39,17.93,11.0,Low-Plasticity Clay
26.34,NaN,15.24,2.759,98.37,98.37,98.37,0.0073,5.54,47.55,33.81,17.1,Low-Plasticity Clay
53.95,14.97,11.0,2.747,99.95,96.85,92.66,0.0053,18.9,72.26,43.2,NaN,High-Plasticity Clay
33.97,16.55,12.35,2.684,NaN,98.78,93.04,0.0183,4.39,43.99,21.19,3.7,Low-Plasticity Clay
4.88,16.64,15.87,2.645,49.25,2.84,0.0,5.4448,7.7,17.89,1.54,18.8,Gravelly Soil
25.67,16.14,12.85,2.701,99.77,94.07,64.61,0.0438,8.5,28.95,0.81,7.0,Silty Soil
2.57,17.14,16.71,2.651,92.54,47.55,10.72,0.4934,11.63,28.21,1.83,21.2,Sandy Soil
28.3,15.21,NaN,2.779,100.0,100.0,95.47,0.0048,12.09,32.03,13.13,3.2,Low-Plasticity Clay
18.14,NaN,14.76,2.649,98.85,98.85,62.78,0.0532,4.44,27.23,0.0,15.5,Silty Soil
18.17,NaN,14.23,2.727,100.0,97.62,95.2,0.0087,6.53,39.84,29.5,9.3,Low-Plasticity Clay
15.18,15.13,13.14,2.691,96.52,96.52,82.29,0.0188,10.38,37.68,12.22,2.7,Silty Soil
36.35,NaN,12.61,2.731,100.0,99.89,93.04,0.0221,3.51,37.54,9.19,2.0,Silty Soil
51.27,15.48,11.0,2.708,100.0,100.0,100.0,0.0033,8.02,78.06,53.32,1.0,High-Plasticity Clay
19.05,16.99,14.27,2.651,88.63,22.63,2.55,0.9898,6.31,NaN,NaN,17.0,Sandy Soil
6.28,19.4,18.26,2.683,NaN,NaN,2.84,0.2386,2.71,29.79,0.79,32.0,Sandy Soil
29.95,15.56,11.98,2.777,99.42,99.16,98.43,0.0051,10.04,32.62,13.93,2.0,Low-Plasticity Clay
3.6,NaN,17.84,2.672,98.0,32.19,1.62,0.6726,5.15,16.25,0.0,33.4,Sandy Soil
NaN,18.06,13.04,2.746,100.0,100.0,98.06,0.0087,5.19,44.85,33.08,5.1,Low-Plasticity Clay
NaN,15.84,12.32,2.703,100.0,99.62,99.62,0.0062,4.59,49.0,29.17,6.6,Low-Plasticity Clay
3.96,17.46,16.8,2.669,100.0,24.13,0.0,0.611,2.14,17.4,3.23,NaN,Sandy Soil
3.13,18.36,17.8,2.704,47.43,7.99,1.62,4.7654,15.72,NaN,0.0,35.4,Gravelly Soil
18.24,18.41,15.57,2.76,100.0,100.0,97.93,0.0066,6.3,44.21,31.25,14.1,Low-Plasticity Clay
27.5,17.57,13.78,2.709,100.0,100.0,NaN,0.002,5.46,29.82,11.28,15.9,Low-Plasticity Clay
38.81,16.13,NaN,2.795,100.0,99.57,99.57,0.0019,5.64,81.65,61.42,2.0,High-Plasticity Clay
19.24,18.17,15.24,2.681,99.44,98.12,75.66,0.0379,5.26,29.88,0.0,13.1,Silty Soil
22.86,18.78,15.29,2.69,99.91,99.91,NaN,0.0104,6.72,36.52,18.85,12.6,Low-Plasticity Clay
35.73,16.63,12.25,2.645,100.0,98.2,77.98,0.0278,7.15,53.24,17.88,3.1,Silty Soil
NaN,18.88,15.69,NaN,100.0,99.46,93.92,0.0106,5.7,25.0,16.79,21.0,Low-Plasticity Clay
36.03,16.91,12.43,2.699,99.57,99.55,93.26,NaN,7.74,36.34,16.92,4.6,Low-Plasticity Clay
4.72,17.34,16.55,2.693,11.23,0.0,0.0,22.5923,NaN,27.7,2.37,NaN,Gravelly Soil
17.77,17.31,14.7,2.759,100.0,97.61,92.6,0.0064,10.27,46.13,23.57,16.0,Low-Plasticity Clay
27.24,15.19,11.94,2.754,100.0,100.0,94.38,0.0178,4.07,40.69,20.52,2.6,Low-Plasticity Clay
22.05,16.39,13.43,2.66,96.48,96.48,96.48,0.0102,3.24,36.49,10.22,9.8,Silty Soil
12.12,16.83,15.01,2.654,98.86,86.1,22.47,0.151,3.91,18.44,5.61,19.9,Sandy Soil
36.36,16.4,12.03,2.685,100.0,97.72,82.51,0.0186,10.29,33.66,0.92,2.2,Silty Soil
5.18,19.17,18.22,2.625,41.42,NaN,0.55,6.9661,17.41,20.8,0.62,42.6,Gravelly Soil
5.77,19.54,18.47,2.643,38.65,5.61,1.45,8.3757,NaN,27.66,1.95,35.1,Gravelly Soil
27.9,17.02,13.31,NaN,100.0,99.37,99.37,0.0112,4.14,39.69,27.39,7.3,Low-Plasticity Clay
37.86,16.12,11.69,2.691,99.45,NaN,97.59,0.0074,5.99,37.17,18.47,2.0,Low-Plasticity Clay
8.75,20.66,19.0,2.662,87.06,22.06,2.6,NaN,7.06,15.78,3.84,35.4,Sandy Soil
2.0,21.91,21.48,2.672,46.76,7.49,2.01,5.7926,18.56,25.08,1.35,57.3,Gravelly Soil
5.59,16.84,15.95,2.665,35.92,NaN,0.95,6.8997,5.39,21.6,5.94,18.3,Gravelly Soil
54.26,17.06,11.06,2.774,NaN,100.0,100.0,0.0021,14.8,54.88,43.92,2.2,High-Plasticity Clay
19.4,16.96,14.2,2.696,88.37,33.89,NaN,0.7265,9.19,18.34,0.0,5.0,Sandy Soil
NaN,16.97,12.33,2.726,99.8,98.72,93.13,0.0092,8.33,47.8,15.64,4.2,Silty Soil
36.7,17.0,12.43,2.778,98.62,NaN,97.76,0.0059,7.41,39.7,26.56,2.0,Low-Plasticity Clay
3.55,17.0,16.42,2.659,99.76,80.01,30.29,NaN,7.85,21.6,1.21,NaN,Sandy Soil
13.34,16.32,14.4,2.644,100.0,NaN,5.32,0.342,4.34,16.32,5.0,12.6,Sandy Soil
13.24,16.45,14.53,2.68,100.0,20.86,0.0,0.8009,3.46,26.22,1.31,6.9,Sandy Soil
34.3,15.9,11.84,2.733,98.46,98.46,96.1,0.0132,4.02,39.52,26.23,2.0,Low-Plasticity Clay
10.49,15.36,13.9,2.65,97.05,49.63,8.09,0.4432,7.5,25.56,2.45,5.3,Sandy Soil
21.71,14.9,12.24,2.693,97.39,97.39,73.47,0.0389,5.01,NaN,3.22,3.6,Silty Soil
9.51,18.5,NaN,2.711,100.0,95.93,64.94,NaN,7.83,23.53,0.29,17.7,Silty Soil
5.14,19.7,18.74,2.624,17.26,0.0,0.0,18.8245,NaN,23.36,1.44,NaN,Gravelly Soil
2.36,20.94,20.46,2.665,20.68,0.58,0.0,11.2259,4.65,27.53,2.03,51.8,Gravelly Soil
20.35,19.53,16.23,2.733,98.7,96.79,96.79,0.0158,3.21,55.42,17.25,10.3,Silty Soil
28.04,15.67,12.24,2.772,98.82,98.82,98.71,0.0086,4.24,43.27,26.98,2.0,Low-Plasticity Clay
2.0,21.5,21.08,2.709,38.85,4.07,0.24,6.6273,9.18,19.33,2.36,46.8,Gravelly Soil
55.31,16.33,11.0,2.791,100.0,99.24,95.61,0.0055,7.55,62.04,47.78,1.0,High-Plasticity Clay
17.45,14.67,NaN,2.739,NaN,100.0,90.73,0.029,3.19,NaN,0.0,2.0,Silty Soil
34.68,18.34,NaN,2.739,100.0,100.0,97.23,0.0103,4.94,48.51,26.6,3.8,Low-Plasticity Clay
47.94,17.19,11.62,2.736,98.23,98.23,98.23,0.003,6.51,51.42,23.47,5.8,High-Plasticity Clay
2.24,21.5,21.03,2.63,44.5,2.82,0.0,5.7648,10.78,20.5,0.0,49.5,Gravelly Soil
18.0,16.3,13.82,2.692,98.29,98.29,98.29,NaN,8.34,30.36,16.63,16.7,Low-Plasticity Clay
6.08,21.45,20.22,2.653,10.94,0.0,0.0,17.3002,4.68,17.2,2.11,39.6,Gravelly Soil
3.96,19.37,18.63,2.63,46.99,8.12,NaN,5.8262,15.07,16.16,3.31,38.3,Gravelly Soil
3.34,18.09,17.5,2.626,29.79,0.92,0.0,8.0779,4.32,25.81,2.32,40.7,Gravelly Soil
26.93,17.37,13.68,2.698,100.0,99.27,77.33,NaN,3.49,21.33,0.0,10.7,Silty Soil
7.63,18.86,17.53,2.648,74.15,15.97,1.73,1.7268,10.4,22.27,3.01,26.7,Sandy Soil
19.54,15.92,13.32,2.64,85.02,29.17,3.55,0.9698,NaN,25.21,1.01,5.0,Sandy Soil
20.71,18.03,14.94,2.713,100.0,100.0,98.04,0.0023,4.62,40.02,23.01,12.6,Low-Plasticity Clay
14.93,17.81,15.49,2.64,100.0,75.92,25.88,0.179,6.83,29.0,4.07,21.0,Sandy Soil
28.63,19.1,14.85,2.692,100.0,99.31,98.9,0.0069,5.29,45.27,NaN,16.3,Low-Plasticity Clay
NaN,20.17,19.22,2.652,0.78,0.34,0.0,NaN,4.33,16.13,2.26,48.8,Gravelly Soil
36.4,16.3,NaN,2.744,99.51,96.87,90.82,NaN,14.72,50.0,37.59,4.5,High-Plasticity Clay
6.53,18.9,17.74,2.648,99.73,37.64,0.0,0.5176,2.75,28.89,3.43,28.7,Sandy Soil
NaN,14.81,11.58,2.701,98.49,98.49,NaN,0.0123,11.54,42.35,27.69,2.0,Low-Plasticity Clay
40.82,17.53,12.45,2.731,99.72,99.72,99.72,0.0037,6.44,47.44,29.04,7.6,Low-Plasticity Clay
40.82,17.85,12.68,NaN,99.06,99.06,98.72,0.003,9.98,35.73,23.73,2.0,Low-Plasticity Clay
10.9,NaN,17.81,2.681,94.21,72.51,27.32,0.2003,10.64,23.12,1.06,28.5,Sandy Soil
23.2,18.5,15.02,2.714,100.0,99.57,98.28,0.005,8.11,39.86,24.09,14.6,Low-Plasticity Clay
7.28,20.25,18.88,2.692,100.0,67.46,0.0,0.3129,2.65,20.9,3.24,30.2,Sandy Soil
20.48,18.09,15.02,2.701,100.0,100.0,95.79,0.0046,12.64,35.61,19.59,19.3,Low-Plasticity Clay
32.51,18.47,13.94,2.675,98.97,98.97,96.97,NaN,3.43,45.72,13.3,12.3,Silty Soil
23.58,18.09,14.64,2.722,97.72,97.72,87.58,0.0281,3.92,39.96,9.46,9.7,Silty Soil
67.01,15.87,11.0,2.713,100.0,99.56,94.0,0.0046,15.09,50.0,29.15,1.0,High-Plasticity Clay
33.44,16.28,NaN,2.772,99.52,98.92,82.44,0.0157,13.98,36.57,14.37,2.0,Low-Plasticity Clay
37.16,17.65,12.87,NaN,100.0,100.0,96.08,0.0055,9.77,65.67,40.25,7.7,High-Plasticity Clay
12.92,15.65,13.86,2.692,99.89,1.8,0.11,1.4057,2.18,19.73,2.1,13.9,Sandy Soil
8.85,16.19,14.88,2.692,75.45,20.0,5.4,1.5391,NaN,26.96,2.65,15.2,Sandy Soil
10.02,18.91,17.19,2.677,40.06,4.96,0.14,7.9914,16.71,16.62,1.97,31.1,Gravelly Soil
21.1,16.76,13.84,2.71,97.93,95.62,68.7,NaN,4.55,NaN,0.0,2.0,Silty Soil
26.91,18.36,14.47,2.691,100.0,100.0,92.11,0.0115,NaN,49.0,34.63,15.0,Low-Plasticity Clay
13.49,NaN,14.12,2.666,NaN,21.8,1.49,0.8405,3.43,21.97,0.99,5.0,Sandy Soil
44.62,17.35,11.99,NaN,99.28,99.28,99.28,0.0021,5.23,35.37,18.81,2.0,Low-Plasticity Clay
28.63,17.42,13.55,2.709,98.43,NaN,97.42,NaN,4.95,46.22,17.3,7.0,Silty Soil
26.18,NaN,14.85,2.758,100.0,100.0,97.94,NaN,5.51,25.0,10.08,18.4,Low-Plasticity Clay
24.33,17.31,13.93,2.729,100.0,NaN,93.14,0.0066,12.96,44.86,23.18,11.4,Low-Plasticity Clay
4.42,18.44,17.66,2.682,20.78,0.28,0.0,20.1996,14.78,26.55,1.16,38.3,Gravelly Soil
16.66,17.96,15.39,2.664,96.72,90.66,56.79,0.0571,NaN,34.22,0.0,NaN,Silty Soil
9.91,17.05,15.51,2.664,100.0,81.71,35.95,0.1221,7.29,15.81,NaN,17.3,Sandy Soil
2.01,19.73,19.34,2.707,23.93,3.27,0.0,17.1046,NaN,16.93,2.13,NaN,Gravelly Soil
35.82,16.39,12.07,2.714,99.56,99.56,99.5,0.0016,13.0,NaN,40.06,6.2,High-Plasticity Clay
62.15,15.7,11.0,2.764,97.77,97.77,97.77,0.0035,7.78,59.58,37.89,1.0,High-Plasticity Clay
21.7,20.4,16.77,2.712,100.0,97.49,60.61,0.0545,5.65,28.33,4.75,15.4,Silty Soil
NaN,21.49,21.07,2.68,11.55,0.0,0.0,15.791,NaN,26.61,2.47,44.1,Gravelly Soil
NaN,17.29,16.07,2.64,100.0,95.78,2.47,0.1975,2.07,29.71,NaN,32.1,Sandy Soil
5.58,20.73,19.63,2.68,29.9,NaN,0.11,8.097,5.26,27.63,2.52,39.0,Gravelly Soil
28.88,15.22,11.81,2.769,NaN,98.24,91.2,0.0065,14.53,42.98,18.47,2.0,Low-Plasticity Clay
33.95,16.07,12.0,2.67,100.0,96.55,75.33,0.028,11.08,25.33,0.29,2.0,Silty Soil
14.44,16.82,14.69,2.69,89.44,26.96,2.81,0.9138,7.35,26.91,1.82,11.0,Sandy Soil
22.84,18.31,14.9,2.717,100.0,99.21,87.65,0.0208,5.4,30.1,0.17,14.5,Silty Soil
10.91,16.25,NaN,2.642,98.39,94.79,13.92,0.1502,2.77,28.83,2.27,14.1,Sandy Soil
2.0,20.0,19.61,2.641,30.76,1.88,0.0,11.8767,13.24,22.95,5.62,NaN,Gravelly Soil
7.37,18.23,16.98,2.647,99.33,42.03,0.0,0.4757,2.68,17.16,NaN,31.1,Sandy Soil
54.24,15.48,11.0,2.799,100.0,100.0,92.93,0.0117,7.33,60.1,44.3,1.0,High-Plasticity Clay
24.21,17.52,14.1,2.648,100.0,98.32,NaN,NaN,11.5,41.55,6.68,10.2,Silty Soil
6.62,15.59,14.62,2.676,97.46,36.6,NaN,0.5564,3.86,26.0,2.91,NaN,Sandy Soil
26.77,16.73,13.2,2.708,100.0,100.0,97.43,0.0048,NaN,48.09,26.13,10.9,Low-Plasticity Clay
7.34,19.04,17.73,2.688,100.0,84.01,0.68,0.2629,2.07,16.03,3.27,27.6,Sandy Soil
2.09,20.79,20.37,2.661,48.71,0.0,0.0,4.9219,4.04,16.7,0.06,51.3,Gravelly Soil
3.75,NaN,16.92,2.675,89.0,33.03,5.7,0.7981,11.51,28.8,2.66,21.5,Sandy Soil
24.84,16.91,13.55,2.642,100.0,100.0,86.21,0.0207,5.83,26.81,0.0,NaN,Silty Soil
9.31,17.5,16.01,2.685,NaN,15.3,3.24,2.0305,11.04,24.63,4.54,14.9,Sandy Soil
10.73,16.85,15.21,2.674,100.0,23.4,0.55,0.6686,2.58,29.44,NaN,13.4,Sandy Soil
3.72,19.3,18.61,NaN,40.91,6.47,1.52,8.3776,19.4,26.64,4.85,32.2,Gravelly Soil
28.97,14.81,11.49,2.691,99.96,99.96,NaN,0.0022,8.76,30.51,19.18,2.0,Low-Plasticity Clay
48.3,14.81,11.0,2.74,NaN,98.44,95.35,0.0118,5.4,71.51,50.48,1.0,High-Plasticity Clay
21.1,NaN,13.68,2.758,98.76,98.14,98.14,0.0021,11.18,37.25,16.55,11.4,Low-Plasticity Clay
31.31,17.79,13.55,2.771,98.95,98.16,90.55,NaN,9.64,27.07,12.22,11.8,Low-Plasticity Clay
18.67,18.41,15.51,2.737,100.0,100.0,99.35,0.0087,3.29,21.62,0.0,13.3,Silty Soil
59.59,15.29,11.0,2.713,100.0,98.98,91.58,0.0098,9.98,76.32,NaN,NaN,High-Plasticity Clay
25.99,15.38,12.2,NaN,100.0,95.35,66.65,0.0395,NaN,53.07,18.04,6.6,Silty Soil
32.49,15.46,11.67,2.725,98.82,NaN,98.82,NaN,NaN,41.25,17.96,2.0,Low-Plasticity Clay
6.55,14.48,13.59,2.69,95.22,7.66,1.24,1.2489,3.51,19.22,3.57,5.0,Sandy Soil
19.79,14.21,11.86,2.657,100.0,100.0,NaN,0.0108,5.41,31.61,2.16,NaN,Silty Soil
31.06,17.5,13.35,2.712,100.0,99.55,98.33,0.0026,15.46,54.64,33.68,NaN,High-Plasticity Clay
20.71,17.44,14.45,NaN,99.23,99.23,93.61,0.0095,6.78,42.92,13.64,9.2,Silty Soil
43.07,16.65,11.64,2.728,98.2,98.2,94.14,0.005,14.33,37.0,16.8,2.0,Low-Plasticity Clay
11.67,16.73,14.98,2.644,77.93,4.81,0.0,2.1692,4.76,18.39,4.18,17.2,Sandy Soil
28.13,15.31,11.95,2.716,100.0,99.91,93.65,0.013,5.39,34.89,22.5,2.0,Low-Plasticity Clay
19.71,16.37,NaN,2.733,98.43,NaN,98.43,0.0029,11.55,41.31,20.89,5.7,Low-Plasticity Clay
40.07,16.66,NaN,2.662,100.0,100.0,88.38,0.0114,11.58,31.12,7.92,2.0,Silty Soil
31.64,17.48,13.28,2.715,98.34,98.34,97.0,0.0049,8.71,41.82,20.26,10.6,Low-Plasticity Clay
35.37,17.88,13.21,2.728,100.0,98.33,91.24,0.0129,9.25,61.4,NaN,3.6,Silty Soil
5.8,16.97,16.04,NaN,11.14,NaN,0.51,25.5993,8.54,19.83,3.01,20.9,Gravelly Soil
12.11,16.74,14.93,2.647,97.81,97.81,84.21,0.0157,10.49,20.57,0.0,11.0,Silty Soil
30.16,17.89,13.74,2.738,99.51,99.51,86.03,0.0144,10.04,35.82,7.26,9.6,Silty Soil
39.66,17.05,12.21,NaN,100.0,98.47,98.47,0.008,4.95,32.98,16.89,3.2,Low-Plasticity Clay
45.51,16.65,11.44,2.68,100.0,100.0,95.27,0.0061,9.94,37.45,24.82,2.0,Low-Plasticity Clay
6.58,16.76,15.72,2.644,74.84,17.0,NaN,1.8256,9.95,22.61,4.27,NaN,Sandy Soil
6.53,18.38,17.25,2.686,32.47,0.0,0.0,7.9992,5.45,NaN,2.55,33.2,Gravelly Soil
15.41,18.03,15.62,2.673,100.0,86.1,21.4,0.1588,4.38,29.08,3.2,15.6,Sandy Soil
30.37,16.44,12.61,2.695,100.0,98.88,79.8,0.0354,NaN,20.0,2.73,7.3,Silty Soil
2.53,18.04,17.59,2.696,NaN,4.49,0.31,5.3467,12.37,18.66,0.0,26.0,Gravelly Soil
7.7,20.28,18.83,2.685,88.37,1.2,0.14,2.4913,2.43,24.73,NaN,40.4,Sandy Soil
50.9,17.51,NaN,2.741,99.66,98.31,98.31,0.0017,14.98,61.37,41.93,2.1,High-Plasticity Clay
6.17,18.3,17.24,2.655,92.18,0.0,0.0,2.0216,2.6,25.41,4.96,22.2,Sandy Soil
17.33,16.95,14.44,2.691,100.0,29.79,0.0,0.6249,2.83,NaN,1.6,6.4,Sandy Soil
38.9,17.47,12.58,NaN,100.0,97.95,NaN,0.0089,12.97,49.0,NaN,NaN,Low-Plasticity Clay
15.92,16.58,14.3,2.666,98.27,75.6,1.3,0.2923,2.42,22.22,3.69,7.6,Sandy Soil
18.0,14.94,12.66,2.67,100.0,94.12,71.74,0.0315,11.39,NaN,7.28,6.7,Silty Soil
7.25,17.55,16.37,2.687,98.4,1.46,0.1,1.0628,2.08,28.27,1.38,25.4,Sandy Soil
34.18,17.31,12.9,2.771,100.0,100.0,94.29,NaN,5.64,46.23,24.67,9.6,Low-Plasticity Clay
9.93,17.5,15.92,NaN,NaN,0.0,0.0,2.4924,2.94,17.24,NaN,18.7,Sandy Soil
14.84,17.01,14.81,2.767,100.0,98.66,98.66,0.0037,7.44,25.0,8.0,17.8,Low-Plasticity Clay
9.45,16.99,15.52,NaN,49.09,6.38,1.0,4.9125,10.28,16.54,0.0,16.8,Gravelly Soil
34.68,15.94,11.84,2.745,100.0,100.0,97.91,0.0054,5.8,42.47,18.27,2.0,Low-Plasticity Clay
50.03,14.8,11.0,2.776,100.0,97.69,97.21,0.002,12.96,NaN,49.03,1.0,High-Plasticity Clay
7.48,NaN,15.79,2.677,23.36,0.79,0.0,16.5532,12.58,24.75,0.42,15.6,Gravelly Soil
5.82,NaN,19.46,2.697,79.61,10.99,0.0,1.8621,5.85,19.2,2.07,35.4,Sandy Soil
8.51,17.19,15.84,2.632,31.33,4.18,0.28,10.8415,13.68,23.45,0.0,22.9,Gravelly Soil
17.51,16.74,14.25,2.704,99.97,99.28,96.65,NaN,4.43,21.68,1.21,11.4,Silty Soil
15.82,17.11,14.77,2.698,97.81,51.05,10.48,0.4238,8.17,19.25,2.71,10.6,Sandy Soil
6.16,16.53,15.57,2.675,88.16,29.36,3.13,0.9183,9.8,16.54,3.66,23.9,Sandy Soil
21.48,15.04,12.38,2.679,100.0,97.47,63.6,0.0548,4.92,21.68,0.46,7.2,Silty Soil
7.02,16.39,NaN,2.672,47.77,7.69,0.42,4.8088,NaN,22.1,1.39,10.0,Gravelly Soil
NaN,17.74,14.36,2.655,99.64,98.06,84.27,0.0239,5.94,44.86,8.56,9.9,Silty Soil
NaN,21.94,21.5,2.709,21.29,2.44,0.88,22.5152,NaN,23.07,1.36,54.4,Gravelly Soil
25.59,16.38,13.04,2.744,99.09,NaN,98.29,0.0023,13.24,39.84,19.76,8.8,Low-Plasticity Clay
NaN,16.87,16.41,2.687,31.9,NaN,0.0,8.9125,17.31,26.61,NaN,22.5,Gravelly Soil
3.36,NaN,20.87,2.703,12.56,1.27,0.56,12.6833,4.63,24.88,3.3,50.7,Gravelly Soil
5.13,17.02,NaN,2.665,NaN,NaN,2.15,0.3246,2.77,19.21,0.0,25.3,Sandy Soil
41.67,17.38,12.27,2.712,100.0,98.38,98.38,0.0049,6.79,55.89,39.24,6.4,High-Plasticity Clay
14.16,15.55,13.62,2.674,NaN,NaN,65.57,0.0453,8.63,28.36,4.99,8.9,Silty Soil
6.5,19.7,18.5,2.699,43.91,8.92,1.27,6.1625,18.56,NaN,0.78,42.9,Gravelly Soil
