Building_Age_Years,Gross_Floor_Area_m2,Number_of_Stories,Structural_Condition_Index,Deteriorated_Structural_Element_Share_pct,Moisture_Intrusion_Severity_Score,Differential_Settlement_mm,Lateral_Load_Upgrade_Demand_Score,Code_Compliance_Gap_Score,Heritage_Intervention_Constraint_Score,Planned_Occupancy_Change_Intensity_Score,Hazardous_Materials_Abatement_Area_pct,Years_Since_Last_Major_Rehabilitation,Rehabilitation_Cost_Ratio
30,13583.6,6,86.15,19.68,4.12,20.81,4.38,3.67,0,8.93,7.26,1,0.287
64,4129.8,3,90.04,19.81,2.32,7.09,4.96,3.11,2,4.38,26.31,7,0.267
32,5938.9,2,90.73,15.21,1.47,9.45,1.84,3.26,0,6.01,1.91,24,0.196
56,3886.3,3,82.45,17.16,1.78,25.13,3.60,2.33,1,5.55,45.00,20,0.290
NaN,4456.0,5,81.17,32.06,5.94,NaN,6.58,4.19,3,1.52,0.00,4,0.341
36,6983.9,6,98.00,8.49,0.09,14.11,3.54,3.12,0,6.51,6.98,NaN,0.163
48,8610.0,4,77.53,26.50,3.38,10.26,2.73,4.96,0,5.76,13.39,28,0.307
35,10614.0,8,NaN,20.83,2.91,15.61,5.59,3.41,0,8.00,7.59,1,0.308
135,524.1,1,NaN,NaN,4.69,19.98,5.12,2.34,3,3.97,22.46,56,0.457
64,3586.3,3,95.83,18.60,2.65,NaN,4.43,3.77,0,4.45,45.00,25,0.284
68,3206.9,3,81.98,18.11,3.70,16.59,4.71,3.64,2,5.85,NaN,10,0.363
40,7898.7,12,74.39,24.86,3.77,19.10,6.26,6.08,1,7.11,2.17,31,0.403
NaN,NaN,6,76.92,26.54,4.72,NaN,6.94,2.56,1,0.39,45.00,NaN,0.292
50,6258.3,6,80.22,15.45,1.72,16.18,4.05,5.76,0,5.59,NaN,11,0.321
61,1189.1,1,NaN,21.67,4.34,13.30,3.81,3.26,2,7.94,40.14,13,0.446
102,1165.0,2,72.72,24.54,2.14,20.25,5.70,5.14,NaN,6.96,11.41,46,0.431
69,7161.4,5,79.44,17.13,2.38,14.50,4.85,NaN,1,6.44,39.84,31,0.281
145,2085.5,3,58.79,41.76,5.27,29.79,6.51,5.29,4,4.61,21.22,64,0.538
29,17597.1,10,85.82,13.89,2.78,21.77,4.63,4.16,NaN,3.94,NaN,NaN,0.262
63,4079.0,6,83.51,23.49,3.00,22.71,5.53,NaN,0,3.29,36.54,14,0.319
47,9568.8,4,72.13,32.37,3.93,8.99,3.13,3.16,NaN,NaN,10.46,8,0.265
70,5026.3,6,64.16,29.46,2.04,NaN,6.18,0.75,0,6.54,45.00,15,0.358
53,NaN,12,87.30,17.87,3.14,20.43,5.78,3.88,1,2.89,20.70,17,0.313
39,5182.1,5,79.99,15.38,2.28,18.85,3.62,2.17,2,4.24,14.55,10,0.221
41,6479.3,6,NaN,9.74,1.12,15.85,3.26,2.41,1,3.47,13.14,12,0.225
109,3571.4,6,NaN,26.99,1.95,21.68,7.66,3.73,3,3.98,45.00,22,0.417
78,4264.1,3,80.42,21.62,5.01,16.38,4.27,3.54,1,2.53,19.07,10,0.288
112,8222.9,6,NaN,30.86,2.88,20.68,7.54,5.44,3,7.99,25.99,49,0.480
136,889.4,1,68.80,34.07,NaN,23.72,6.34,3.42,3,5.75,30.33,NaN,0.537
63,4695.3,NaN,70.76,19.74,3.77,9.45,4.61,1.36,NaN,3.04,23.61,11,0.307
39,NaN,8,97.78,12.28,3.97,NaN,4.59,NaN,0,4.45,14.34,9,0.213
42,12743.8,NaN,89.29,13.57,1.69,32.69,NaN,2.28,NaN,4.13,26.21,8,0.192
120,3028.7,3,62.63,41.67,5.66,16.01,5.70,3.79,2,3.87,7.43,61,0.433
76,3695.1,5,98.00,14.86,NaN,11.89,5.16,5.10,1,3.21,10.18,6,0.253
63,3466.7,2,76.19,22.39,2.02,13.91,NaN,2.40,0,6.18,22.33,8,0.277
129,NaN,NaN,81.30,20.34,2.96,26.73,NaN,3.71,4,3.22,27.66,56,0.393
111,2099.7,2,66.61,29.33,3.83,14.76,6.22,3.95,3,4.22,NaN,65,0.442
63,7862.7,5,83.91,21.91,1.31,10.50,5.49,2.10,1,6.19,45.00,26,0.355
116,2701.6,3,81.11,19.02,2.43,17.04,6.39,NaN,4,8.26,26.80,NaN,0.439
55,1877.1,3,62.69,NaN,4.58,7.45,4.10,2.39,1,4.96,45.00,19,0.370
53,8378.5,8,78.54,14.69,3.30,16.11,6.67,4.16,1,8.47,29.04,22,0.388
41,2692.2,NaN,NaN,32.50,NaN,15.19,2.91,2.44,1,2.52,13.52,25,0.322
41,7515.7,4,71.48,27.14,3.71,16.02,2.29,0.99,0,1.08,11.07,26,0.242
130,1841.6,3,83.30,28.24,6.19,22.63,6.81,3.37,3,0.81,44.83,11,0.415
28,5769.5,3,97.02,15.71,2.04,9.03,1.94,0.00,2,2.01,21.79,10,0.165
35,16584.1,7,70.72,26.10,5.56,17.69,3.74,3.67,0,6.84,4.76,19,0.264
57,2722.5,4,80.82,22.04,NaN,10.50,4.15,3.42,0,5.15,45.00,NaN,0.341
139,646.2,1,62.62,40.85,6.02,21.74,5.96,4.88,4,NaN,8.02,122,0.563
74,11485.1,9,88.71,NaN,4.62,NaN,6.66,3.30,2,2.01,45.00,11,0.308
106,2824.6,5,NaN,16.34,3.10,13.50,6.53,3.58,1,6.18,26.55,13,0.357
130,1758.7,4,63.79,38.51,5.91,20.31,NaN,4.39,5,2.78,9.68,97,0.597
99,1174.8,5,69.95,37.88,5.26,24.34,6.82,5.28,2,5.94,14.96,9,0.529
35,13025.0,10,90.38,18.12,0.88,35.71,5.08,NaN,0,9.37,17.81,24,0.341
55,4159.2,3,78.80,23.31,1.43,13.93,4.58,3.57,2,4.02,21.94,12,0.281
35,8771.3,6,82.88,13.42,NaN,25.92,3.00,3.97,1,3.79,NaN,19,0.283
41,3772.5,6,82.58,NaN,2.16,6.54,3.91,1.14,0,3.89,5.97,10,0.190
76,NaN,3,76.15,18.07,1.33,14.70,4.42,3.49,3,NaN,27.88,12,0.363
57,2344.6,3,98.00,14.79,1.89,25.71,5.20,1.63,2,4.53,45.00,2,0.320
122,955.1,2,73.13,NaN,2.46,14.01,5.93,2.39,3,6.14,24.92,8,0.425
133,3809.6,4,59.52,35.86,5.86,19.81,6.23,6.43,5,8.55,17.33,51,0.609
79,5787.9,7,85.12,21.47,2.84,23.69,6.24,4.22,2,NaN,29.45,38,0.334
67,5854.1,6,67.40,29.13,5.66,20.65,5.75,5.25,1,NaN,45.00,42,0.478
59,4493.6,3,89.56,16.66,2.00,23.71,4.82,NaN,NaN,5.00,45.00,4,0.238
40,4217.5,3,93.38,15.22,NaN,8.12,1.64,2.15,1,2.10,19.72,16,0.148
61,4261.7,4,78.75,14.69,2.50,20.72,5.40,1.08,2,2.55,45.00,5,0.308
81,2382.5,5,71.34,29.70,2.23,37.32,5.64,4.07,2,5.33,35.08,54,0.466
62,NaN,8,74.44,22.84,2.88,28.92,6.80,3.23,0,4.33,20.02,39,0.325
132,NaN,5,64.26,28.91,5.63,19.46,7.35,7.16,4,NaN,44.82,101,0.696
88,5523.5,6,73.34,14.73,2.57,35.89,NaN,3.22,2,NaN,1.08,46,0.327
62,8523.3,7,79.41,NaN,3.13,19.79,5.74,3.20,0,2.14,30.93,12,0.270
149,3474.9,7,67.89,26.36,3.86,24.68,7.87,4.86,2,2.31,10.33,51,0.382
67,2099.5,NaN,78.68,25.09,2.88,9.61,4.29,NaN,2,8.12,16.35,11,0.392
37,1000.0,1,71.77,26.37,5.64,10.46,1.38,1.85,0,2.01,12.38,NaN,0.329
157,711.0,1,60.73,34.93,4.79,NaN,5.86,NaN,4,7.51,35.48,43,0.617
146,NaN,3,NaN,27.11,3.69,21.66,6.37,4.14,3,7.25,39.91,50,0.531
110,1796.7,2,89.35,20.68,1.11,9.21,5.55,5.20,NaN,7.79,12.66,56,0.448
122,2543.0,2,58.27,42.66,6.03,21.69,NaN,5.37,NaN,6.18,21.87,83,0.603
64,6634.4,9,79.75,18.69,1.10,14.55,6.35,NaN,2,NaN,45.00,54,0.361
NaN,2457.7,2,74.58,18.82,2.39,14.70,4.40,3.04,1,7.47,15.41,9,0.262
36,15976.8,NaN,77.71,20.47,2.96,15.32,6.06,3.97,0,4.77,1.09,3,0.261
59,3993.5,6,86.98,21.38,2.60,19.73,5.38,3.89,2,8.53,32.85,10,0.393
76,NaN,5,80.70,20.53,4.44,NaN,5.11,2.38,1,0.74,NaN,14,0.296
48,4067.5,7,85.65,20.58,3.31,14.15,3.47,1.86,2,3.16,2.67,18,0.240
145,2742.3,3,67.28,NaN,4.58,NaN,6.67,4.84,3,2.07,5.23,NaN,0.393
166,3718.3,4,57.26,41.56,5.50,30.53,6.55,7.23,5,4.48,45.00,68,0.650
136,2388.8,2,74.08,36.51,5.19,NaN,6.79,4.51,5,10.00,6.04,1,0.627
43,12856.8,10,68.18,29.21,NaN,27.85,5.05,4.98,1,6.25,3.52,11,0.416
NaN,NaN,3,82.64,23.94,NaN,NaN,4.46,NaN,3,5.07,38.74,40,0.381
118,1719.0,2,58.06,34.69,3.91,26.85,NaN,2.66,2,3.42,NaN,63,0.387
64,7821.5,6,77.59,23.68,4.05,17.19,5.37,1.36,0,4.98,12.40,NaN,0.208
106,2565.8,4,84.01,23.94,5.01,15.16,7.73,5.47,2,6.34,7.40,2,0.436
68,4876.9,4,82.52,20.84,2.18,23.31,4.99,3.45,2,6.53,36.34,6,0.355
60,4012.3,5,72.84,26.25,3.64,13.10,4.84,2.35,2,2.83,45.00,28,0.319
59,2391.7,2,84.82,13.76,1.97,16.04,3.68,3.13,1,6.58,2.37,NaN,0.281
125,4148.4,4,82.88,24.43,3.79,26.89,7.39,2.39,2,0.00,17.56,7,0.267
63,NaN,3,75.58,NaN,2.80,15.66,4.13,5.67,2,3.24,45.00,35,0.395
58,2917.1,3,69.02,27.39,3.65,15.86,4.64,3.25,0,8.81,45.00,11,0.390
142,NaN,2,57.33,30.49,5.18,24.50,NaN,5.78,5,7.17,23.16,97,0.579
147,2860.5,3,NaN,35.23,5.21,25.87,6.80,6.83,5,8.07,12.27,NaN,0.627
32,8544.2,4,87.17,12.60,1.64,11.32,2.64,3.85,NaN,4.36,10.30,19,0.185
27,5295.3,5,70.16,25.07,3.39,9.79,3.01,3.99,1,5.49,3.30,13,0.299
61,3994.3,2,80.84,26.03,5.56,14.60,4.02,2.79,NaN,7.50,45.00,5,0.399
141,871.6,2,71.61,30.37,4.22,22.35,5.23,4.59,2,4.63,36.50,124,0.539
45,5688.5,5,69.45,32.56,3.83,20.61,3.49,0.78,0,3.70,30.33,41,0.303
32,2148.3,2,98.00,0.77,0.00,6.47,2.04,1.89,0,3.52,7.89,15,0.150
44,14113.0,7,87.37,NaN,0.40,21.10,5.68,3.52,0,6.04,27.48,2,0.244
54,12942.5,9,74.90,23.36,4.20,20.93,6.05,4.10,3,2.39,NaN,24,0.327
113,2776.4,3,63.96,39.42,4.80,20.95,6.27,6.12,3,5.84,28.13,66,0.562
175,5117.7,6,NaN,36.53,5.68,36.36,7.42,7.93,5,10.00,19.26,81,0.721
33,2100.9,2,69.85,23.46,4.54,14.73,1.35,2.90,0,2.81,15.10,17,0.299
56,854.3,1,84.17,26.00,4.33,13.19,3.96,NaN,1,3.82,17.10,8,0.312
NaN,3209.0,4,64.28,37.37,5.59,NaN,6.43,5.72,4,4.58,20.88,53,0.565
127,1396.5,5,57.62,45.34,6.26,22.98,6.70,4.73,3,4.05,2.19,97,0.567
77,6620.9,7,77.12,27.77,0.00,15.01,6.07,5.11,2,4.51,42.08,39,0.380
167,960.7,1,77.53,29.46,3.80,20.47,6.31,6.31,4,NaN,9.55,71,0.566
30,13055.9,NaN,NaN,15.67,0.00,12.06,4.58,4.25,0,6.76,8.56,23,0.264
32,6789.7,4,92.17,14.39,1.74,14.05,3.16,1.65,0,7.35,9.46,8,0.218
44,3742.8,3,76.44,15.77,4.30,NaN,2.38,4.84,0,9.08,9.30,25,0.328
59,1870.5,2,80.21,21.66,3.32,12.78,3.73,2.44,1,1.70,40.57,31,0.321
75,5026.0,NaN,82.24,NaN,4.81,27.58,7.06,5.94,2,7.71,NaN,37,0.498
68,836.6,NaN,96.83,15.37,0.87,16.91,4.00,3.32,0,4.29,6.47,NaN,0.225
54,6009.2,7,83.93,12.14,1.23,20.35,5.38,4.27,1,5.76,34.85,21,0.312
144,1909.4,4,58.81,38.23,NaN,32.46,6.82,6.13,4,5.03,8.16,34,0.597
57,1978.9,6,89.09,14.19,1.96,16.08,5.00,3.06,0,5.54,45.00,13,0.285
115,3376.2,4,77.83,13.05,2.42,NaN,6.35,4.10,2,3.64,23.26,18,0.281
66,6331.8,7,63.50,NaN,5.03,16.00,6.28,2.64,2,4.29,45.00,4,0.395
119,1327.2,2,88.49,13.71,1.58,10.97,5.92,4.24,3,5.67,22.11,7,0.386
132,450.0,1,74.19,28.84,3.95,16.41,5.49,4.37,2,5.03,45.00,51,0.478
129,3175.2,4,95.68,14.38,1.27,17.79,6.18,5.16,4,9.62,18.16,45,0.496
82,2996.2,3,64.54,32.77,4.40,12.49,4.30,3.70,3,5.62,18.46,40,0.480
176,1481.8,2,64.16,29.85,5.15,NaN,5.35,5.03,5,7.84,32.28,31,0.526
38,NaN,NaN,89.70,17.52,1.98,17.16,1.49,1.98,0,3.72,17.11,NaN,0.188
54,1173.7,3,87.58,8.34,1.23,10.03,4.39,3.25,0,5.21,45.00,16,0.241
135,978.6,1,68.70,35.43,3.54,11.69,5.69,3.37,3,NaN,NaN,21,0.457
81,570.1,1,NaN,41.06,4.95,13.93,3.68,NaN,2,3.73,45.00,60,0.452
110,3544.9,6,72.39,35.49,NaN,18.31,7.43,5.05,3,6.52,4.18,27,0.473
37,2944.8,NaN,86.28,17.66,2.42,17.28,2.35,3.05,1,7.13,9.74,25,0.314
63,8952.0,10,77.51,14.98,NaN,16.94,6.81,4.68,1,8.56,34.37,16,0.362
29,10847.9,11,88.37,NaN,1.59,17.92,5.64,1.58,1,0.57,10.24,6,0.162
NaN,1956.0,2,71.77,29.74,4.24,24.06,6.42,3.81,4,2.39,20.70,62,0.384
61,5502.2,6,95.88,10.70,1.26,23.91,6.41,2.79,2,4.97,NaN,NaN,0.341
72,4655.0,5,82.33,22.97,2.23,31.28,5.86,5.74,2,NaN,45.00,6,0.497
45,NaN,7,78.84,20.38,4.31,14.14,4.17,0.86,0,1.78,17.86,11,0.213
73,936.5,2,NaN,15.93,3.59,12.35,4.08,1.84,0,5.12,NaN,2,0.267
63,1943.1,2,87.78,24.09,3.32,10.93,3.56,2.00,3,5.50,45.00,30,0.392
110,635.5,1,61.33,35.04,4.32,16.41,5.65,4.26,3,NaN,33.34,97,0.625
136,2587.1,4,66.91,24.02,3.53,NaN,6.59,5.57,2,NaN,7.73,53,0.411
72,18953.5,NaN,70.27,23.83,1.99,32.30,NaN,4.58,1,2.26,33.10,NaN,0.352
64,NaN,6,75.75,27.41,5.46,20.12,5.28,1.90,2,2.60,35.21,20,0.354
NaN,5779.0,4,85.13,26.18,NaN,27.59,8.03,4.21,4,5.05,10.11,4,0.385
32,13400.5,12,83.74,22.36,4.66,18.93,7.25,3.32,0,5.72,7.47,1,0.315
47,12389.7,7,90.84,14.33,0.00,15.70,3.77,4.44,2,6.88,9.10,19,0.198
96,728.7,1,84.81,21.41,NaN,6.03,5.45,2.73,1,4.26,NaN,NaN,0.324
56,7720.0,7,88.63,19.70,2.41,14.07,5.61,3.06,0,8.01,NaN,36,0.290
121,3974.5,3,55.65,37.29,4.86,24.81,5.37,4.74,3,5.38,8.06,43,0.517
52,1109.9,1,85.13,19.51,3.01,5.93,3.74,4.58,1,8.00,45.00,12,0.366
92,3417.4,3,83.19,23.21,3.10,26.96,5.96,3.20,3,3.24,37.61,65,0.414
46,10015.4,8,72.62,26.40,2.84,27.37,6.42,3.56,2,4.03,24.09,22,0.357
37,2001.2,3,77.72,22.96,4.44,9.54,2.64,0.95,0,5.01,1.40,6,0.247
NaN,9172.2,5,NaN,14.34,1.98,12.30,3.30,0.94,1,4.58,20.05,22,0.215
90,1203.3,2,71.48,34.81,3.60,20.87,4.98,1.81,2,6.14,0.00,39,0.405
41,2272.7,1,70.42,22.70,3.84,10.37,2.11,3.21,0,7.80,6.55,30,0.296
143,960.8,1,65.91,33.86,4.25,18.27,5.36,4.42,4,5.28,9.30,61,0.489
101,1587.2,NaN,79.53,18.39,NaN,22.83,6.37,3.64,3,2.31,6.64,17,0.359
56,3453.9,7,82.37,19.69,2.65,12.09,6.06,NaN,2,6.29,33.71,18,0.324
74,NaN,2,58.02,32.43,6.62,10.52,3.74,3.57,2,1.79,45.00,65,0.499
45,3663.3,3,75.41,30.17,4.69,12.17,3.51,3.04,0,3.46,10.56,2,0.279
39,2168.8,3,68.34,30.31,4.86,21.55,2.04,2.02,0,3.89,3.36,15,0.274
143,847.5,1,77.96,27.70,3.67,18.90,5.98,4.07,4,8.07,1.99,21,0.499
31,7022.6,NaN,90.42,10.20,0.00,9.34,2.83,1.25,0,6.11,34.04,21,0.189
114,4908.2,4,68.38,30.28,5.20,21.84,6.21,5.88,3,6.45,5.49,38,0.460
70,3793.0,5,75.45,22.92,4.12,13.10,5.85,2.98,4,5.87,45.00,12,0.395
107,2344.5,NaN,59.28,35.20,5.14,NaN,5.65,NaN,2,4.75,14.36,38,0.433
43,3641.9,5,85.79,22.01,3.44,14.94,2.12,3.96,1,8.02,14.51,NaN,0.312
120,NaN,1,75.23,26.50,1.06,22.76,5.33,3.21,4,7.79,17.19,25,0.472
137,892.7,2,58.97,31.87,6.63,22.32,5.92,NaN,NaN,10.00,20.46,23,0.673
64,5055.8,8,55.61,NaN,NaN,23.54,6.31,4.74,4,7.58,45.00,49,0.609
36,6544.5,NaN,79.87,20.71,3.01,15.73,4.45,4.02,0,3.45,10.29,16,0.264
34,17624.7,10,84.67,18.20,3.03,12.83,NaN,4.18,0,3.27,NaN,11,0.195
33,6565.4,10,79.43,25.99,NaN,24.95,5.07,5.39,0,7.19,0.12,13,0.378
43,NaN,6,81.88,NaN,2.02,13.54,3.18,3.10,0,3.94,40.83,8,0.240
31,17639.7,10,75.88,18.32,5.26,13.43,4.45,2.39,0,3.03,10.36,12,0.234
53,5497.5,4,84.90,16.68,2.50,17.04,4.56,2.81,2,8.17,45.00,26,0.355
102,513.6,1,80.21,16.97,3.68,12.18,4.90,3.15,3,5.19,5.91,48,0.378
33,536.4,1,74.10,20.61,3.48,9.63,1.43,3.67,1,NaN,2.27,19,0.356
73,1729.8,2,70.24,31.79,4.43,NaN,4.36,3.17,1,5.53,11.52,59,0.402
62,1208.5,2,77.81,26.87,4.83,12.67,4.77,3.05,1,6.13,45.00,3,0.405
170,3117.1,3,89.55,17.62,2.97,28.08,7.28,6.20,5,4.80,45.00,NaN,0.451
32,7903.0,7,82.68,NaN,4.07,NaN,4.23,2.81,0,NaN,15.38,3,0.270
NaN,3348.1,5,67.90,NaN,5.48,26.68,7.13,NaN,3,6.81,40.35,14,0.516
37,3727.5,6,62.67,34.50,3.00,23.04,3.32,3.88,0,4.92,6.48,21,0.351
113,1473.7,2,NaN,29.36,5.53,14.81,5.66,3.43,2,5.21,27.24,49,0.469
149,1896.1,4,81.57,31.94,2.48,32.78,6.97,5.17,5,NaN,18.81,73,0.513
51,6451.7,4,90.99,23.46,4.00,7.72,3.64,2.87,0,3.05,8.65,5,0.192
148,450.0,1,75.50,21.49,4.00,24.16,5.92,4.51,4,6.35,11.48,55,0.444
103,3249.9,2,76.21,23.71,4.63,20.47,6.35,4.47,NaN,NaN,3.41,5,0.438
58,3240.2,3,73.30,9.91,NaN,13.92,4.02,4.80,2,5.97,28.91,NaN,0.328
41,2266.4,3,82.94,18.02,3.05,9.31,2.66,2.65,0,7.79,NaN,11,0.252
108,1161.8,5,76.93,23.59,4.88,NaN,6.87,5.74,2,7.27,38.53,7,0.536
135,3211.4,5,57.62,38.80,6.17,16.51,6.96,4.71,4,5.08,5.71,87,0.585
39,6124.7,NaN,77.57,28.85,3.29,NaN,4.26,5.92,1,7.90,8.05,26,0.328
39,1772.5,2,93.26,17.46,0.83,16.80,1.49,NaN,1,7.16,20.01,12,0.272
73,10450.7,7,80.46,14.69,2.60,22.03,5.46,NaN,1,2.32,19.50,13,0.217
NaN,2825.1,4,71.94,26.26,3.43,19.95,6.53,6.97,4,7.66,38.86,55,0.583
NaN,967.8,2,87.20,21.89,1.43,NaN,6.64,4.60,2,5.08,45.00,3,0.401
92,2799.1,4,71.05,24.96,NaN,20.96,NaN,3.45,2,1.59,15.50,5,0.329
126,1458.0,3,87.18,24.97,1.88,24.47,6.22,1.80,2,0.00,41.41,36,0.363
64,7546.5,4,63.24,42.07,3.63,39.95,4.44,2.84,2,2.46,NaN,40,0.436
107,576.7,2,73.29,25.99,2.98,14.33,5.37,3.51,3,4.23,29.53,46,0.487
63,4908.7,4,75.10,28.63,2.34,28.38,4.48,1.58,2,NaN,30.96,20,0.293
71,2633.8,2,59.84,32.33,2.72,38.46,4.14,4.97,3,10.00,45.00,NaN,0.519
73,1133.7,2,65.92,27.86,5.43,11.79,3.88,3.39,4,8.45,NaN,28,0.551
123,1026.9,2,86.14,NaN,3.42,NaN,5.96,1.81,2,2.60,27.24,13,0.359
36,13238.6,11,75.88,22.32,4.30,16.21,5.89,2.08,0,3.65,25.47,18,0.312
34,6928.8,3,78.07,27.10,5.18,13.47,2.09,3.75,0,2.70,20.11,22,0.234
38,5426.9,4,94.22,11.43,NaN,NaN,NaN,2.57,0,5.56,17.91,36,0.183
NaN,2282.4,3,71.11,33.42,3.54,17.36,6.09,4.01,2,6.13,14.58,86,0.478
123,6133.4,6,78.96,24.88,4.85,10.00,7.71,3.84,3,NaN,12.66,9,0.386
41,10250.8,5,98.00,9.11,1.40,9.92,2.73,4.64,0,6.32,0.00,9,0.180
52,6589.6,8,63.74,24.64,4.84,11.25,6.24,1.77,1,2.80,43.46,12,0.421
82,1328.5,2,80.29,17.77,2.02,15.92,5.44,NaN,2,2.41,NaN,10,0.343
58,2453.7,NaN,NaN,12.39,2.24,20.52,4.27,1.07,1,0.00,28.67,7,0.231
76,3631.3,5,76.36,26.58,2.15,NaN,4.94,NaN,2,4.27,36.28,56,0.359
41,9618.4,4,82.07,15.06,NaN,20.49,2.39,3.29,1,4.32,NaN,NaN,0.192
102,1418.6,5,70.03,20.21,2.84,15.86,7.09,3.73,2,NaN,20.07,36,0.447
47,8842.6,9,85.23,14.47,0.00,15.86,5.56,6.21,3,9.24,11.32,2,0.448
118,NaN,NaN,NaN,31.66,4.93,16.68,6.44,NaN,3,5.75,19.70,25,0.430
64,7558.7,NaN,74.64,24.96,3.71,23.39,7.73,3.49,0,7.47,7.61,2,0.356
78,2927.8,5,90.51,5.71,NaN,15.43,4.70,2.11,1,3.67,32.36,12,0.242
93,905.0,NaN,63.97,32.64,4.73,14.57,NaN,2.82,1,5.81,45.00,35,0.423
104,2118.2,3,NaN,27.65,4.66,21.27,5.58,2.10,3,2.33,1.93,55,0.323
66,1240.2,1,82.74,30.27,1.37,5.65,3.92,4.67,1,8.32,27.01,51,0.387
33,4683.2,8,81.14,19.76,3.41,23.24,4.19,3.39,0,8.86,23.93,21,0.362
69,861.4,2,92.16,17.00,1.34,14.71,4.54,3.16,3,6.96,37.26,8,0.400
33,3947.5,3,82.66,16.40,4.02,15.81,2.53,0.81,1,2.25,15.18,12,0.234
31,NaN,5,85.70,18.66,1.72,19.95,NaN,0.71,1,0.63,8.57,26,0.120
58,734.2,1,71.23,41.12,4.09,15.18,3.70,4.12,0,6.37,45.00,11,0.423
37,5276.8,2,86.33,NaN,NaN,14.22,2.14,4.05,0,5.86,2.31,2,0.237
102,4363.6,4,61.02,39.23,NaN,NaN,7.10,4.84,3,3.44,44.95,42,0.526
99,450.0,1,85.58,19.26,1.92,15.70,6.24,2.09,3,6.60,9.41,3,0.374
46,9439.9,5,94.68,19.52,2.93,6.48,2.90,2.16,0,7.25,22.23,7,0.251
35,7397.4,4,92.82,9.59,2.78,17.94,3.30,5.03,0,6.19,3.18,20,0.219
112,1146.7,2,81.29,27.14,2.56,10.23,5.20,3.60,3,6.42,27.99,13,0.410
51,1837.7,2,82.74,19.49,1.58,5.07,2.97,2.51,1,10.00,45.00,24,0.364
61,NaN,6,69.87,21.74,2.46,13.76,5.30,3.36,NaN,0.18,32.43,9,0.248
34,19513.0,NaN,77.06,24.57,NaN,20.50,5.53,4.08,0,4.97,NaN,21,0.327
67,2584.0,2,81.90,22.61,3.51,14.39,4.72,3.30,1,NaN,16.01,3,0.275
57,15183.2,9,87.87,15.64,2.28,26.08,6.91,2.39,1,8.32,32.71,NaN,0.328
75,5595.8,5,74.05,18.11,4.72,NaN,5.14,3.21,2,5.23,22.22,11,0.376
77,6786.6,NaN,75.43,34.96,3.29,21.15,5.26,5.12,3,6.86,31.93,38,0.524
54,8844.4,6,80.22,20.73,3.58,19.93,6.39,2.25,1,3.53,33.96,6,0.248
31,NaN,7,68.91,21.14,NaN,18.08,3.81,4.87,0,6.44,NaN,25,0.318
54,3537.3,7,81.09,17.51,1.44,15.68,6.15,1.88,1,4.07,NaN,6,0.301
127,1655.4,3,60.16,38.61,4.97,17.20,5.96,4.75,4,6.04,17.06,63,0.561
98,2976.4,3,66.96,34.08,4.74,25.64,6.14,5.38,2,3.97,36.77,76,0.470
46,4189.9,4,68.64,26.34,3.18,9.67,3.29,1.58,1,4.06,36.01,23,0.319
43,3186.9,2,84.17,12.34,1.63,20.43,1.45,3.71,1,9.03,10.70,13,0.308
143,737.6,4,81.54,19.17,3.09,15.43,7.02,6.28,5,8.73,8.49,NaN,0.636
121,565.3,1,71.36,34.37,3.90,13.00,5.45,5.48,5,NaN,19.88,62,0.602
NaN,2835.0,NaN,71.20,25.06,3.27,11.27,3.76,2.80,1,4.11,45.00,14,0.283
91,472.4,1,74.82,16.94,2.18,13.87,4.78,2.59,2,5.76,0.00,24,0.417
37,6828.2,NaN,92.21,11.80,0.00,17.23,3.68,2.02,0,2.57,3.73,1,0.152
110,1559.8,4,82.43,23.84,1.89,18.06,6.91,3.63,3,2.09,27.10,87,0.398
159,NaN,4,79.02,26.70,1.87,23.53,7.58,3.43,4,5.56,42.70,2,0.451
NaN,2904.9,4,80.09,22.61,0.00,16.83,2.55,4.35,0,7.03,2.53,11,0.244
142,1257.0,1,83.17,23.35,3.68,39.25,5.95,NaN,4,4.08,33.96,6,0.441
102,2546.4,3,68.97,29.02,3.35,22.71,6.34,2.35,2,4.72,24.53,49,0.400
166,1331.2,3,53.94,41.97,5.20,34.82,6.38,5.39,5,5.61,21.99,143,0.724
119,1462.1,4,NaN,27.71,3.79,19.92,5.91,3.43,2,4.61,37.36,69,0.484
119,1396.0,4,83.74,14.25,2.17,19.25,7.49,NaN,2,0.83,9.84,2,0.320
164,2172.7,3,66.11,39.88,5.25,28.29,6.05,4.58,5,7.45,25.35,71,0.629
113,2695.8,3,72.61,NaN,NaN,16.66,NaN,4.42,3,5.00,44.22,46,0.501
114,5094.0,7,63.47,29.96,4.94,18.58,7.20,6.81,4,7.50,33.59,24,0.590
66,5472.0,NaN,93.86,11.91,0.00,25.37,6.67,4.15,NaN,NaN,45.00,2,0.375
55,5230.5,4,87.99,13.59,2.25,13.18,4.43,1.47,1,4.07,39.35,28,0.230
61,4640.6,4,86.27,19.97,1.85,13.66,4.19,1.66,2,2.94,45.00,9,0.252
103,NaN,1,77.11,27.28,3.92,19.62,5.77,3.86,2,4.29,NaN,67,0.483
54,8029.8,9,74.92,23.24,3.87,19.50,7.05,NaN,0,7.05,45.00,15,0.341
46,NaN,4,86.53,21.20,NaN,10.77,2.55,1.62,2,5.00,28.39,10,0.251
40,8561.7,3,84.21,21.60,3.18,14.60,2.27,1.20,NaN,NaN,NaN,11,0.173
112,NaN,7,84.87,19.19,0.00,21.14,NaN,4.13,2,3.35,33.89,13,0.327
114,1297.3,NaN,NaN,34.76,3.71,13.15,6.47,7.75,3,9.55,7.43,87,0.606
116,450.0,1,65.81,35.75,5.50,13.26,6.21,1.72,3,1.75,12.07,37,0.444
128,741.3,1,95.37,12.99,NaN,18.06,6.45,4.39,2,4.76,29.42,6,0.399
77,888.2,1,59.73,33.64,5.37,16.37,NaN,1.89,1,NaN,34.94,37,0.374
77,8238.9,5,73.88,24.59,NaN,22.34,5.56,3.25,3,9.46,24.59,NaN,0.371
113,800.5,1,75.29,27.94,3.74,18.55,6.03,3.78,2,0.00,5.12,7,0.439
61,7200.1,8,81.60,13.57,1.68,26.58,5.78,6.63,0,7.55,31.88,17,0.414
64,10950.3,8,67.99,32.67,2.62,23.74,6.65,4.32,2,4.78,45.00,25,0.456
124,1579.5,3,NaN,17.77,2.35,22.49,6.19,5.25,4,6.70,7.32,52,0.505
37,NaN,NaN,98.00,13.74,0.20,15.72,3.33,3.02,NaN,4.83,2.99,7,0.168
130,454.1,2,NaN,30.67,4.61,27.95,6.62,2.35,2,0.31,19.77,1,0.377
NaN,1752.7,1,91.34,5.01,NaN,14.54,2.08,2.58,0,4.33,20.57,11,0.246
110,5265.6,4,69.27,35.52,3.46,23.97,5.84,4.97,3,5.53,NaN,54,0.514
36,3840.0,NaN,90.42,NaN,2.11,17.15,1.28,3.51,1,2.87,1.43,12,0.211
36,3693.1,2,74.51,21.66,5.66,22.19,2.64,2.54,0,7.24,1.58,32,0.324
31,4347.2,4,90.37,16.90,1.54,16.43,2.38,3.09,0,5.86,12.17,26,0.199
32,1960.6,1,75.43,25.57,NaN,12.47,2.13,3.10,1,8.78,24.40,NaN,0.349
42,5777.1,4,73.15,26.24,1.88,NaN,3.03,2.98,0,1.09,7.75,22,0.272
62,6356.8,6,74.57,21.44,3.11,NaN,5.04,5.83,2,4.33,45.00,27,0.403
33,4254.9,8,96.71,5.40,2.29,14.76,5.02,3.93,0,3.30,5.76,5,0.179
123,1630.2,4,80.44,29.71,2.63,14.72,7.19,5.99,4,7.64,10.33,41,0.511
71,6062.1,7,65.86,27.26,NaN,NaN,6.12,4.74,2,5.14,NaN,14,0.472
59,1989.4,4,85.76,6.72,2.25,12.24,5.46,3.88,2,3.07,42.37,13,0.327
45,13763.0,9,77.11,26.01,3.30,25.39,4.37,NaN,1,3.97,6.40,23,0.327
77,5131.3,4,60.87,31.12,3.07,22.62,5.24,1.05,0,1.75,17.16,34,0.299
67,4595.3,3,76.81,NaN,3.53,14.68,5.12,3.96,0,7.04,29.64,2,0.332
68,4535.9,9,NaN,20.06,3.39,25.54,6.78,0.89,1,2.39,NaN,11,0.276
92,2522.5,2,68.10,27.92,4.87,15.34,5.75,NaN,2,4.06,12.20,38,0.370
159,450.0,1,69.75,27.23,3.48,NaN,5.93,4.28,5,NaN,7.68,32,0.485
62,2716.4,3,77.99,29.28,4.44,10.77,4.10,1.70,2,1.01,20.65,NaN,0.309
77,4090.4,3,73.56,24.72,2.98,16.55,4.51,1.51,2,8.18,45.00,45,0.417
124,1096.5,3,79.11,11.62,1.34,16.53,5.33,3.37,3,2.79,26.28,19,0.354
NaN,1514.3,4,86.00,23.14,3.61,19.16,4.17,3.25,0,5.11,42.48,26,0.385
50,3166.1,8,84.45,NaN,2.65,NaN,6.56,3.36,0,3.87,25.02,18,0.337
131,1542.5,2,57.31,40.80,4.65,38.16,6.03,4.41,4,6.85,28.65,75,0.647
66,5992.4,4,73.62,23.44,4.03,18.04,4.79,2.59,0,5.93,NaN,24,0.337
NaN,1964.2,3,76.38,26.78,3.91,14.67,4.76,2.41,1,3.99,15.33,8,0.288
136,2196.8,5,66.41,NaN,4.95,34.67,7.78,4.39,4,7.52,22.62,NaN,0.559
46,NaN,2,91.89,12.41,0.67,12.85,2.19,4.58,1,10.00,18.69,19,0.341
38,2092.7,2,81.00,22.48,1.17,20.18,1.15,2.51,0,5.07,7.20,34,0.272
64,5211.8,4,82.56,22.15,0.30,10.48,4.39,1.23,0,3.44,45.00,35,0.301
NaN,5459.6,4,83.33,26.42,3.41,14.05,6.07,4.31,4,6.17,45.00,26,0.433
72,9489.3,NaN,82.14,22.62,4.05,19.24,7.15,3.41,1,2.26,45.00,1,0.327
35,13070.9,6,89.48,6.92,0.37,17.06,2.58,5.21,0,7.24,33.34,11,0.238
75,5859.4,6,81.66,20.00,1.22,25.35,5.00,6.03,3,10.00,21.64,41,0.501
36,8408.7,4,85.56,11.91,1.42,11.97,2.52,1.79,0,4.89,7.97,NaN,0.180
66,663.1,1,86.26,14.88,1.62,13.67,4.21,5.80,2,9.97,15.55,59,0.469
59,1146.0,2,NaN,19.15,4.34,7.84,NaN,NaN,1,5.50,33.80,9,0.317
101,689.4,1,76.21,25.74,3.81,15.67,5.18,NaN,3,6.37,5.39,20,0.424
44,NaN,4,78.25,30.12,3.05,11.45,2.84,3.39,1,NaN,17.54,26,0.268
119,4045.3,3,74.34,20.86,5.20,9.09,6.71,6.61,4,10.00,11.16,3,0.486
65,3380.5,3,82.15,16.59,0.08,12.07,4.63,4.04,3,1.48,45.00,15,0.318
51,12108.4,5,82.42,17.38,2.05,19.09,2.96,5.16,2,8.05,14.17,15,0.311
162,1473.9,3,71.96,26.78,3.04,23.27,5.97,4.06,3,3.14,11.86,39,0.412
74,6016.5,6,78.12,23.00,3.31,20.46,5.96,4.63,2,5.37,26.39,51,0.412
103,3373.0,4,60.89,36.86,5.25,17.52,6.77,4.08,4,2.72,45.00,59,0.523
40,NaN,4,74.30,17.43,3.68,7.92,2.11,NaN,2,1.85,22.04,21,0.224
149,2325.8,3,75.29,24.23,4.71,21.01,6.71,4.27,4,4.45,15.48,10,0.424
NaN,NaN,6,94.25,13.56,NaN,15.08,NaN,5.16,1,NaN,2.30,6,0.254
97,5744.2,4,61.50,31.59,3.21,16.39,6.65,4.54,3,3.74,8.04,82,0.424
45,7793.4,4,93.51,6.39,1.40,9.60,2.20,NaN,3,8.47,NaN,21,0.328
38,3214.2,4,83.17,19.88,3.13,9.06,2.72,1.71,0,4.89,9.41,21,0.231
66,5837.1,6,86.51,18.38,2.88,27.12,5.81,3.72,1,6.82,19.41,29,0.341
52,11737.6,6,63.16,26.35,5.18,29.17,3.52,4.91,0,9.94,0.00,NaN,0.334
40,1727.3,2,86.96,20.70,2.37,15.54,1.73,4.11,0,8.75,7.22,18,0.337
37,4999.3,4,NaN,13.37,1.42,7.30,NaN,2.00,0,2.22,4.13,18,0.207
112,2836.6,NaN,70.93,30.55,NaN,25.54,7.86,4.81,0,4.69,3.15,2,0.349
63,600.1,1,71.84,22.31,4.48,15.67,3.73,2.76,1,1.70,28.44,11,0.346
98,3939.0,NaN,75.93,29.51,NaN,NaN,6.87,3.60,3,8.80,42.00,43,0.503
72,1557.1,2,NaN,22.23,2.92,12.92,4.78,2.63,1,1.34,NaN,2,0.308
145,2608.5,3,NaN,31.31,5.41,34.10,5.72,NaN,5,8.64,29.91,33,0.637
60,2888.6,4,NaN,16.89,3.28,10.27,4.56,3.63,1,5.75,25.24,21,0.252
NaN,1088.4,1,70.96,27.23,3.74,19.63,4.39,1.97,2,NaN,45.00,29,0.482
75,5855.0,8,68.08,NaN,5.17,33.65,7.23,3.89,2,4.84,NaN,NaN,0.475
49,5385.9,4,85.34,15.38,2.87,10.38,4.20,3.13,2,NaN,45.00,40,0.330
38,4444.2,11,65.21,28.25,4.06,NaN,5.09,3.65,1,6.42,17.43,33,0.384
38,4172.8,3,98.00,2.05,0.00,12.71,2.33,3.38,2,NaN,12.56,9,0.201
69,NaN,7,84.18,23.76,NaN,21.91,7.05,3.98,1,3.29,34.82,7,0.334
56,6356.0,8,87.90,18.44,NaN,19.69,6.61,5.35,1,NaN,NaN,46,0.395
41,6687.0,5,80.10,21.69,4.40,11.74,4.06,3.43,1,7.26,3.97,6,0.274
113,2188.0,2,64.63,NaN,3.09,37.13,5.94,NaN,3,7.17,38.48,85,0.512
127,4191.3,4,77.89,20.43,2.64,15.23,5.96,5.51,4,8.57,20.90,46,0.488
90,1577.6,3,85.95,20.86,NaN,19.87,5.54,3.60,5,9.77,17.68,NaN,0.450
64,4979.2,9,86.61,14.76,1.87,19.79,6.50,2.45,1,0.00,18.76,NaN,0.229
65,3966.3,4,83.46,16.76,1.84,15.81,4.35,2.72,2,2.37,45.00,27,0.277
33,4720.2,3,94.23,8.93,0.77,11.06,1.82,4.34,1,6.49,28.98,NaN,0.273
55,1302.0,2,77.95,17.82,3.60,8.41,3.45,2.68,2,2.22,37.45,13,0.386
103,4052.8,4,55.90,NaN,4.02,29.49,6.72,5.12,3,2.69,10.82,71,0.508
36,18037.9,12,83.98,19.22,3.82,23.76,6.96,2.76,NaN,5.62,2.40,1,0.260
31,1502.9,1,88.08,7.83,NaN,5.52,1.96,1.56,1,3.01,0.00,26,0.168
159,2419.9,4,51.45,44.60,5.38,25.39,6.97,6.89,2,3.19,12.49,98,0.610
63,6903.5,8,61.11,23.03,4.85,NaN,6.12,2.49,3,2.33,33.70,15,0.329
142,450.0,1,62.91,31.33,5.52,17.51,5.94,3.29,4,4.22,21.68,11,0.531
165,1877.7,2,49.76,44.68,6.00,38.63,5.46,6.13,5,8.88,5.71,122,0.744
95,1636.5,4,63.67,29.76,3.04,22.74,5.49,5.89,NaN,4.31,16.98,66,0.456
41,10795.3,6,74.72,NaN,2.49,12.51,3.65,2.90,0,6.46,2.20,20,0.190
75,1621.8,1,74.40,24.94,3.24,11.54,4.20,3.23,2,3.34,28.67,28,0.376
67,7573.9,7,79.45,27.32,1.96,16.51,5.96,4.53,1,5.73,NaN,NaN,0.344
37,2301.7,5,NaN,NaN,0.00,10.17,3.66,0.00,0,0.44,5.47,4,0.125
63,5577.9,8,81.25,14.78,1.16,21.29,5.72,3.60,1,3.99,45.00,13,0.316
28,12455.8,9,85.49,13.12,NaN,NaN,4.91,3.75,3,8.31,5.04,13,0.296
39,NaN,8,81.49,12.53,2.89,20.24,5.02,4.73,NaN,7.86,6.42,5,0.297
83,6608.2,4,83.83,22.90,3.83,11.57,4.78,5.19,3,NaN,13.91,64,0.315
79,2349.2,3,71.84,24.49,2.58,18.52,4.48,2.34,2,2.45,30.64,26,0.308
29,9976.0,5,79.72,23.08,2.37,10.98,2.65,2.34,1,4.22,6.57,22,0.228
42,1772.2,2,91.16,13.89,0.84,NaN,1.39,4.19,0,1.42,NaN,22,0.230
35,7891.2,6,69.46,22.59,3.42,8.31,3.31,3.33,0,8.65,16.65,25,0.308
152,678.9,2,75.01,27.24,2.81,30.01,NaN,3.25,NaN,4.92,13.65,39,0.437
29,8170.1,5,77.09,24.22,5.96,11.18,2.82,4.24,NaN,4.98,16.40,21,0.275
78,669.0,1,59.62,NaN,5.27,18.97,4.60,3.73,1,6.61,31.85,63,0.505
145,1242.3,2,81.11,26.00,2.11,NaN,5.72,4.25,4,3.25,29.40,23,0.358
54,3997.2,3,85.72,12.60,NaN,14.19,3.31,4.51,0,2.15,NaN,31,0.241
52,5845.7,5,81.22,27.81,3.74,7.36,4.64,1.51,2,4.01,14.14,NaN,0.230
144,1177.8,5,78.27,21.17,3.27,22.43,7.14,4.28,5,3.99,38.06,7,0.480
56,NaN,1,90.39,11.59,2.42,8.10,4.05,1.87,2,6.96,28.05,9,0.306
39,12798.4,NaN,76.01,25.02,3.90,20.15,4.28,4.42,1,6.28,27.79,26,0.315
154,2769.0,5,63.89,35.63,4.21,21.72,NaN,NaN,4,7.27,22.43,67,0.606
66,1888.0,3,76.63,27.20,4.48,13.43,4.21,1.95,1,5.31,42.30,19,0.358
62,5086.7,5,87.49,22.04,3.30,24.20,4.88,3.74,0,3.58,23.07,19,0.229
116,1584.8,3,NaN,43.19,NaN,15.50,6.03,4.04,1,4.68,38.94,58,0.519
30,3321.2,2,78.45,22.23,4.56,12.92,1.75,0.40,0,1.97,18.46,25,0.221
51,6500.5,5,71.20,24.04,3.30,NaN,3.02,2.46,1,6.78,7.46,24,0.272
109,533.5,1,68.61,38.44,3.78,16.77,5.40,NaN,4,6.59,11.38,52,0.555
33,6983.2,9,90.64,11.11,2.76,10.97,5.38,1.81,2,5.15,16.02,3,0.269
35,8964.5,NaN,98.00,13.57,1.63,14.03,5.27,3.73,NaN,3.88,0.00,NaN,0.255
NaN,1638.5,5,63.10,33.74,3.84,19.55,7.79,6.15,3,5.51,9.18,7,0.490
31,5490.7,5,93.10,20.41,1.61,12.96,3.27,3.76,0,5.77,35.54,22,0.273
148,3075.0,3,62.73,40.98,5.64,27.47,6.16,5.43,4,9.36,NaN,73,0.627
42,21787.9,12,73.91,17.13,2.92,21.26,5.90,4.43,3,4.45,8.01,17,0.391
73,2711.6,3,97.40,18.22,0.67,15.07,5.14,1.43,3,2.22,42.71,44,0.299
NaN,1045.5,1,81.27,16.41,2.57,13.34,NaN,3.76,3,7.14,27.97,21,0.402
145,2939.3,4,74.02,33.28,2.23,30.25,7.21,3.56,NaN,3.49,9.87,6,0.412
NaN,8935.1,4,76.30,20.47,1.37,20.58,2.29,2.70,0,8.32,4.14,15,0.241
99,1568.6,NaN,73.44,24.99,4.19,22.37,5.66,3.68,3,3.24,24.73,11,0.375
141,596.7,1,57.32,39.14,NaN,27.02,5.81,2.06,3,3.74,45.00,63,0.564
NaN,1711.9,4,63.72,38.30,4.24,14.34,6.56,3.85,3,6.32,23.91,101,0.565
39,1631.8,3,NaN,26.34,2.66,11.46,2.27,0.76,0,1.48,18.78,22,0.284
152,1153.8,2,64.75,29.77,4.86,25.36,6.00,4.71,5,6.19,20.55,78,0.593
51,1839.1,1,63.66,27.28,2.29,8.91,2.15,5.18,0,9.26,8.60,46,0.409
69,4412.2,3,98.00,5.61,0.53,10.57,3.91,3.13,0,NaN,NaN,16,0.231
118,1778.6,5,69.19,30.19,5.06,32.23,8.16,4.17,4,4.09,19.50,1,0.471
117,1941.6,3,69.83,33.78,6.47,19.29,NaN,4.50,2,6.69,42.60,47,0.483
NaN,2731.8,4,66.70,31.50,NaN,27.79,6.45,3.86,3,3.17,12.24,67,0.410
62,7021.5,6,67.22,30.15,3.35,15.66,5.32,4.18,1,1.71,4.28,28,0.322
NaN,5201.4,4,79.96,12.51,3.77,20.78,2.14,0.53,0,3.19,12.03,20,0.223
96,1418.8,5,88.75,19.95,3.48,17.82,7.38,5.49,3,9.39,16.12,2,0.506
30,15203.2,7,87.57,13.30,1.51,16.32,4.38,NaN,0,2.15,NaN,NaN,0.149
NaN,4087.6,3,60.74,40.79,6.25,26.95,6.27,NaN,3,NaN,15.12,72,0.545
37,1666.1,1,86.73,10.77,0.89,NaN,1.62,2.70,1,NaN,0.20,12,0.202
49,1665.6,1,95.47,15.46,NaN,7.20,1.82,4.21,0,8.45,2.58,24,0.240
40,19196.7,12,72.47,19.14,1.60,21.39,6.05,6.07,0,6.25,15.69,8,0.360
NaN,6433.4,7,77.78,18.40,3.21,15.54,6.01,2.59,1,6.95,44.61,15,0.387
32,7022.4,10,76.54,28.43,2.68,25.91,5.36,5.27,1,7.25,2.26,NaN,0.361
104,4868.8,NaN,65.13,30.80,4.10,25.85,7.00,3.87,NaN,2.79,38.75,57,0.400
165,450.0,1,52.87,44.04,5.29,24.52,6.20,3.91,2,2.83,24.21,86,0.573
104,5229.2,5,61.32,35.08,2.84,19.85,7.07,5.64,3,2.50,21.59,48,0.482
NaN,4037.3,4,64.40,26.08,5.24,12.03,4.05,4.09,0,5.74,20.17,19,0.261
49,9646.9,8,86.86,22.39,2.24,15.59,4.29,3.13,1,4.05,22.93,30,0.300
81,838.0,1,72.85,26.42,3.37,15.00,3.62,4.10,1,4.71,45.00,34,0.366
34,7847.0,3,78.84,15.15,1.45,11.06,2.15,1.84,0,2.08,10.20,22,0.184
92,1768.7,5,71.51,NaN,4.01,30.05,5.76,4.44,NaN,9.30,25.44,25,0.440
32,6266.7,8,98.00,13.59,2.32,15.81,5.07,3.31,0,7.75,NaN,4,0.218
93,NaN,4,77.69,18.42,2.67,16.60,6.40,NaN,2,2.40,29.50,15,0.362
103,1448.9,2,72.61,28.02,5.14,23.17,5.63,2.18,3,1.07,NaN,58,0.399
39,12743.2,4,77.97,23.18,2.58,12.74,2.22,2.63,0,3.60,NaN,17,0.189
48,10668.0,11,85.12,19.60,2.60,17.25,6.63,5.87,2,8.57,21.98,8,0.492
65,6215.9,NaN,79.17,25.45,1.79,19.64,5.49,4.39,1,9.83,26.61,8,0.362
127,1456.2,3,77.68,NaN,0.70,22.72,5.87,7.19,3,8.70,NaN,65,0.524
NaN,5907.5,5,87.89,19.64,1.66,20.71,4.96,3.90,0,7.80,45.00,12,0.325
141,1011.1,3,66.12,28.13,4.41,25.17,5.45,5.23,2,2.80,43.88,49,0.459
40,6025.8,5,92.31,12.22,NaN,12.66,3.50,3.38,1,2.81,6.28,8,0.196
46,6415.0,4,81.00,21.81,2.83,NaN,2.05,3.98,0,2.37,20.11,39,0.217
159,3857.5,5,45.00,44.81,6.32,25.71,7.45,8.54,NaN,9.01,18.76,120,0.757
111,2356.3,6,58.86,31.38,NaN,18.79,7.61,3.19,2,6.62,45.00,57,0.542
96,6081.6,6,75.68,26.72,2.05,11.74,6.98,4.91,2,6.44,7.86,52,0.445
NaN,12392.6,NaN,86.61,14.06,2.24,18.17,2.57,2.95,NaN,5.58,42.85,18,0.249
63,3723.4,4,72.93,23.04,3.84,15.55,4.95,2.55,0,1.60,45.00,28,0.315
49,NaN,7,81.93,21.83,2.85,26.80,3.92,3.20,0,5.04,9.61,28,0.275
62,9525.3,7,64.33,28.49,3.96,21.97,5.93,3.44,2,5.38,45.00,42,0.415
71,4440.0,5,85.56,15.07,0.00,17.87,NaN,2.28,3,4.31,42.05,27,0.309
122,4152.2,4,69.55,20.39,3.11,29.34,6.45,3.82,2,NaN,16.04,27,0.296
33,7100.3,7,NaN,15.96,2.84,18.71,3.73,4.70,0,7.08,7.84,18,0.288
NaN,NaN,4,NaN,38.56,4.67,20.31,6.01,3.97,3,5.94,19.78,63,0.508
68,3382.9,6,91.78,15.72,0.23,23.93,6.50,3.18,0,NaN,42.22,6,0.310
68,1861.7,2,85.20,NaN,3.26,12.87,4.43,2.36,0,5.87,45.00,13,0.308
63,NaN,NaN,85.92,24.80,2.92,11.33,4.94,2.37,1,5.13,9.10,38,0.244
34,9638.5,6,NaN,23.24,2.89,30.91,3.85,3.44,NaN,7.50,5.26,15,0.334
134,1130.1,1,71.14,33.11,4.04,24.46,6.33,NaN,3,4.93,0.51,91,0.500
56,13784.9,7,NaN,NaN,0.24,15.02,5.96,4.90,1,5.77,45.00,7,0.331
78,2929.0,5,77.05,20.14,2.16,NaN,4.93,1.96,3,NaN,44.59,18,0.297
57,1448.9,2,92.00,12.79,2.85,7.21,3.82,1.73,3,NaN,16.47,9,0.231
97,2871.5,5,82.69,18.62,2.96,20.20,6.82,4.98,2,4.40,23.70,28,0.343
119,2887.3,NaN,66.04,32.46,5.55,15.43,6.37,4.59,3,10.00,25.81,87,0.604
121,3368.2,5,84.48,NaN,1.62,19.71,6.57,5.46,5,3.48,8.63,22,0.462
120,3079.3,3,74.57,26.55,3.22,9.16,NaN,3.54,2,3.95,24.52,66,0.437
63,8952.6,7,89.36,17.37,0.00,22.72,6.23,4.10,2,3.90,45.00,10,0.338
83,1802.1,4,77.29,25.70,3.84,15.39,5.12,3.52,1,5.83,3.89,26,0.373
64,5272.6,5,83.82,24.25,2.60,16.83,5.03,3.71,1,3.96,45.00,35,0.345
64,1037.9,1,72.93,27.09,3.68,NaN,3.03,5.61,1,NaN,45.00,38,0.491
63,NaN,5,72.60,NaN,2.68,17.96,5.33,3.24,0,5.26,45.00,11,0.334
94,1691.6,4,NaN,14.42,3.33,NaN,6.83,4.11,1,2.10,8.85,39,0.329
67,5099.9,5,66.78,27.42,3.04,16.92,NaN,3.79,2,5.64,40.28,11,0.449
105,2039.6,3,79.95,23.16,3.43,14.13,6.54,2.31,4,1.81,13.75,10,0.351
128,1979.9,5,79.21,19.97,3.56,20.47,7.28,2.98,3,0.61,29.05,7,0.350
51,7540.2,6,NaN,29.06,4.55,12.56,5.75,3.90,1,8.40,45.00,10,0.401
NaN,2221.6,3,86.60,14.17,2.99,NaN,NaN,1.15,2,2.67,22.38,7,0.247
118,4415.2,6,66.21,35.93,3.93,22.04,7.32,5.52,2,5.67,25.49,85,0.522
76,6964.3,6,80.90,16.95,1.25,19.15,5.93,4.26,2,NaN,NaN,8,0.320
64,12840.5,10,60.01,35.31,4.39,27.25,7.23,5.44,2,NaN,45.00,48,0.553
29,7388.6,12,87.58,17.10,1.50,30.29,5.60,5.58,3,5.13,16.48,20,0.422
73,4400.0,8,70.46,27.48,3.64,22.05,5.86,4.80,1,4.19,41.35,17,0.464
68,4927.2,6,68.56,33.17,5.00,19.59,5.72,2.52,1,2.97,17.52,18,0.339
139,2654.7,4,68.56,33.80,4.31,18.33,6.76,5.02,4,5.00,NaN,118,0.548
37,2111.3,2,98.00,11.08,2.31,5.41,2.01,3.27,1,5.37,9.86,8,0.232
68,7269.1,5,77.87,15.63,4.36,11.57,5.36,3.61,1,4.05,45.00,NaN,0.317
74,3698.5,6,76.35,NaN,2.43,NaN,5.47,3.06,1,NaN,45.00,NaN,0.353
67,2485.4,4,77.29,28.75,2.98,8.39,4.71,2.74,2,NaN,45.00,42,0.350
61,6103.6,7,74.41,26.88,1.31,26.36,5.77,2.54,0,1.33,18.19,51,0.305
68,2824.7,2,77.46,29.95,NaN,19.78,NaN,5.01,1,10.00,45.00,60,0.531
41,7226.4,4,65.15,34.96,4.97,22.58,2.66,0.52,0,3.33,7.54,22,0.304
50,8874.0,5,67.11,22.30,2.19,9.96,3.85,NaN,2,6.98,45.00,22,0.366
36,5819.4,4,86.81,17.73,0.99,7.25,2.69,3.41,NaN,4.60,8.98,23,0.236
NaN,2778.9,2,85.87,18.44,2.14,9.36,3.89,2.99,0,7.43,9.13,34,0.272
72,2001.1,2,72.14,27.15,3.28,14.33,4.07,3.75,0,6.06,31.78,28,0.343
38,7396.1,8,82.77,11.26,3.25,15.21,3.28,5.26,0,5.30,12.45,30,0.250
135,1931.7,3,NaN,39.99,2.60,28.70,6.33,3.14,2,3.66,17.53,68,0.451
37,1957.0,1,98.00,NaN,0.41,25.89,2.09,0.15,NaN,2.38,15.85,21,0.189
58,876.0,1,84.57,24.78,3.31,15.07,4.49,2.50,0,5.87,11.50,4,0.361
136,2768.0,3,81.05,23.10,1.86,22.68,6.98,4.10,3,NaN,14.95,5,0.451
99,1257.8,2,80.64,31.45,3.34,17.70,NaN,3.97,2,6.44,18.82,55,0.461
33,10145.7,7,69.85,24.09,4.09,36.57,3.71,3.64,0,4.54,5.77,NaN,0.289
127,2095.2,5,74.87,31.19,3.45,13.74,6.59,6.25,5,9.30,15.84,53,0.615
136,1386.6,2,56.83,34.30,5.15,20.83,6.10,NaN,4,6.79,10.70,46,0.499
151,4562.2,4,57.62,NaN,NaN,22.77,7.26,6.26,NaN,3.35,42.80,119,0.652
107,913.2,2,49.28,NaN,5.08,31.71,6.12,5.03,2,6.41,NaN,86,0.604
97,1122.5,2,62.61,40.94,3.71,21.28,5.19,2.56,2,1.22,0.00,58,0.413
50,4398.8,9,89.24,23.13,3.20,13.05,4.38,5.27,1,NaN,3.23,23,0.365
101,946.5,3,NaN,12.28,1.83,15.22,NaN,3.05,3,10.00,12.27,4,0.400
NaN,21848.9,9,64.55,21.91,3.29,20.68,4.39,5.34,0,7.82,12.94,15,0.305
35,3860.4,3,91.59,17.49,1.82,10.88,2.62,2.66,0,6.03,40.88,3,0.235
65,2529.8,NaN,NaN,33.11,3.77,17.84,3.99,1.14,0,NaN,17.42,21,0.251
150,1645.6,NaN,69.28,32.74,5.81,21.28,6.69,4.36,4,3.14,17.56,96,0.481
71,6737.2,4,84.50,28.30,0.38,19.04,4.54,4.19,2,4.59,26.78,13,0.293
133,3238.4,7,70.26,34.40,NaN,NaN,8.23,4.91,3,7.91,13.12,45,0.516
57,2519.8,2,83.13,19.78,2.07,7.69,4.18,3.04,3,4.44,12.75,NaN,0.328
36,9812.3,9,83.54,12.30,2.62,24.73,4.83,4.32,0,3.77,18.54,27,0.246
38,6838.3,9,58.97,34.55,5.93,18.41,5.26,3.31,0,3.58,NaN,9,0.302
32,NaN,5,91.70,8.82,1.19,NaN,2.71,1.85,0,4.53,NaN,10,0.148
107,NaN,3,NaN,12.40,1.47,18.90,6.40,3.85,3,6.74,21.94,6,0.372
60,4214.0,4,77.67,17.15,1.38,12.56,4.61,1.20,1,2.49,45.00,29,0.307
31,3121.3,3,82.69,19.47,1.75,5.89,2.09,2.11,0,5.54,11.20,13,0.231
66,8094.3,7,80.70,23.35,2.61,NaN,6.30,2.86,2,5.92,45.00,16,0.326
69,4888.8,4,66.47,26.65,3.95,18.00,4.25,3.90,3,6.72,45.00,52,0.462
94,5028.3,6,85.85,16.77,2.44,14.60,7.14,2.13,2,2.80,30.01,9,0.292
118,1105.4,4,69.14,31.42,3.10,11.73,6.32,5.37,4,NaN,45.00,61,0.581
71,5029.6,4,94.27,14.55,2.23,13.13,5.51,4.78,1,NaN,45.00,2,0.385
136,NaN,4,NaN,NaN,NaN,24.85,6.81,5.94,4,6.36,15.69,6,0.415
142,1469.7,3,56.36,33.20,4.29,25.45,6.47,2.94,3,5.34,16.21,9,0.499
37,8472.9,10,NaN,0.12,1.52,20.03,5.84,3.54,1,7.19,NaN,NaN,0.265
45,6355.2,3,80.42,21.52,2.25,15.06,2.73,4.33,3,8.03,NaN,21,0.337
59,5897.4,9,74.09,21.70,NaN,18.71,6.34,3.57,1,0.00,8.39,25,0.270
36,14436.3,8,81.32,NaN,0.00,20.44,4.55,3.09,0,6.01,4.67,14,0.214
33,15261.1,9,76.54,29.02,2.26,14.14,5.08,3.09,0,4.82,22.93,18,0.280
118,759.1,3,53.99,46.55,5.99,23.32,5.81,4.91,4,5.70,NaN,86,0.618
62,7257.3,NaN,78.29,25.49,2.72,17.86,5.98,2.33,2,6.52,45.00,30,0.391
59,NaN,3,70.71,NaN,1.87,NaN,4.31,2.79,1,1.85,19.05,29,0.294
137,2700.7,5,84.26,24.19,NaN,20.57,7.94,NaN,5,0.33,6.55,3,0.343
35,4243.7,NaN,69.19,33.92,4.51,15.08,1.60,0.85,1,NaN,4.10,24,0.257
59,1811.9,NaN,84.96,27.54,2.50,8.98,3.92,1.09,2,2.95,45.00,27,0.360
55,4018.5,NaN,74.13,NaN,3.86,16.89,4.90,4.83,2,6.68,42.07,13,0.397
116,2821.9,3,66.38,26.18,2.93,20.81,5.87,5.05,5,6.78,12.63,57,0.490
109,1265.3,3,72.23,27.81,NaN,21.59,6.06,4.95,3,6.20,25.16,52,0.525
36,16882.5,8,76.62,22.56,3.50,23.32,4.25,2.22,1,NaN,19.01,20,0.282
105,581.4,2,57.66,30.66,4.55,26.66,5.82,NaN,2,4.19,NaN,61,0.490
138,3024.8,4,65.21,24.11,4.72,18.84,7.27,4.95,3,NaN,18.28,60,0.486
156,450.0,1,45.81,48.00,6.62,25.59,5.72,6.89,5,7.74,5.94,105,0.801
NaN,7747.0,6,79.29,17.24,2.78,26.29,5.49,2.36,1,4.06,31.78,NaN,0.333
68,9922.6,7,NaN,16.04,2.21,14.66,5.31,3.58,2,4.74,30.60,13,0.294
74,5680.3,4,78.81,25.08,1.21,25.55,5.39,1.74,2,4.21,45.00,40,0.353
175,4794.3,4,41.96,48.00,7.59,26.95,6.84,4.95,4,4.24,13.71,103,0.682
127,4942.6,6,51.95,40.03,6.00,21.59,7.20,4.08,3,NaN,45.00,65,0.466
47,NaN,8,74.84,22.49,1.87,27.18,4.41,4.90,2,8.40,8.09,11,0.392
76,4152.5,4,61.78,37.94,NaN,20.53,4.72,1.20,2,4.13,45.00,36,0.395
72,6810.9,4,84.12,16.23,1.14,16.61,4.55,5.34,0,7.91,39.19,20,0.349
64,7867.4,6,71.80,23.56,2.09,30.43,5.91,3.93,NaN,NaN,45.00,NaN,0.437
30,6813.5,3,79.21,14.36,1.39,12.72,2.28,4.05,2,5.91,10.14,23,0.256
87,2651.5,5,76.91,17.23,0.48,20.93,7.80,4.84,2,7.54,3.93,3,0.387
64,2855.0,3,89.34,11.79,2.68,13.46,3.85,NaN,0,7.53,44.62,26,0.331
NaN,8353.1,7,84.14,12.98,0.00,27.04,6.31,NaN,3,3.80,30.11,7,0.302
114,485.3,1,69.76,21.57,1.96,28.09,5.57,3.23,NaN,4.64,13.48,45,0.518
39,NaN,1,78.16,20.04,4.18,16.04,1.86,2.75,0,5.63,8.46,19,0.296
66,NaN,10,73.88,30.72,5.07,21.78,7.41,NaN,1,NaN,45.00,56,0.483
45,9772.0,9,84.47,15.31,2.46,16.20,4.38,3.74,2,5.36,30.60,NaN,0.298
31,6906.6,9,79.64,21.34,3.27,12.02,4.77,3.69,0,2.22,NaN,23,0.264
58,NaN,9,73.29,29.82,3.53,24.91,NaN,4.70,2,2.51,29.19,40,0.421
44,5037.6,4,81.05,11.93,0.86,13.96,2.71,2.91,NaN,7.28,14.22,7,0.221
NaN,3023.4,3,76.37,29.57,NaN,9.44,4.26,1.82,2,4.20,45.00,25,0.348
53,4996.4,2,92.78,17.98,3.76,14.41,NaN,1.97,1,2.58,NaN,2,0.229
148,3878.6,3,NaN,39.02,6.32,19.20,5.87,5.31,4,10.00,10.40,67,0.605
75,3462.1,3,77.32,23.39,2.27,10.04,4.81,2.64,3,4.50,45.00,39,0.358
60,11079.1,8,79.79,18.94,2.06,NaN,NaN,NaN,0,6.77,45.00,1,0.408
114,588.4,1,90.95,15.57,NaN,22.67,6.60,2.81,1,0.07,NaN,9,0.346
59,3146.0,2,83.64,19.54,2.73,10.81,NaN,3.09,2,2.61,45.00,27,0.350
40,NaN,3,97.72,6.57,1.52,13.29,2.23,3.43,1,9.58,NaN,20,0.253
78,NaN,2,64.13,31.42,3.82,18.94,3.86,5.09,2,8.60,12.57,40,0.466
111,2362.1,2,98.00,2.77,1.33,24.31,NaN,2.97,3,NaN,NaN,6,0.294
123,3979.5,4,65.35,31.00,3.71,21.07,6.71,3.41,3,2.57,8.14,43,0.413
109,1554.6,3,66.34,33.08,5.25,NaN,6.38,3.06,4,5.38,19.20,28,0.455
NaN,2564.8,4,68.04,33.68,3.91,13.72,6.55,NaN,3,2.04,NaN,42,0.373
33,11162.9,9,92.42,29.21,4.25,19.29,5.22,1.89,0,5.09,9.67,2,0.243
52,3867.4,5,85.06,21.56,2.75,14.88,5.51,3.97,1,7.67,18.49,9,0.318
159,2243.3,4,44.68,38.21,6.01,28.83,6.49,5.18,5,8.44,20.66,61,0.701
62,1952.9,3,91.25,18.84,0.00,10.01,4.04,1.55,0,5.89,45.00,18,0.311
144,1355.4,2,64.28,31.98,3.82,25.16,6.43,NaN,4,6.46,11.15,81,0.536
131,2023.1,3,58.70,30.66,4.39,24.65,5.65,5.13,2,6.80,31.42,69,0.508
NaN,15825.8,11,70.97,30.67,NaN,28.36,6.84,3.89,0,3.48,16.21,7,0.271
57,3318.2,5,95.31,14.20,NaN,11.62,5.16,4.44,1,9.91,34.92,21,0.356
45,6878.4,3,78.97,12.85,3.17,15.27,2.38,1.83,0,1.83,NaN,9,0.204
59,NaN,4,81.21,18.62,4.49,12.28,4.68,3.00,1,7.00,45.00,11,0.336
76,NaN,7,64.95,29.90,3.56,26.04,5.83,4.05,1,1.80,45.00,53,0.346
32,3936.1,6,84.83,13.01,1.57,NaN,3.12,2.55,0,3.49,13.79,20,0.247
41,7766.5,5,91.96,14.18,2.35,NaN,2.99,3.61,1,7.28,20.07,32,0.235
45,NaN,9,83.54,28.01,1.86,19.95,5.43,5.31,2,7.67,8.38,4,0.407
34,7024.8,7,86.40,22.20,2.58,11.81,3.47,4.01,2,4.94,1.98,12,0.352
35,4543.0,6,96.06,12.33,0.65,19.85,4.04,2.78,1,5.10,1.55,4,0.213
51,2942.9,3,NaN,29.75,4.03,17.21,1.79,1.82,1,1.53,10.96,39,0.304
107,1064.7,2,66.66,31.69,3.07,18.62,5.04,4.43,4,7.29,45.00,73,0.519
37,14127.8,11,70.94,19.93,NaN,20.66,5.07,1.97,2,4.82,NaN,17,0.287
NaN,4107.6,5,86.51,12.98,3.48,11.74,5.65,5.25,2,7.91,44.02,NaN,0.384
59,2614.1,4,90.52,10.87,1.98,17.34,4.86,2.92,0,7.33,18.32,NaN,0.305
71,5385.3,5,87.14,18.35,2.28,13.59,NaN,4.68,NaN,5.98,14.94,32,0.333
44,546.3,1,89.03,17.21,1.81,18.29,2.07,3.26,1,8.19,23.86,8,0.342
36,8227.1,8,NaN,22.85,3.98,10.51,4.34,5.25,0,6.74,4.98,12,0.286
144,1720.2,2,63.11,40.64,7.06,18.05,6.23,6.12,4,8.63,19.61,67,0.659
33,7603.2,8,NaN,19.78,2.11,NaN,4.18,5.24,2,NaN,9.49,NaN,0.334
26,NaN,5,89.66,20.10,0.65,7.67,3.50,1.87,1,3.79,11.42,12,0.185
124,832.6,2,80.91,27.15,3.38,36.07,6.39,2.32,5,3.95,23.17,4,0.427
172,450.0,1,69.01,NaN,5.19,20.76,6.21,4.98,5,3.57,18.48,71,0.594
90,3502.1,5,71.19,22.86,2.54,20.02,7.04,1.43,2,3.52,15.47,11,0.301
33,963.3,2,85.46,12.00,1.96,7.40,1.26,1.06,0,1.50,9.72,19,0.188
NaN,839.8,NaN,85.26,13.67,1.70,13.33,3.76,1.68,0,4.80,40.82,27,0.251
45,19484.3,7,70.23,26.57,NaN,32.50,3.71,2.90,0,6.57,17.24,8,0.298
53,NaN,NaN,78.73,16.91,NaN,10.46,4.37,3.94,2,7.42,30.49,8,0.358
36,3736.5,4,96.03,15.48,1.29,13.09,3.20,3.13,2,5.03,0.00,4,0.228
70,2472.4,3,72.90,22.07,3.11,15.04,4.09,3.49,0,5.98,15.96,57,0.341
36,11092.5,NaN,81.01,15.31,1.45,31.43,4.49,3.15,1,1.38,5.85,22,0.256
103,2076.8,2,76.85,18.38,2.78,10.38,5.61,3.68,3,7.81,30.40,35,0.389
57,2527.7,NaN,80.18,22.75,2.89,14.80,3.37,4.35,1,1.28,45.00,30,0.316
37,2364.9,3,98.00,9.33,0.77,NaN,2.68,2.93,1,4.88,16.34,25,0.200
38,NaN,3,98.00,13.31,0.00,18.36,NaN,2.08,1,5.57,14.02,8,0.235
46,4825.7,4,81.17,22.66,NaN,15.10,2.42,2.66,1,0.49,9.18,11,0.204
128,1120.4,1,68.36,27.24,3.45,14.11,5.86,NaN,5,8.56,15.31,89,0.619
69,2665.4,2,67.30,38.33,5.57,15.07,4.29,2.64,2,6.54,28.42,36,0.471
167,1055.0,3,77.88,28.66,4.28,16.86,7.54,3.45,5,5.89,21.13,1,0.527
114,2893.7,5,66.51,32.22,4.39,NaN,6.38,4.26,2,10.00,45.00,38,0.567
63,690.0,1,83.69,23.05,1.30,NaN,4.56,2.22,3,4.24,33.35,50,0.375
NaN,NaN,3,89.05,18.41,3.47,12.08,2.96,3.15,1,NaN,9.29,6,0.291
34,22000.0,10,79.46,14.64,2.07,15.67,4.78,2.19,1,5.27,14.39,NaN,0.254
43,11637.4,9,70.63,26.04,3.79,25.48,4.93,3.76,0,6.71,0.00,17,0.311
43,4823.5,7,77.44,26.78,2.81,16.23,3.84,NaN,0,7.07,4.74,11,0.308
31,3852.3,3,66.86,26.18,5.43,11.52,2.18,3.47,1,7.78,7.81,13,0.332
118,1810.9,3,75.90,18.33,1.54,NaN,5.63,NaN,3,7.06,24.92,40,0.485
103,2323.4,2,70.17,31.05,3.27,24.15,5.50,3.58,1,3.84,16.18,23,0.390
57,1952.0,2,92.16,14.22,1.44,7.19,3.43,5.68,2,10.00,45.00,14,0.403
38,9493.9,4,83.64,22.59,3.60,9.42,2.78,NaN,NaN,7.76,7.38,8,0.255
NaN,2113.5,4,76.64,24.34,4.85,25.62,6.71,5.80,4,10.00,18.54,NaN,0.596
72,1768.4,3,87.55,20.39,3.37,14.71,5.01,0.79,1,0.00,45.00,4,0.304
76,4306.6,5,NaN,22.94,3.40,15.77,4.90,2.91,2,4.76,45.00,29,0.356
141,585.8,2,62.31,31.62,5.44,27.44,6.07,3.72,5,7.75,45.00,43,0.651
59,2476.1,3,88.60,14.12,1.81,9.09,3.84,3.14,0,5.31,45.00,15,0.323
35,12108.2,8,75.55,22.59,2.23,27.52,4.12,4.22,0,NaN,0.82,NaN,0.284
59,5005.8,8,69.97,24.05,4.12,17.49,5.79,5.06,1,6.28,45.00,21,0.427
99,NaN,3,71.79,34.67,4.38,14.19,5.63,4.05,3,4.93,45.00,51,0.519
49,4640.4,6,80.43,17.06,2.90,13.69,3.68,4.00,0,3.70,2.25,10,0.223
114,745.6,2,65.98,33.58,6.27,31.25,5.87,4.27,1,2.47,42.02,46,0.534
34,2034.3,1,90.00,15.08,1.10,NaN,1.28,0.89,1,2.63,2.43,31,0.168
146,4244.2,4,63.58,41.14,5.01,24.50,7.01,4.49,3,5.65,2.03,72,0.521
62,1125.4,2,83.63,11.04,2.64,10.60,3.95,2.78,1,5.22,37.85,10,0.365
50,6475.9,4,86.52,21.81,3.50,13.96,3.92,2.66,0,6.13,31.45,33,0.233
101,2836.8,3,95.85,13.84,1.69,22.63,6.44,3.91,2,8.06,NaN,7,0.370
41,7464.8,3,73.16,21.87,1.46,13.12,2.59,3.39,0,6.39,3.08,29,0.234
139,519.4,NaN,69.99,33.10,NaN,18.89,5.08,3.59,NaN,1.32,12.05,61,0.473
104,1636.9,3,87.52,12.56,2.97,9.99,NaN,4.30,2,8.20,24.53,8,0.370
154,4367.8,NaN,70.84,33.43,5.00,24.78,7.26,5.30,5,7.57,13.95,72,0.571
46,11076.0,6,84.54,22.74,1.64,35.29,NaN,4.03,0,6.64,0.56,7,0.255
46,6964.5,NaN,78.92,20.69,4.33,5.52,2.71,3.13,0,4.32,12.95,10,0.235
34,1299.1,1,81.70,18.57,NaN,8.47,1.80,1.27,NaN,3.75,14.81,12,0.277
92,2135.9,4,71.76,NaN,5.16,12.34,6.03,2.71,3,6.34,10.36,27,0.359
74,2412.9,2,68.96,27.58,3.44,4.46,3.85,4.92,1,6.46,45.00,63,0.422
109,2676.2,3,63.93,29.76,5.58,19.16,6.72,NaN,3,4.11,7.51,57,0.466
67,5653.4,6,81.61,18.04,2.91,34.01,6.27,3.78,3,5.47,45.00,5,0.390
43,7267.3,4,94.96,11.33,2.01,NaN,3.48,2.83,2,6.51,19.95,12,0.251
32,3454.7,3,91.92,16.98,2.19,14.28,2.58,3.28,0,3.81,NaN,17,0.194
71,1001.5,1,80.82,25.78,3.82,9.40,3.77,3.55,NaN,5.26,43.30,28,0.338
78,961.8,1,75.80,23.72,3.12,19.24,3.89,NaN,2,NaN,9.82,28,0.403
43,6867.8,4,72.36,21.00,3.64,24.34,2.61,3.33,0,2.66,0.57,24,0.200
63,15741.6,8,79.95,21.08,3.40,26.72,6.29,3.09,1,3.80,15.61,55,0.316
149,1319.4,2,74.36,30.82,4.84,24.69,6.05,3.90,4,4.09,23.51,69,0.464
65,4379.2,5,83.03,20.84,3.79,14.55,4.89,2.53,2,0.11,45.00,12,0.303
136,2676.0,4,80.29,20.71,3.42,16.91,6.17,4.97,5,5.55,22.59,NaN,0.462
143,450.0,1,65.49,32.10,4.63,12.94,6.55,4.32,3,3.92,31.04,9,0.499
137,995.9,2,83.53,27.17,2.10,15.01,6.66,5.60,NaN,NaN,18.26,6,0.474
60,1700.6,3,88.36,15.63,3.28,19.71,3.84,NaN,2,7.55,6.27,12,0.303
54,5170.8,6,78.65,NaN,4.48,11.43,5.35,3.10,0,3.77,35.11,12,0.302
106,1415.1,3,64.00,34.87,4.42,22.09,6.27,NaN,3,5.34,25.88,54,0.574
65,4936.9,NaN,NaN,26.18,3.48,27.65,5.98,3.30,1,6.60,45.00,11,0.356
38,15575.0,9,85.03,29.45,2.60,26.10,4.79,3.44,0,7.22,8.39,8,0.282
40,6609.5,7,73.60,22.26,3.44,11.31,4.03,0.55,0,2.13,10.41,32,0.249
62,11238.1,10,68.91,29.37,5.53,23.63,8.23,4.53,3,6.61,16.00,1,0.495
140,6206.7,5,52.95,43.47,6.88,24.97,7.25,5.06,4,1.25,24.34,89,0.603
48,13446.0,9,76.43,22.29,3.28,22.33,4.34,3.55,2,1.50,0.00,13,0.252
106,2390.5,5,89.23,20.13,3.88,NaN,5.19,1.94,2,0.92,10.93,12,0.216
NaN,2314.8,4,78.37,26.41,4.26,24.65,6.40,4.53,4,4.91,24.98,19,0.423
41,11620.0,8,89.52,14.21,0.81,11.25,4.81,3.21,3,NaN,13.71,7,0.238
65,7359.2,8,60.13,NaN,NaN,25.72,6.32,3.79,NaN,3.27,28.93,NaN,0.409
33,4037.7,5,86.63,10.89,0.61,10.09,3.53,NaN,0,4.07,5.63,9,0.174
72,4502.1,5,86.02,NaN,2.01,28.74,5.42,4.30,3,6.69,22.10,59,0.389
79,4810.9,4,72.49,27.81,3.83,17.87,4.50,NaN,1,8.00,7.09,55,0.384
134,2874.1,5,56.67,41.62,4.75,26.78,6.96,3.86,NaN,6.02,NaN,114,0.633
154,2480.6,3,68.47,NaN,3.96,11.59,5.42,4.84,4,0.75,7.94,NaN,0.409
168,1799.0,5,67.64,30.99,4.84,33.49,7.49,4.57,5,2.37,45.00,4,0.493
111,2750.2,5,73.85,NaN,2.21,12.26,NaN,NaN,2,NaN,7.35,60,0.354
41,18740.8,11,81.79,14.06,2.77,11.36,5.58,3.40,0,4.22,7.98,20,0.277
118,981.0,2,59.39,40.92,4.83,18.01,5.39,4.27,4,NaN,33.07,52,0.510
82,6650.4,NaN,70.30,33.32,4.97,22.71,6.66,5.12,NaN,6.97,45.00,NaN,0.442
31,8422.9,7,76.76,22.99,5.04,15.67,4.07,5.58,0,8.12,22.70,6,0.370
37,10856.7,10,98.00,12.24,2.00,17.12,5.83,5.68,0,10.00,7.54,1,0.301
75,13839.0,NaN,81.91,24.17,2.58,21.24,6.69,4.82,0,5.45,NaN,50,0.382
NaN,3889.5,5,74.65,17.13,NaN,17.70,5.19,2.52,1,7.15,NaN,28,0.352
44,5170.8,6,79.57,17.57,3.11,13.35,NaN,2.74,1,3.63,8.65,9,0.203
62,3589.5,2,77.85,26.06,4.21,14.79,3.00,2.12,1,7.70,34.43,30,0.396
52,22000.0,12,74.35,23.00,5.15,33.01,7.01,3.52,0,NaN,14.99,4,0.333
47,NaN,NaN,88.96,7.32,0.00,19.74,2.09,NaN,NaN,0.41,0.00,26,0.170
35,3869.6,7,NaN,11.10,0.75,18.23,4.26,1.69,0,3.24,30.25,6,0.184
138,2018.8,5,72.12,33.61,3.90,12.26,7.50,2.54,4,5.66,NaN,11,0.529
61,NaN,4,89.44,18.38,NaN,16.56,5.52,3.31,3,NaN,45.00,2,0.375
126,980.2,2,60.64,38.79,6.37,14.20,5.78,3.16,3,4.58,9.47,40,0.457
68,1828.2,2,80.83,23.91,3.79,15.41,3.32,3.66,2,4.84,42.33,NaN,0.363
45,17279.2,9,80.15,20.19,1.42,20.65,4.75,2.02,0,2.66,3.28,11,0.238
49,3351.0,4,89.18,6.69,1.55,13.58,4.74,1.17,1,0.00,45.00,5,0.195
58,886.3,2,86.29,15.78,2.82,15.58,3.73,3.88,3,NaN,2.01,11,0.347
134,1142.2,4,69.26,37.30,4.52,21.98,6.83,3.11,4,3.47,10.51,50,0.446
39,4137.6,3,83.28,NaN,4.79,13.99,2.61,2.48,0,5.27,11.41,12,0.211
119,4067.4,5,64.95,32.28,3.17,27.44,6.70,5.38,4,5.78,39.94,69,0.554
92,1211.8,2,61.35,35.15,4.03,27.26,5.29,3.39,4,5.89,25.88,62,0.519
111,831.4,2,65.92,32.79,5.28,18.96,5.46,3.40,3,2.16,25.15,NaN,0.448
148,547.1,1,71.03,25.61,3.36,26.41,5.87,3.93,5,1.30,NaN,70,0.435
50,3249.2,4,75.47,17.48,2.95,5.37,4.16,3.73,0,5.64,45.00,26,0.344
62,3936.7,4,71.99,22.92,2.12,16.12,4.00,5.59,0,7.52,45.00,16,0.345
159,2404.4,5,54.83,NaN,5.07,30.41,6.93,9.11,NaN,6.54,NaN,139,0.800
92,3873.3,3,67.66,34.60,3.03,12.99,5.99,4.76,1,6.76,29.34,NaN,0.441
137,2149.8,3,54.90,37.17,6.18,19.57,NaN,5.20,3,8.49,26.99,64,0.624
59,2068.4,3,NaN,29.74,NaN,NaN,4.40,3.06,2,3.47,45.00,25,0.394
148,2884.7,2,56.58,45.29,4.32,26.06,6.14,5.24,2,NaN,17.07,132,0.572
70,4652.3,NaN,85.45,17.69,1.32,23.28,6.64,1.67,0,2.53,39.38,7,0.264
150,2482.5,2,63.50,33.25,5.20,24.75,5.34,4.90,NaN,NaN,17.19,NaN,0.500
104,5044.9,7,75.93,24.50,2.18,23.37,7.73,5.63,3,4.99,NaN,45,0.440
65,2841.8,NaN,69.68,25.26,3.52,15.64,4.08,NaN,1,4.08,7.59,29,0.253
71,1301.1,1,80.79,23.21,2.44,14.66,3.78,NaN,3,6.68,39.77,32,0.420
106,1465.9,2,89.35,13.18,0.05,13.17,6.98,3.89,4,8.80,30.64,1,0.433
105,740.8,NaN,80.98,18.85,2.56,18.20,6.27,3.75,3,5.37,NaN,6,0.420
28,8679.5,8,83.63,15.91,1.13,23.55,4.23,6.25,0,7.25,19.86,13,0.352
161,1976.3,3,64.62,39.98,4.30,25.99,6.47,5.44,5,7.71,27.96,122,0.692
69,2692.0,3,62.64,NaN,2.90,22.39,4.47,4.09,0,7.67,45.00,52,0.409
68,3285.6,5,76.75,21.84,2.17,22.98,4.80,NaN,2,5.17,NaN,33,0.381
136,2940.8,4,74.97,22.10,3.15,40.08,6.41,4.66,2,NaN,44.46,12,0.489
65,NaN,8,NaN,20.28,2.47,NaN,6.21,3.41,2,2.23,11.03,43,0.275
38,13225.0,11,89.19,21.13,4.32,20.96,5.10,3.29,1,3.65,18.70,20,0.276
37,2051.9,7,79.90,17.91,4.06,NaN,3.66,6.83,0,8.13,4.12,19,0.407
128,3431.4,5,60.33,36.23,5.98,28.25,6.97,NaN,3,2.63,23.17,65,0.525
104,1213.7,5,81.92,22.26,3.35,19.73,6.80,3.48,3,5.11,18.30,NaN,0.366
150,999.1,3,43.28,48.00,6.50,NaN,6.30,NaN,1,8.02,23.18,127,0.699
72,5400.7,6,84.70,NaN,1.49,12.23,6.11,NaN,2,7.53,35.48,40,0.427
61,NaN,1,67.26,25.58,3.33,24.67,4.24,3.36,1,7.15,NaN,18,0.423
124,2477.1,5,63.45,31.34,4.34,47.31,6.95,5.57,3,8.65,45.00,94,0.651
100,5736.8,7,68.75,34.79,5.48,15.80,7.51,4.14,3,4.86,33.85,37,0.539
51,2086.1,2,76.95,18.15,2.19,17.36,2.41,NaN,1,5.20,1.69,32,0.269
152,NaN,5,75.68,32.01,3.15,22.79,6.82,2.96,3,4.15,5.43,37,0.345
77,12984.5,8,62.95,27.27,4.43,25.62,6.12,4.08,1,3.37,45.00,17,0.382
35,4296.4,3,84.54,19.54,3.01,14.34,2.16,2.41,0,4.99,NaN,22,0.266
102,3977.8,3,86.14,23.32,2.96,15.81,6.04,4.62,3,3.86,24.40,73,0.396
104,7119.1,6,80.35,21.52,2.33,22.07,7.27,2.56,3,1.05,NaN,49,0.333
96,NaN,7,70.35,24.71,NaN,22.67,8.01,4.07,4,6.47,19.40,56,0.476
31,3738.8,2,69.12,20.94,NaN,13.46,1.52,NaN,0,2.31,10.44,17,0.205
94,1215.3,3,77.49,28.59,5.34,21.26,5.91,3.67,3,7.73,31.73,7,0.510
170,3173.7,4,52.01,48.00,5.55,31.75,6.79,6.88,5,6.82,19.00,81,0.700
94,1414.8,2,74.53,22.58,3.08,17.79,5.59,4.35,1,7.98,13.48,58,0.351
99,741.3,3,82.05,22.68,2.96,12.88,5.54,5.31,3,4.57,21.28,18,0.417
73,805.2,1,65.54,26.78,2.65,24.82,3.11,3.34,1,NaN,NaN,NaN,0.370
124,2516.9,2,70.19,29.55,3.55,23.76,5.84,4.98,3,5.72,9.66,102,0.510
71,3935.0,5,61.65,NaN,4.95,22.33,4.99,4.82,0,NaN,35.78,52,0.477
67,NaN,5,70.11,31.02,2.16,24.95,4.64,3.09,1,3.65,33.12,52,0.368
47,4845.6,6,87.37,23.47,3.01,18.98,3.68,1.77,2,NaN,1.35,10,0.286
128,2767.9,5,50.14,40.08,4.68,23.66,6.81,NaN,2,7.61,41.03,58,0.604
38,8547.9,4,NaN,13.37,2.90,8.90,3.03,4.73,0,4.85,14.26,21,0.244
69,3969.6,3,68.05,31.33,5.03,22.47,4.82,1.91,0,10.00,45.00,8,0.411
116,682.7,1,67.08,32.60,5.24,32.55,6.79,4.48,5,6.24,27.05,1,0.595
36,2510.7,3,76.40,21.05,3.26,20.82,NaN,1.25,0,5.40,10.14,31,0.239
38,2606.4,4,83.98,19.41,NaN,NaN,2.26,2.22,0,2.90,12.53,12,0.269
102,1249.5,2,65.08,34.73,3.25,37.22,5.33,3.17,2,3.44,21.25,26,0.364
44,1805.0,1,74.15,28.74,3.55,19.92,2.98,2.72,0,3.45,12.95,3,0.303
NaN,2257.1,2,83.89,15.64,1.77,12.67,4.01,2.10,NaN,1.14,25.42,26,0.251
56,3699.8,5,92.23,8.73,1.04,22.04,4.56,5.18,3,6.90,26.31,31,0.371
34,10299.3,6,81.96,23.98,2.10,18.61,2.76,4.41,2,5.70,10.60,15,0.250
NaN,8381.0,8,81.92,25.77,2.23,16.31,5.93,3.65,1,4.15,45.00,19,0.295
35,12377.0,8,86.34,15.21,0.62,10.47,4.45,4.13,1,3.13,NaN,19,0.243
132,2527.3,4,62.60,41.08,4.97,23.41,5.87,3.88,3,3.25,20.61,68,0.532
46,3918.7,2,90.42,18.40,1.92,12.66,2.06,2.17,0,4.59,NaN,43,0.221
53,4785.5,5,74.82,21.80,2.97,NaN,5.06,1.85,2,4.49,38.84,15,0.348
138,1184.5,1,66.60,27.81,6.89,17.41,5.71,5.31,5,3.84,42.12,23,0.528
60,4179.0,4,84.19,16.71,2.66,13.30,5.13,NaN,2,NaN,33.43,4,0.263
104,829.4,3,78.68,19.87,1.46,NaN,6.33,1.89,2,7.88,11.03,19,0.426
132,1779.0,3,72.21,22.35,4.11,18.08,6.47,3.89,NaN,2.51,NaN,8,0.388
153,1393.8,NaN,65.17,29.51,4.61,30.64,5.47,4.19,5,5.08,12.86,35,0.538
108,NaN,4,80.13,22.94,2.75,NaN,6.14,4.43,3,7.45,NaN,54,0.436
124,3397.0,5,65.22,32.10,5.53,18.55,6.27,5.08,3,8.50,29.38,44,0.520
108,3587.6,5,74.19,26.64,3.81,20.05,7.94,3.63,1,5.48,3.65,4,0.382
NaN,5703.5,6,95.21,10.47,0.94,13.79,4.33,5.53,0,4.07,9.35,NaN,0.284
40,9058.1,5,98.00,11.63,2.57,14.31,4.24,5.20,1,7.97,3.43,2,0.267
40,1810.6,NaN,82.70,23.61,NaN,20.47,1.65,2.91,0,4.16,NaN,11,0.225
127,2443.7,4,89.17,20.54,4.37,21.72,6.92,3.32,NaN,0.12,13.32,2,0.383
32,5241.7,5,98.00,14.20,1.32,13.58,3.35,NaN,0,6.01,9.32,3,0.221
69,2086.4,3,74.92,27.26,3.28,18.16,4.00,3.99,2,NaN,NaN,34,0.443
131,NaN,3,80.39,33.42,NaN,NaN,6.23,5.53,4,6.90,45.00,11,0.523
131,6034.7,6,57.16,42.08,6.40,23.11,7.97,5.48,3,3.94,7.84,96,0.564
53,7963.3,5,80.79,22.18,2.94,9.40,5.42,3.43,0,5.13,45.00,27,0.297
116,2099.1,3,65.37,24.87,4.82,NaN,5.84,5.89,2,9.49,13.76,NaN,0.555
63,4333.0,5,72.29,26.33,2.94,NaN,NaN,NaN,2,NaN,15.62,31,0.325
30,4565.0,4,87.39,12.45,0.70,12.53,2.66,2.33,NaN,3.94,6.62,6,0.229
105,2829.9,3,65.28,33.64,3.29,23.29,6.34,3.16,2,6.06,31.29,50,0.437
116,1387.2,2,63.33,31.37,3.83,30.70,NaN,3.69,1,6.42,23.64,93,0.430
43,6831.2,4,96.18,8.56,0.37,5.30,2.69,0.20,2,4.69,NaN,9,0.150
58,3142.7,6,62.88,29.93,3.44,19.14,5.24,3.59,NaN,3.07,2.74,35,0.427
144,450.0,1,54.72,NaN,6.92,15.37,5.54,6.11,5,7.76,45.00,66,0.770
39,5619.7,NaN,74.30,31.27,3.17,16.20,NaN,5.76,1,9.34,17.61,30,0.454
NaN,2642.1,3,NaN,NaN,NaN,17.69,2.97,1.37,1,NaN,9.45,31,0.221
64,9425.9,6,98.00,17.34,NaN,12.78,6.87,4.83,1,9.23,35.91,4,0.339
64,4622.2,5,NaN,20.54,3.97,20.95,4.85,3.51,1,5.26,26.75,28,0.325
127,2211.1,4,57.11,45.29,4.73,NaN,5.94,5.97,3,6.39,5.98,114,0.669
156,2497.2,4,64.79,33.21,6.39,17.63,6.73,3.89,5,NaN,22.55,73,0.535
64,NaN,9,81.30,20.60,2.58,NaN,7.55,2.89,2,2.16,36.85,3,0.268
121,1614.7,3,60.68,40.20,5.07,NaN,NaN,3.55,3,NaN,45.00,63,0.626
67,3861.1,6,77.72,26.11,2.12,23.17,5.70,2.80,2,4.13,34.46,34,0.327
43,9326.3,7,95.86,24.47,4.23,22.26,3.44,4.46,0,NaN,12.60,19,0.296
94,780.3,2,73.42,NaN,5.56,20.38,5.87,4.67,4,7.55,16.12,56,0.574
65,4411.6,3,74.71,25.43,3.51,22.47,4.19,1.47,1,4.99,45.00,35,0.372
118,1202.5,3,77.82,20.12,4.44,10.10,6.15,4.90,4,9.43,3.58,47,0.548
48,4162.9,3,95.31,8.91,2.61,8.26,2.01,3.45,2,6.95,43.06,24,0.300
119,2974.7,3,90.59,NaN,2.77,13.90,7.39,4.75,3,3.75,15.23,2,0.368
64,2796.3,4,88.48,15.35,1.93,NaN,3.88,2.14,1,3.50,44.33,38,0.323
79,2804.5,NaN,NaN,17.63,2.79,17.98,5.48,3.82,2,4.05,45.00,14,0.308
64,3242.0,2,74.39,NaN,2.77,17.59,3.59,1.49,1,1.20,44.81,35,0.324
57,5398.5,7,NaN,27.12,5.64,NaN,5.94,2.93,0,3.62,19.87,29,0.316
33,6506.3,4,94.89,12.12,1.84,14.44,3.38,2.10,0,6.37,14.93,9,0.213
54,2713.7,6,88.63,NaN,1.91,10.11,5.03,1.90,2,3.26,33.94,13,0.267
25,1616.5,2,97.05,12.70,0.00,NaN,1.41,NaN,0,5.93,14.33,12,0.179
37,7405.4,5,80.05,21.71,3.62,28.14,2.84,4.57,0,7.03,NaN,27,0.303
71,1631.4,1,68.91,29.59,2.55,20.17,3.69,3.10,1,8.11,NaN,40,0.436
70,5161.3,NaN,82.16,14.05,NaN,17.69,NaN,2.44,2,3.43,43.19,29,0.293
89,3015.8,3,68.74,26.66,4.61,17.98,6.17,4.43,3,8.75,24.22,10,0.476
39,18985.4,11,78.93,22.53,2.02,23.88,5.44,4.48,1,6.72,5.06,16,0.370
56,1897.2,3,85.28,21.84,2.44,21.36,4.35,3.33,1,7.26,43.02,14,0.432
78,4305.2,5,68.84,32.73,3.56,14.48,4.78,4.31,2,5.94,37.96,50,0.469
101,796.9,NaN,83.83,21.50,0.89,28.42,5.07,NaN,2,7.90,9.32,29,0.410
40,6258.0,6,68.25,28.84,4.38,16.90,3.31,2.50,0,5.50,6.93,29,0.242
61,4196.3,4,77.64,20.39,3.41,NaN,4.61,4.50,2,6.67,16.16,14,0.371
68,2720.0,3,82.42,14.41,0.80,11.21,4.44,2.41,2,3.13,45.00,10,0.308
115,1021.1,2,59.43,34.04,5.08,NaN,5.21,5.05,2,6.17,20.79,90,0.553
43,NaN,2,82.37,13.97,3.50,10.43,2.03,3.06,0,2.40,2.24,11,0.160
105,NaN,2,72.07,34.91,3.92,22.09,5.25,5.17,3,7.30,34.33,59,0.559
153,5427.8,7,57.43,43.75,3.73,25.08,7.91,5.41,5,7.33,10.87,125,0.718
38,5166.5,4,91.94,9.19,0.68,9.56,2.39,2.32,0,3.50,1.88,17,0.128
43,925.1,1,88.38,14.13,1.01,15.85,NaN,3.30,1,3.97,NaN,17,0.268
146,4634.9,6,61.62,32.33,5.90,34.05,8.03,6.07,NaN,6.68,19.85,64,0.521
84,859.2,1,91.99,16.21,1.23,13.74,3.42,NaN,1,4.77,38.06,58,0.339
NaN,4565.0,4,81.87,16.49,1.22,10.55,NaN,2.32,0,10.00,3.91,21,0.232
35,3630.6,7,81.33,19.44,3.23,15.75,3.62,1.62,0,NaN,14.99,22,0.208
59,10800.7,8,71.92,15.84,1.98,28.60,5.94,3.33,0,1.58,41.54,49,0.295
59,6938.4,6,83.58,30.66,4.79,16.74,5.42,1.44,1,3.27,45.00,NaN,0.316
40,5038.4,5,86.44,NaN,0.67,14.00,3.95,3.58,0,4.32,20.76,10,0.262
53,22000.0,12,67.88,20.87,2.46,27.56,6.23,5.71,0,10.00,0.00,NaN,0.442
53,1994.8,1,79.01,18.28,NaN,8.24,2.02,1.22,1,6.59,6.95,37,0.251
65,6001.6,10,79.40,23.77,NaN,NaN,7.01,3.54,2,4.19,42.99,20,0.423
128,4086.8,5,58.39,32.92,4.67,15.81,7.08,5.09,4,7.23,16.49,44,0.510
46,13416.3,10,93.80,10.46,1.26,21.72,5.34,4.39,0,NaN,22.74,9,0.287
49,8786.5,3,89.16,NaN,1.95,7.68,2.98,4.89,1,8.52,0.00,6,0.268
33,1843.5,2,93.38,12.50,0.00,17.00,1.87,2.81,NaN,NaN,NaN,10,0.197
121,2311.4,4,58.74,31.18,5.48,26.27,6.54,2.46,2,2.89,45.00,54,0.468
144,2011.1,3,75.47,19.92,1.26,18.92,NaN,3.50,4,6.13,28.82,NaN,0.439
35,4821.5,5,73.88,25.38,2.42,18.87,3.41,2.85,NaN,5.55,11.34,24,0.284
116,5706.5,6,82.73,21.38,1.87,16.77,7.29,5.63,5,6.72,14.20,76,0.524
52,9699.8,6,91.62,14.56,NaN,10.65,3.89,NaN,NaN,2.55,3.54,4,0.199
81,2242.4,3,75.63,23.66,3.47,28.52,4.63,4.62,0,NaN,27.33,14,0.366
48,NaN,4,77.82,20.29,2.34,20.88,2.90,5.13,3,6.24,8.11,30,0.386
44,4491.7,2,95.04,10.86,0.39,5.73,1.98,2.14,0,NaN,12.08,8,0.217
59,3043.4,2,NaN,12.62,3.15,11.13,3.76,4.28,2,7.67,25.66,12,0.329
110,1275.8,2,64.48,32.19,4.11,21.61,5.22,5.45,4,9.10,18.63,46,0.549
65,NaN,7,72.75,24.77,2.53,26.58,5.91,3.07,0,NaN,15.68,NaN,0.320
66,3458.4,6,80.62,23.25,3.58,16.85,4.96,1.24,2,3.34,37.05,12,0.262
65,6607.6,5,71.23,29.36,3.38,28.45,5.65,3.47,1,5.39,34.09,6,0.382
68,NaN,3,96.84,NaN,NaN,10.45,3.88,1.67,2,5.26,NaN,NaN,0.292
37,8633.2,6,81.64,18.06,NaN,15.30,3.64,2.86,0,7.26,8.57,21,0.252
70,12367.0,7,83.78,18.40,1.65,11.29,6.48,3.41,3,5.55,32.60,36,0.310
110,NaN,6,73.77,28.22,3.30,20.85,6.70,5.46,NaN,9.09,NaN,NaN,0.476
61,5409.4,5,84.88,21.97,2.24,16.34,4.99,5.43,1,8.22,19.13,25,0.403
55,4674.8,7,88.32,20.02,2.20,7.71,5.70,4.38,2,NaN,45.00,41,0.420
103,1359.9,3,83.44,19.03,3.43,NaN,7.00,1.86,3,0.76,NaN,3,0.331
146,2175.6,3,65.93,38.55,6.57,17.84,6.22,3.80,5,8.42,20.81,82,0.723
63,NaN,7,69.99,24.68,2.91,12.16,5.79,4.36,0,6.01,45.00,11,0.379
105,NaN,3,64.34,32.22,3.21,20.16,6.02,4.32,NaN,6.01,27.40,71,0.403
43,4662.7,4,67.21,30.35,4.28,22.17,2.55,1.70,0,2.18,4.23,25,0.221
123,1802.7,2,84.20,29.07,2.88,23.61,6.70,4.34,3,3.38,25.63,7,0.416
88,2863.4,3,85.63,19.90,1.58,19.65,5.39,2.22,3,4.17,18.11,48,0.334
NaN,10013.0,5,79.42,13.48,3.12,15.97,4.01,1.55,1,2.91,8.02,1,0.180
33,14267.8,6,90.93,10.38,NaN,17.17,3.59,3.63,0,NaN,11.25,22,0.222
129,1680.2,3,58.64,34.35,4.05,27.44,6.27,4.17,5,5.38,11.90,NaN,0.531
107,1235.7,2,63.47,35.90,3.79,14.58,5.36,4.50,4,NaN,25.20,51,0.526
93,2060.7,5,85.86,22.00,4.58,22.24,7.83,3.99,3,4.48,23.71,6,0.453
51,2005.1,3,83.34,19.00,3.13,23.23,3.39,3.83,0,4.72,7.19,22,0.333
66,12857.2,NaN,89.70,13.17,2.71,15.63,5.93,3.94,3,2.46,45.00,31,0.362
88,1464.8,2,66.11,29.79,NaN,8.16,NaN,2.86,2,NaN,15.90,69,0.361
146,2163.8,4,52.51,37.98,7.50,22.48,6.37,4.93,4,4.52,23.60,101,0.610
56,3462.5,5,98.00,6.43,0.04,13.78,4.58,3.18,1,3.01,18.35,12,0.206
40,9371.2,8,NaN,17.22,1.30,NaN,4.11,3.30,0,4.73,17.37,NaN,0.247
63,NaN,2,72.99,22.20,4.83,11.40,3.50,NaN,0,8.37,44.46,NaN,0.382
63,5937.2,8,93.15,15.98,2.17,24.97,6.59,5.23,2,8.33,45.00,22,0.423
94,2504.8,3,83.55,20.35,2.31,22.74,7.03,4.32,2,8.71,12.77,4,0.454
141,3776.9,4,80.33,23.24,3.10,16.02,6.63,5.39,5,6.25,NaN,35,0.506
151,3030.6,NaN,65.28,31.46,5.34,33.12,6.76,4.95,3,10.00,9.25,46,0.559
27,999.1,1,94.08,16.64,0.49,20.96,1.48,3.15,NaN,3.34,36.82,8,0.271
33,8476.8,5,89.56,15.59,2.67,NaN,2.91,2.10,1,6.15,0.59,NaN,0.227
48,2565.7,3,NaN,31.30,NaN,16.39,3.27,2.59,NaN,3.09,6.17,6,0.312
39,4241.9,4,NaN,10.37,NaN,9.64,3.04,2.21,0,4.79,0.92,10,0.220
NaN,10807.4,6,85.65,21.39,3.40,22.32,4.01,4.20,1,5.43,13.91,11,0.237
33,7585.3,5,80.34,20.00,3.98,10.80,2.61,3.89,0,5.41,10.59,18,0.254
130,NaN,1,60.11,28.00,2.29,21.47,6.14,4.17,3,5.06,19.63,61,0.502
135,1099.6,1,71.82,34.73,5.36,16.85,6.06,4.44,2,1.42,35.10,NaN,0.426
126,625.8,2,66.99,34.36,4.67,19.14,5.92,3.93,1,5.74,23.64,40,0.499
79,1883.2,2,79.14,17.19,NaN,14.54,4.39,4.45,NaN,6.71,45.00,31,0.440
119,5488.7,4,69.47,25.73,2.78,21.31,6.18,4.66,1,8.52,33.46,84,0.439
35,2693.5,NaN,95.41,13.67,0.93,14.70,1.05,3.09,0,6.46,1.51,10,0.255
64,8814.1,8,64.80,22.35,2.64,19.38,7.00,3.44,1,5.99,NaN,46,0.366
62,2282.1,2,77.23,18.50,3.10,23.84,3.87,3.33,0,7.33,36.09,12,0.359
105,1052.2,1,82.77,20.26,1.57,14.10,NaN,2.78,3,2.08,42.66,NaN,0.339
91,5130.6,5,98.00,10.82,3.95,9.31,6.56,5.82,3,10.00,43.69,14,0.434
111,1643.4,2,75.37,24.75,2.53,26.15,4.98,4.13,4,8.51,24.17,34,0.494
42,3452.3,4,93.98,14.08,0.08,14.02,2.64,5.79,1,4.52,6.64,15,0.241
49,10162.0,NaN,74.12,27.60,4.76,19.19,6.76,1.80,2,NaN,13.28,9,0.234
37,10406.8,11,84.03,17.83,3.90,14.86,5.79,3.90,0,3.74,0.00,9,0.289
129,5462.5,4,NaN,34.09,2.83,14.97,6.48,6.20,4,10.00,44.03,49,0.611
67,672.0,1,75.54,20.97,1.98,15.14,2.61,3.92,2,7.11,45.00,18,0.409
71,3635.8,5,70.50,30.63,3.65,NaN,NaN,NaN,2,7.62,25.46,6,0.412
45,20285.0,12,70.71,NaN,5.91,27.35,6.10,4.32,0,3.88,8.43,18,0.336
NaN,11224.8,11,79.24,29.21,5.27,30.11,6.20,4.15,0,8.11,16.88,7,0.349
97,1056.5,2,83.26,18.10,2.51,19.18,5.44,4.74,2,2.75,7.74,28,0.294
38,6902.6,4,80.10,24.43,1.50,19.57,NaN,2.50,1,6.15,6.16,26,0.282
NaN,738.6,2,71.14,35.40,3.45,20.45,5.76,3.38,3,2.80,17.75,55,0.488
34,1513.2,2,88.80,17.34,2.94,NaN,1.74,2.07,0,6.72,6.82,11,0.261
91,NaN,4,69.03,28.00,5.32,11.27,6.38,2.40,2,NaN,21.16,14,0.377
105,980.7,2,65.08,34.54,5.25,14.33,5.53,3.49,2,8.49,45.00,94,0.588
NaN,3871.3,4,92.37,9.88,1.14,8.42,3.10,2.96,NaN,2.80,2.48,22,0.207
115,450.0,1,77.44,26.79,3.76,19.99,5.32,2.71,3,3.67,9.14,NaN,0.385
57,3692.4,4,87.83,15.53,1.03,10.83,4.59,1.95,0,3.86,43.46,10,0.258
73,1784.1,2,91.34,7.25,1.92,NaN,5.56,2.77,2,8.98,20.52,2,0.341
155,999.5,3,59.58,40.96,4.20,20.62,6.16,5.72,4,4.45,NaN,127,0.602
33,3252.8,2,94.66,14.41,0.00,6.63,2.29,2.74,0,NaN,8.53,8,0.248
49,NaN,11,81.80,31.25,4.28,24.15,6.60,4.47,2,6.73,NaN,1,0.440
27,1363.3,2,80.96,20.51,2.75,14.43,2.29,1.44,0,5.36,11.93,6,0.190
155,1797.4,3,59.60,34.13,3.91,23.18,NaN,NaN,4,3.06,32.39,121,0.559
79,3168.2,2,NaN,NaN,4.81,8.64,4.10,2.24,NaN,2.76,23.27,66,0.340
86,640.9,1,76.09,22.87,3.39,12.36,4.82,2.85,3,2.13,11.99,57,0.406
138,1117.7,2,51.44,41.87,5.18,20.89,5.73,4.77,4,5.56,10.12,85,0.561
164,633.5,1,58.84,34.50,5.26,18.17,5.52,3.53,3,5.09,31.56,127,0.484
48,1904.1,2,87.13,20.22,3.27,9.75,2.09,3.67,1,0.89,14.76,NaN,0.264
51,9829.9,5,70.22,23.92,4.31,NaN,3.91,4.26,0,NaN,9.92,10,0.336
39,15393.8,6,82.04,17.57,1.71,15.10,4.16,3.84,2,NaN,3.86,13,0.222
NaN,1777.2,1,92.43,14.09,1.46,16.40,3.97,2.60,1,3.60,45.00,10,0.279
74,3259.1,4,84.53,25.98,2.43,14.94,4.52,5.41,0,4.46,45.00,36,0.402
67,4522.9,5,NaN,16.71,3.27,9.01,5.94,4.51,2,5.56,45.00,NaN,0.328
67,1772.1,3,77.19,25.08,2.97,NaN,NaN,4.44,3,9.97,45.00,6,0.488
63,NaN,3,98.00,5.62,0.48,7.20,5.09,1.57,3,2.26,43.99,11,0.269
124,518.7,1,74.88,16.75,3.33,17.17,6.78,3.49,5,5.75,10.33,4,0.429
101,1331.4,2,70.77,18.78,4.72,15.52,5.69,2.43,2,8.72,21.42,12,0.403
43,4148.3,5,87.67,19.60,1.69,12.55,4.09,3.02,1,7.11,2.91,4,0.223
53,18030.4,10,72.01,20.44,3.45,14.66,6.98,4.31,0,3.13,40.77,17,0.329
43,8730.5,12,83.62,21.91,3.03,17.60,6.64,4.69,1,4.75,25.14,1,0.339
146,1953.3,7,72.75,20.43,2.48,24.15,7.30,5.20,NaN,3.56,16.45,14,0.427
64,5914.3,NaN,67.58,32.21,3.61,28.34,4.56,3.56,1,8.88,22.51,NaN,0.421
120,1081.0,1,69.46,33.46,5.26,NaN,5.57,5.43,2,7.99,12.06,79,0.572
109,1735.4,3,80.19,21.64,2.29,14.61,6.58,4.39,4,3.59,NaN,8,0.477
164,1527.5,2,68.92,29.40,5.11,NaN,7.12,2.68,5,6.96,23.94,1,0.536
135,450.0,1,58.79,32.52,6.49,14.95,5.87,5.70,4,7.00,38.89,NaN,0.657
36,1820.7,2,80.83,15.26,1.45,16.57,1.90,NaN,0,7.30,5.41,30,0.290
102,1869.7,3,NaN,20.41,4.78,14.64,6.20,3.36,2,6.04,30.05,3,0.365
58,2369.8,3,80.00,20.44,4.42,14.83,4.52,0.00,0,NaN,45.00,15,0.290
64,2501.8,2,72.48,26.02,4.96,NaN,4.62,2.14,2,6.32,14.73,1,0.336
78,4831.8,6,NaN,18.12,3.10,21.50,5.72,2.21,3,5.66,27.75,31,0.366
70,3893.7,3,94.23,15.89,1.33,12.55,5.39,1.68,2,2.48,32.39,3,0.222
104,4528.5,5,81.29,26.24,2.05,21.66,7.02,2.93,2,3.73,14.74,79,0.352
NaN,2436.6,3,89.57,11.11,2.41,15.60,2.23,4.05,0,6.45,5.15,22,0.262
36,NaN,5,88.95,15.41,1.01,11.33,NaN,3.57,0,4.63,NaN,9,0.230
46,3954.7,3,94.67,4.90,0.00,9.21,2.97,4.04,2,9.33,11.83,8,0.233
59,6086.7,4,87.67,18.51,3.12,9.96,3.93,4.40,1,4.10,18.08,53,0.282
127,1688.5,2,75.84,17.99,3.72,12.36,5.30,3.12,3,2.98,NaN,68,0.346
49,4080.1,NaN,73.67,24.90,3.71,10.13,1.57,NaN,NaN,5.40,0.32,35,0.321
107,2629.8,4,96.09,13.54,4.14,18.90,6.53,6.28,4,5.49,10.04,5,0.435
132,947.4,2,67.65,29.37,4.69,20.37,5.69,5.97,4,8.72,16.26,61,0.521
169,1529.0,2,57.46,37.75,5.26,24.17,5.86,6.48,4,7.60,16.42,89,0.662
32,10268.7,NaN,86.26,18.57,4.11,12.89,5.02,2.72,0,NaN,15.41,24,0.269
53,1497.7,1,74.61,24.66,4.45,9.21,3.67,2.49,1,5.67,26.93,NaN,0.307
41,4842.6,5,85.92,13.44,NaN,14.49,3.24,2.58,2,7.45,19.02,14,0.306
36,5018.5,5,72.60,26.04,3.89,23.46,3.15,NaN,1,7.63,11.83,15,0.322
94,1340.1,2,65.30,34.95,4.16,16.50,5.37,2.19,3,5.94,9.19,48,0.486
NaN,6868.7,5,77.28,NaN,1.14,NaN,2.89,3.83,1,4.50,25.92,25,0.256
71,1275.2,1,76.29,17.29,1.32,9.53,3.82,2.99,0,2.73,9.40,21,0.220
60,5774.8,6,96.15,10.61,0.39,11.57,6.11,1.54,2,4.23,29.69,5,0.304
110,2447.9,2,NaN,27.61,NaN,NaN,6.43,4.92,NaN,6.27,3.39,12,0.387
46,6181.8,3,67.02,32.74,4.23,20.26,1.75,3.17,0,7.67,19.50,24,0.311
121,NaN,2,46.97,NaN,NaN,18.84,5.40,NaN,1,2.66,18.50,87,0.492