Construction Year,Number of Stories,Fundamental Period (s),Concrete Compressive Strength (MPa),Longitudinal Reinforcement Ratio (%),Column Axial Load Ratio,Plan Irregularity Index,Vertical Irregularity Index,Site Vs30 (m/s),Peak Ground Acceleration (g),Spectral Acceleration at T1 (g),Peak Interstory Drift Ratio (%),Residual Drift Ratio (%),Damage State
2002,11,1.556,33.518,1.965,0.287,0.386,0.439,330.945,NaN,0.358,0.581,0.000,Slight
NaN,13,1.489,18.445,NaN,0.299,0.176,0.121,242.492,0.199,0.254,NaN,0.225,Extensive
NaN,NaN,0.753,28.127,1.503,0.121,0.214,0.240,442.670,NaN,0.276,0.478,0.000,Slight
2007,9,0.781,24.786,1.851,0.267,0.236,0.103,397.687,0.144,0.222,0.073,0.000,None_or_Insignificant
1987,10,1.074,33.961,1.420,0.209,NaN,0.362,1084.651,0.160,0.255,0.531,0.000,Slight
1991,8,0.969,35.267,1.561,0.294,0.386,0.321,286.091,0.474,0.870,0.978,0.045,Moderate
1973,7,0.888,29.776,1.416,0.185,0.109,0.424,350.157,0.704,1.412,1.972,0.484,Extensive
2024,16,2.103,35.678,2.506,0.285,0.414,0.201,945.017,0.165,0.120,0.463,0.000,Slight
1971,8,0.776,30.896,1.437,0.235,0.362,0.175,159.243,0.313,0.707,1.299,0.174,Extensive
2019,9,1.067,30.187,2.868,0.139,0.487,0.356,588.441,NaN,0.425,0.467,NaN,Slight
NaN,6,0.437,27.326,1.143,0.080,0.176,0.140,500.068,0.144,0.164,0.344,0.000,Slight
NaN,11,1.319,30.453,2.128,0.255,0.254,0.627,344.474,0.566,0.577,1.139,0.142,Moderate
1986,6,0.461,24.844,1.164,0.186,0.240,0.319,453.206,0.519,0.515,0.455,0.000,Slight
NaN,4,0.550,33.782,1.582,0.163,0.212,0.162,292.531,0.518,1.482,0.943,0.041,Moderate
1984,5,0.514,29.347,1.574,0.157,0.555,0.177,460.491,0.331,0.536,0.683,0.004,Slight
1977,5,0.643,21.059,1.147,0.176,0.170,0.370,269.644,0.341,0.702,1.612,0.431,Extensive
1969,7,0.821,21.191,1.535,NaN,0.103,NaN,1049.121,0.559,0.667,1.748,0.375,Extensive
1974,6,0.714,28.228,0.962,0.154,0.381,0.295,608.242,0.158,0.203,0.460,0.003,Slight
1972,5,0.509,34.713,1.346,NaN,0.211,0.476,408.613,0.422,0.717,0.916,0.155,Moderate
2024,8,0.797,39.599,2.031,0.292,0.257,0.278,220.909,0.278,0.579,0.584,0.000,Moderate
2014,9,0.811,35.184,1.758,0.184,0.231,0.479,156.213,0.119,0.153,0.461,0.000,None_or_Insignificant
2008,6,0.805,32.087,1.864,NaN,0.535,0.165,282.558,0.287,0.509,0.540,0.000,Slight
1966,4,0.393,19.998,0.989,0.127,0.359,0.233,886.819,0.516,0.419,0.851,0.125,Slight
NaN,NaN,0.721,36.566,2.116,0.175,0.274,0.147,195.095,0.796,1.937,1.816,0.274,Extensive
1970,10,1.030,26.398,NaN,0.234,0.113,0.162,1080.029,0.720,0.950,2.136,0.521,Extensive
1982,4,0.458,32.188,1.370,0.168,0.198,0.283,225.708,0.489,0.663,0.555,0.000,Moderate
1970,8,0.908,20.567,1.531,0.229,0.394,0.222,NaN,0.158,0.303,0.800,0.109,Moderate
2000,8,0.741,31.730,1.556,0.263,0.408,0.058,316.556,0.179,0.410,0.207,0.000,None_or_Insignificant
1980,16,1.649,36.748,1.830,0.331,0.218,0.576,275.187,0.574,0.545,1.330,0.239,Extensive
1994,6,NaN,25.928,1.679,0.259,0.281,0.168,212.972,0.459,1.089,1.572,0.184,Extensive
1955,5,0.569,19.621,0.800,0.211,0.329,0.196,651.949,0.542,0.454,1.096,0.131,Moderate
1996,9,0.840,33.894,NaN,0.185,0.447,0.321,398.059,0.545,1.016,1.308,0.133,Moderate
1989,12,1.323,32.911,2.081,0.157,0.200,NaN,962.697,0.370,0.366,0.820,0.000,Slight
2003,8,NaN,34.622,1.833,0.252,0.080,0.265,374.942,0.125,0.276,0.030,0.000,None_or_Insignificant
2002,6,0.558,30.061,1.292,0.237,0.451,0.271,691.148,0.606,0.791,0.737,0.019,Slight
1971,10,0.718,25.372,1.467,0.213,0.176,0.541,603.431,0.308,0.450,0.854,0.128,Moderate
1956,10,1.222,20.838,1.879,0.170,0.353,NaN,493.406,0.419,0.735,2.474,0.781,Complete
1987,6,0.649,20.855,1.309,0.193,0.201,0.349,429.278,0.639,0.931,1.244,0.211,Moderate
2023,9,1.167,37.631,2.007,0.250,0.122,0.331,348.498,0.325,0.351,0.689,0.000,Slight
NaN,5,0.693,40.226,2.211,0.203,0.259,0.179,506.224,NaN,1.456,1.029,0.036,Moderate
2004,5,0.582,31.713,1.742,0.183,0.288,0.076,621.781,0.353,0.326,0.034,NaN,None_or_Insignificant
2010,9,0.625,36.845,1.989,0.226,0.320,0.262,NaN,0.155,0.341,0.195,0.000,Slight
1996,6,0.662,28.875,1.245,NaN,0.114,0.189,558.407,0.182,0.208,0.568,NaN,Slight
1974,NaN,0.645,30.206,1.774,0.158,NaN,0.272,543.651,0.442,NaN,0.590,0.006,Moderate
1962,12,NaN,18.269,0.974,0.169,0.534,0.528,171.458,0.449,1.081,5.296,3.200,Complete
2003,4,0.423,30.710,1.909,NaN,0.652,0.142,214.737,0.454,0.721,0.421,NaN,Slight
1965,9,1.048,20.343,1.478,NaN,0.320,0.658,428.380,0.124,0.312,1.311,0.301,Extensive
1983,6,0.644,NaN,1.760,0.185,0.461,0.152,497.716,0.343,NaN,NaN,0.001,None_or_Insignificant
NaN,5,0.508,29.521,2.078,NaN,0.405,0.313,165.885,0.168,0.284,0.190,0.000,None_or_Insignificant
2022,8,0.839,37.838,2.202,0.205,0.322,0.142,227.110,0.198,0.323,0.843,0.000,Moderate
2003,10,1.166,36.651,2.043,0.181,0.213,0.736,214.430,0.246,0.313,NaN,0.000,None_or_Insignificant
1972,NaN,0.960,25.264,0.966,0.301,0.151,0.352,331.350,0.583,1.367,NaN,NaN,Complete
2011,8,0.909,28.068,NaN,0.265,0.103,0.135,302.712,0.554,1.245,1.889,0.338,Extensive
1996,10,1.113,33.338,1.126,0.251,0.522,0.203,678.363,0.298,0.262,0.820,NaN,Moderate
1983,6,0.586,25.487,1.661,0.166,0.164,NaN,NaN,0.238,0.302,0.143,0.000,None_or_Insignificant
2024,4,0.411,41.082,2.236,0.255,0.102,0.380,719.405,0.466,0.626,NaN,0.000,None_or_Insignificant
NaN,4,0.477,29.279,1.273,0.170,0.285,NaN,265.060,0.872,0.894,1.214,NaN,Moderate
2010,8,1.004,32.151,NaN,0.215,0.084,0.045,965.941,0.509,0.822,0.811,0.000,Slight
2011,6,0.772,38.838,1.597,0.215,0.406,0.480,242.302,0.363,0.964,1.067,0.087,Moderate
1982,5,0.468,25.691,1.156,0.138,0.159,0.025,NaN,0.314,0.387,0.350,0.000,Slight
1978,7,0.662,26.280,1.449,0.163,0.383,0.482,561.525,0.300,0.384,0.703,0.105,Moderate
2018,4,NaN,36.466,1.413,0.161,0.319,0.362,310.355,0.704,0.982,0.641,0.000,Slight
1996,5,NaN,28.154,1.384,0.122,0.369,0.240,328.154,0.313,0.544,NaN,0.000,Slight
1999,5,0.450,28.001,1.654,0.248,0.444,NaN,549.694,0.506,1.106,0.765,0.000,Slight
2023,7,0.719,43.592,2.071,0.176,0.210,NaN,1028.955,NaN,0.221,0.063,0.000,None_or_Insignificant
2023,5,0.497,39.544,1.655,0.220,0.280,0.182,278.999,0.300,0.501,0.043,0.000,None_or_Insignificant
1984,11,1.092,32.817,1.457,0.237,0.264,0.390,NaN,0.128,0.195,0.250,0.000,None_or_Insignificant
1994,6,0.646,28.084,1.606,0.203,NaN,0.183,536.295,NaN,0.164,0.153,0.000,None_or_Insignificant
2018,8,0.707,40.591,2.288,NaN,0.161,0.424,NaN,NaN,1.212,0.906,0.007,Moderate
1979,8,0.774,33.038,1.521,0.233,0.060,0.570,698.395,0.398,0.555,0.352,0.000,Slight
2011,6,0.919,32.136,1.478,NaN,0.523,0.529,NaN,0.557,1.052,1.461,0.316,Moderate
1984,6,0.781,32.248,1.578,0.162,0.549,0.263,250.736,0.348,0.382,0.610,0.000,Moderate
1988,6,NaN,25.320,1.136,NaN,0.087,0.405,568.986,0.496,0.481,0.758,0.044,Slight
1994,6,0.704,31.860,1.743,0.153,0.115,0.616,260.596,0.745,1.366,1.266,NaN,Moderate
1964,10,NaN,24.409,1.547,0.213,0.325,0.438,NaN,0.127,0.225,NaN,0.077,Moderate
1975,9,1.170,23.503,1.117,0.130,0.024,0.153,265.014,0.317,0.315,0.999,0.180,Moderate
1969,9,1.013,24.703,1.426,0.247,0.177,0.175,467.256,0.079,0.210,0.342,0.000,Slight
1995,5,0.674,32.658,1.816,0.140,0.169,0.250,1008.147,0.319,0.302,0.512,0.000,Slight
1961,6,0.751,19.093,NaN,NaN,0.205,0.829,NaN,0.255,0.533,1.461,0.332,Extensive
2012,5,0.485,29.067,NaN,0.217,0.146,0.281,665.221,0.263,0.441,0.561,0.000,Moderate
NaN,6,0.628,25.678,1.381,0.184,0.183,0.413,NaN,0.324,0.384,0.839,0.106,Moderate
2004,6,0.716,34.464,NaN,0.155,0.248,0.389,323.876,0.157,0.324,0.325,0.000,None_or_Insignificant
1983,8,0.676,25.119,1.350,0.157,NaN,0.261,183.782,0.072,0.161,0.309,0.000,None_or_Insignificant
NaN,14,1.184,31.333,1.303,0.303,0.351,0.563,152.515,0.291,0.450,1.701,0.394,Extensive
1977,5,NaN,22.390,1.436,0.102,0.181,0.357,903.043,0.494,NaN,0.937,0.157,Moderate
NaN,6,0.443,33.385,2.012,0.250,0.481,0.053,178.450,0.152,0.193,NaN,0.000,None_or_Insignificant
1985,6,0.881,29.496,1.835,0.215,0.378,0.253,NaN,0.225,0.244,0.058,0.000,None_or_Insignificant
1958,11,1.008,21.876,NaN,0.293,0.406,0.163,166.701,0.188,0.536,1.667,0.629,Extensive
1988,6,0.713,31.904,1.124,0.282,0.536,0.222,334.013,0.328,0.755,1.281,0.177,Moderate
1970,4,NaN,23.870,1.517,0.188,0.316,0.150,257.391,0.849,1.177,1.401,0.265,Extensive
1999,7,0.772,27.051,1.404,0.170,0.345,0.254,249.965,0.453,0.678,0.732,0.028,Moderate
1998,3,0.322,34.190,0.805,0.167,0.199,0.253,410.275,NaN,0.252,0.030,0.000,None_or_Insignificant
1968,11,1.105,21.148,1.823,0.211,0.520,0.213,500.965,0.844,1.526,4.309,2.926,Complete
NaN,10,1.186,32.794,1.113,0.225,0.425,0.228,749.151,0.245,0.359,1.023,0.251,Moderate
2020,15,2.057,47.465,NaN,0.268,0.146,0.217,168.537,0.714,1.846,2.194,0.411,Extensive
1974,7,0.597,25.401,0.861,0.194,0.328,NaN,229.476,0.582,0.610,1.103,0.133,Moderate
1974,6,0.830,27.446,1.404,0.123,0.282,0.563,375.179,NaN,0.578,1.158,0.126,Moderate
2012,7,0.710,35.861,2.102,0.195,0.503,0.010,363.570,0.094,0.105,0.030,0.000,None_or_Insignificant
1988,8,0.954,25.269,1.516,0.244,0.123,0.130,414.711,0.175,0.425,0.690,0.035,Slight
1971,4,0.506,20.634,1.291,0.178,0.232,0.368,818.064,0.412,0.686,0.994,0.164,Moderate
1999,9,1.052,37.698,2.240,0.263,0.220,0.084,176.920,0.636,1.760,1.561,0.201,Extensive
2011,4,0.409,33.161,2.231,NaN,0.544,0.455,247.091,0.129,0.154,NaN,0.000,None_or_Insignificant
2007,6,0.433,35.854,1.312,0.118,0.096,0.081,391.484,0.397,0.611,0.243,0.000,None_or_Insignificant
NaN,7,1.105,34.645,1.569,0.152,0.149,0.245,174.359,0.101,0.209,0.365,0.000,None_or_Insignificant
1962,7,0.710,23.407,NaN,0.187,0.420,0.076,311.538,0.565,NaN,2.533,0.946,Complete
2006,9,NaN,39.087,2.024,NaN,0.205,0.506,458.947,0.306,0.677,0.504,0.000,Slight
2009,5,0.540,36.184,2.101,0.158,0.304,0.300,166.766,0.873,1.515,0.859,0.000,Moderate
1983,NaN,NaN,25.182,1.384,NaN,0.389,0.108,160.683,0.316,0.958,1.380,0.235,Extensive
1990,3,0.364,27.609,1.269,0.090,0.326,0.483,392.095,0.214,0.215,NaN,0.000,Slight
2003,2,0.216,NaN,1.767,0.122,0.439,0.073,368.647,0.333,0.401,0.135,0.000,None_or_Insignificant
2018,11,1.377,NaN,2.438,0.267,0.308,0.240,771.735,0.387,0.319,0.644,0.000,Moderate
2017,11,0.953,39.690,2.099,NaN,0.645,0.067,733.268,0.157,0.290,0.373,0.000,Slight
1969,7,0.707,32.173,1.239,0.197,0.376,0.452,484.073,0.231,0.596,1.086,0.120,Moderate
2011,6,0.559,35.855,1.465,0.185,0.055,0.204,NaN,0.361,0.575,0.755,0.000,Slight
2004,7,0.563,36.167,1.666,0.206,0.437,0.089,169.330,0.387,0.937,0.766,0.000,Moderate
1995,13,1.895,31.184,1.469,0.237,0.486,0.096,1088.652,0.359,0.238,0.682,0.000,Moderate
NaN,5,0.484,35.443,2.020,0.152,0.263,0.485,178.662,NaN,0.403,0.324,0.000,Slight
1979,10,1.410,NaN,1.008,0.234,0.228,0.314,717.172,0.578,0.922,3.883,2.084,Complete
2015,8,0.799,40.847,1.716,0.200,0.498,0.307,164.983,0.369,0.723,0.505,0.000,Slight
1980,3,0.359,30.520,1.571,0.241,0.160,0.106,767.211,0.856,0.714,0.909,0.065,Moderate
1975,7,0.818,27.017,1.071,0.252,0.186,0.465,462.257,0.076,NaN,0.225,0.000,Slight
2006,8,NaN,35.384,1.881,0.159,0.063,0.176,698.327,0.228,NaN,0.513,0.000,Slight
1977,17,1.823,31.680,1.809,0.236,0.331,NaN,NaN,0.337,0.351,1.338,0.197,Moderate
1985,5,0.732,23.625,2.089,0.175,0.534,0.577,756.069,NaN,0.424,0.687,0.004,Moderate
2009,9,NaN,31.512,NaN,0.272,0.193,0.444,189.212,0.225,0.587,0.735,NaN,Moderate
1979,6,0.738,29.156,1.186,0.209,0.592,0.307,678.751,0.480,0.730,1.283,0.234,Extensive
1959,NaN,0.804,NaN,1.351,0.170,0.243,0.097,687.493,0.576,1.112,2.388,0.984,Complete
1990,7,0.629,25.577,1.553,0.154,0.142,0.390,431.515,0.177,0.299,0.301,0.000,None_or_Insignificant
1983,6,0.749,20.959,1.466,0.216,0.549,0.441,359.436,NaN,0.215,0.364,0.000,Slight
2016,5,0.903,43.412,1.990,0.203,0.482,0.167,502.327,0.327,0.643,0.543,0.000,Slight
1956,3,0.429,24.521,0.811,NaN,NaN,0.383,585.761,0.790,0.856,1.205,0.224,Moderate
2012,10,0.968,29.861,1.611,0.291,NaN,0.637,311.843,0.367,0.753,1.341,0.189,Moderate
2001,12,0.850,34.688,2.084,0.273,0.111,NaN,692.381,0.264,0.563,0.502,0.000,Slight
2007,11,0.968,30.591,1.428,0.253,0.489,0.097,226.596,0.173,0.453,0.614,0.000,Slight
1977,4,0.424,18.000,1.400,0.173,0.098,0.323,539.181,0.287,0.200,0.128,0.000,None_or_Insignificant
2023,8,0.976,41.010,2.693,0.262,0.594,NaN,333.195,0.545,0.772,0.504,0.000,Slight
1980,9,0.899,24.994,1.765,0.236,0.677,0.316,265.389,0.072,0.111,0.043,0.000,None_or_Insignificant
1985,5,0.534,30.557,1.377,0.155,0.069,0.227,594.494,0.470,NaN,0.622,0.000,None_or_Insignificant
1972,4,0.371,26.485,1.198,0.185,0.330,0.649,273.189,0.299,NaN,0.412,0.000,Slight
2016,4,0.591,38.895,1.638,0.227,NaN,0.021,339.579,0.056,0.072,0.179,0.000,None_or_Insignificant
2008,4,0.545,33.852,1.853,0.173,0.367,0.526,330.523,0.133,0.168,0.104,0.000,None_or_Insignificant
2011,8,1.051,34.728,2.156,0.261,0.262,0.176,NaN,NaN,0.535,0.606,0.000,Slight
1965,6,0.672,24.557,1.108,0.140,0.387,0.454,481.816,NaN,0.480,1.094,0.186,Moderate
2024,9,1.009,37.913,NaN,0.219,NaN,0.466,261.202,NaN,0.117,0.392,0.000,Slight
1985,9,0.913,29.796,1.904,0.126,0.493,0.366,546.484,NaN,0.266,0.241,0.000,Slight
1986,16,1.520,25.518,1.548,0.294,0.390,0.538,545.558,0.089,0.152,0.679,0.019,Slight
1998,8,0.895,26.725,1.588,0.198,0.092,0.083,724.386,NaN,0.548,1.117,0.103,Moderate
1969,11,1.341,32.229,1.238,NaN,0.245,0.645,561.637,0.279,0.522,1.358,0.266,Moderate
1980,13,1.692,28.066,2.170,0.417,0.351,0.493,615.977,0.867,0.941,2.299,0.475,Complete
2018,8,0.906,40.631,1.744,0.265,0.479,0.247,155.294,0.772,2.200,2.162,0.397,Extensive
1990,5,0.869,30.487,1.333,0.170,0.396,0.375,165.659,0.579,0.714,1.087,0.175,Moderate
2013,7,0.725,45.457,1.889,0.190,0.243,0.079,319.591,0.063,0.134,0.225,0.000,Slight
1971,5,0.361,27.413,1.524,0.092,NaN,0.215,1026.826,0.171,0.148,NaN,0.000,None_or_Insignificant
2009,11,1.545,37.088,2.833,0.372,0.331,0.281,430.891,0.166,0.331,0.509,0.000,Slight
1985,5,0.575,30.638,1.341,NaN,NaN,0.216,728.393,0.361,0.484,0.725,0.008,Slight
1993,5,0.522,28.274,1.529,0.262,0.275,0.373,165.854,NaN,1.325,NaN,0.381,Extensive
1999,4,0.391,24.209,1.159,0.200,0.219,NaN,776.841,0.581,0.431,0.142,0.000,Slight
2019,6,0.784,41.747,1.552,0.152,0.237,0.288,177.000,0.158,0.353,0.165,NaN,None_or_Insignificant
1980,NaN,0.542,27.462,1.069,0.166,0.407,0.239,490.972,0.860,1.366,1.681,0.410,Extensive
1982,4,0.422,27.078,1.256,NaN,0.551,0.300,776.839,0.193,0.180,0.112,0.000,None_or_Insignificant
1979,8,0.882,33.204,1.965,0.241,NaN,0.247,794.789,0.248,0.273,0.367,0.000,Slight
1971,8,0.855,29.137,1.521,0.203,0.448,0.412,348.009,0.508,0.945,NaN,NaN,Extensive
2008,9,0.720,30.803,2.130,0.224,0.250,0.287,190.606,0.336,0.936,0.658,0.000,Slight
1958,6,0.676,21.668,1.202,0.166,0.505,0.398,153.365,0.248,0.427,1.149,0.240,Moderate
1996,11,1.230,37.696,2.267,0.249,NaN,0.487,209.856,0.161,0.267,0.561,0.000,Slight
2010,7,0.997,31.502,1.593,0.229,0.384,0.433,382.558,0.206,0.462,0.792,0.032,Moderate
1977,3,0.277,23.114,0.996,0.204,0.308,0.320,154.312,0.316,0.378,0.466,0.012,Slight
2000,4,NaN,30.695,1.304,0.080,0.248,0.425,320.811,0.862,1.771,0.964,0.124,Moderate
1973,5,0.584,28.237,1.029,0.225,0.298,0.104,NaN,0.168,0.185,0.306,0.000,Slight
1973,8,0.687,NaN,1.085,0.241,0.359,0.298,158.190,0.346,1.114,2.382,1.370,Complete
1979,7,0.841,23.114,1.040,0.200,0.108,NaN,NaN,0.310,0.992,2.908,2.183,Complete
2020,6,0.847,NaN,1.437,0.206,0.332,0.157,222.098,0.209,0.364,0.076,0.000,None_or_Insignificant
1970,9,0.906,27.819,1.714,0.310,0.313,0.376,604.170,0.306,0.307,NaN,0.203,Moderate
1987,11,1.693,29.476,2.573,0.259,0.201,0.718,206.981,0.529,NaN,NaN,0.571,Complete
2009,7,0.791,30.815,1.376,0.231,0.131,0.359,614.432,0.685,0.739,0.801,0.041,Slight
1961,11,1.375,29.745,2.086,0.264,0.481,0.148,325.863,0.312,NaN,1.347,0.222,Extensive
NaN,5,0.502,26.528,1.185,0.227,0.446,0.251,965.383,0.118,0.101,0.030,0.000,None_or_Insignificant
NaN,9,1.005,35.862,2.241,0.233,0.086,0.564,349.243,0.171,0.336,0.030,0.000,None_or_Insignificant
1976,6,0.736,21.413,1.543,0.203,0.198,0.119,524.330,0.506,0.695,1.230,0.264,Extensive
NaN,NaN,0.545,31.576,1.631,0.199,0.611,0.146,1026.933,0.603,0.759,0.904,0.069,Slight
1966,6,0.766,19.411,1.359,0.227,0.116,0.321,250.122,0.651,1.492,3.579,1.854,Complete
1999,9,0.690,27.353,1.506,0.155,0.290,0.235,347.719,0.343,0.793,1.363,0.270,Moderate
2008,NaN,0.739,31.821,1.398,0.291,0.066,NaN,253.492,0.531,0.778,0.724,0.022,Moderate
NaN,6,0.767,28.878,1.348,0.202,0.420,0.150,161.585,0.775,1.458,2.185,0.413,Extensive
1981,5,0.739,31.547,1.172,0.160,0.472,0.101,540.064,0.139,0.249,0.577,0.000,Moderate
1997,9,0.931,26.156,1.515,0.206,0.318,0.274,431.796,0.133,0.220,0.506,0.000,Slight
NaN,8,0.985,27.510,1.258,0.298,0.405,0.565,364.892,0.557,NaN,1.660,0.297,Extensive
1983,5,NaN,30.723,1.857,0.096,0.470,0.240,650.142,NaN,1.549,1.625,0.281,Extensive
1979,6,0.417,19.349,0.855,0.202,0.121,0.289,804.793,0.142,0.148,0.508,0.032,Slight
1986,NaN,0.738,40.151,1.822,0.258,0.465,0.362,549.359,0.252,0.373,0.532,0.000,Slight
2008,9,1.043,33.196,1.659,0.343,0.712,0.248,294.687,0.380,NaN,NaN,0.136,Moderate
1997,6,0.808,29.966,1.475,0.200,NaN,0.301,175.071,0.150,0.406,0.452,0.000,Slight
2012,4,0.418,29.018,2.082,0.130,0.062,0.569,879.717,0.258,0.247,0.459,0.000,None_or_Insignificant
1983,13,NaN,29.199,1.884,NaN,NaN,0.104,547.761,0.315,0.195,1.194,0.138,Moderate
1996,16,1.363,33.713,NaN,0.287,0.380,0.499,189.384,0.796,1.174,NaN,0.235,Extensive
NaN,7,0.618,26.274,1.563,0.207,0.265,0.118,330.015,0.206,0.307,0.353,0.000,Slight
1997,NaN,0.950,31.067,2.510,0.176,0.262,0.822,186.647,0.441,0.525,0.786,0.000,Moderate
NaN,7,0.661,20.872,0.973,0.237,0.209,0.116,190.984,0.143,0.303,0.540,0.045,Slight
2000,5,0.576,31.932,1.375,0.201,0.280,0.305,NaN,0.458,0.572,0.722,0.015,Slight
2006,7,0.626,34.661,1.403,0.117,0.128,0.010,674.045,0.509,0.750,0.796,0.000,Moderate
1955,10,1.056,22.083,1.196,0.256,NaN,0.447,160.758,0.187,0.596,2.503,1.703,Complete
1956,15,1.436,33.081,NaN,0.313,0.367,0.369,981.642,NaN,0.277,0.542,0.000,Slight
1965,13,1.589,22.623,1.625,0.191,NaN,0.368,890.505,0.168,0.228,0.856,0.134,Moderate
1973,3,0.354,24.821,1.617,0.278,0.278,0.361,176.425,0.167,0.283,0.550,0.020,None_or_Insignificant
2020,4,0.462,36.979,2.243,0.181,0.208,0.523,409.534,0.078,0.107,0.059,NaN,None_or_Insignificant
2012,NaN,0.793,35.683,1.677,0.281,0.236,NaN,567.842,0.283,0.517,0.454,NaN,Slight
2000,NaN,1.248,32.523,NaN,0.219,0.135,0.057,239.133,0.442,NaN,0.344,0.000,Slight
2004,6,0.721,33.220,1.290,NaN,0.389,0.480,198.276,0.572,0.883,1.028,0.120,Moderate
NaN,11,1.461,39.765,NaN,0.267,NaN,NaN,632.760,0.152,NaN,0.320,0.000,Slight
1992,6,0.563,25.625,1.282,0.120,0.488,NaN,1023.234,0.108,0.087,0.141,0.000,None_or_Insignificant
1970,10,1.166,25.167,1.730,0.256,NaN,0.349,365.580,0.058,0.106,0.474,0.000,Slight
2021,11,1.222,41.649,2.323,0.240,0.442,0.196,282.212,0.168,0.409,0.575,0.000,Slight
2004,9,1.258,36.385,2.215,0.191,0.468,0.439,332.226,0.172,0.348,0.289,0.000,Slight
2007,9,1.190,NaN,1.991,0.243,NaN,0.403,806.266,0.328,0.367,0.817,0.000,Moderate
1959,6,0.670,24.597,1.865,0.097,0.202,0.329,161.104,0.084,0.153,0.296,0.000,Slight
NaN,15,1.703,40.214,1.949,0.345,0.161,0.047,221.496,0.055,0.067,0.444,0.000,Slight
1976,9,1.396,20.618,0.978,0.211,0.134,0.284,448.184,0.079,0.121,1.023,0.143,Moderate
1983,8,0.805,30.150,NaN,0.214,0.534,NaN,333.668,0.569,0.793,0.627,0.009,Slight
1975,6,0.535,22.490,0.800,0.153,0.506,NaN,167.278,0.350,0.457,1.203,0.299,Extensive
2012,7,0.887,28.796,2.430,0.177,0.171,0.326,257.684,0.089,0.164,0.233,0.000,Slight
1984,NaN,1.206,34.583,1.795,0.364,0.228,0.282,700.339,0.654,0.568,0.632,0.000,Moderate
1982,9,0.962,29.810,1.518,0.284,0.240,0.586,176.731,0.818,2.014,3.473,2.306,Complete
1976,NaN,0.656,24.087,0.991,0.134,0.043,0.394,755.021,0.192,0.153,0.091,0.000,None_or_Insignificant
2015,NaN,1.060,45.061,NaN,0.200,0.216,0.222,758.217,0.800,1.030,0.836,0.000,Moderate
1997,6,0.595,29.414,1.220,0.160,0.138,0.044,587.920,0.154,0.269,0.373,0.000,Slight
2016,9,1.039,33.900,2.332,0.159,NaN,0.260,598.473,0.324,0.251,0.594,0.000,Slight
1963,8,0.866,23.932,1.043,0.226,0.358,0.653,167.756,0.819,1.419,4.262,3.200,Complete
1993,9,0.907,NaN,2.236,NaN,NaN,0.313,158.891,0.457,1.242,1.066,0.056,Moderate
NaN,3,0.313,28.039,0.861,0.191,0.268,0.254,1014.432,0.174,0.098,0.519,0.021,Slight
1970,7,1.181,31.660,NaN,0.175,NaN,NaN,154.323,0.214,0.560,1.336,0.243,Extensive
1959,5,0.679,21.114,0.899,0.148,0.431,0.207,NaN,0.556,1.279,3.339,3.072,Complete
1980,15,1.376,35.625,2.060,0.239,0.686,0.447,170.099,0.574,1.668,3.121,0.574,Complete
1994,NaN,NaN,27.780,1.529,0.223,0.228,0.212,273.081,0.084,NaN,0.116,0.000,None_or_Insignificant
1998,13,1.929,35.912,2.154,0.335,0.222,0.323,403.398,0.514,0.872,2.165,0.389,Extensive
2009,NaN,0.621,36.909,2.434,0.111,0.308,0.185,566.454,0.113,NaN,0.648,0.000,None_or_Insignificant
1986,11,1.602,29.445,1.586,0.252,NaN,0.083,421.879,0.336,0.355,1.223,0.122,Moderate
1970,12,NaN,24.088,0.977,0.233,0.421,0.110,650.934,0.316,0.287,1.130,0.273,Moderate
1997,12,1.259,35.432,2.225,0.209,NaN,0.396,331.741,0.548,1.168,1.519,0.163,Moderate
2009,7,0.741,34.642,1.785,0.235,0.191,0.272,957.927,0.310,0.435,0.640,0.000,Slight
2004,NaN,1.740,34.903,1.991,0.280,0.348,0.157,370.194,0.208,0.203,NaN,0.000,None_or_Insignificant
2023,10,0.954,35.389,1.863,0.113,0.469,NaN,262.984,0.261,0.615,0.817,0.015,Moderate
2006,5,0.418,NaN,1.341,0.182,0.123,0.401,197.908,0.133,NaN,0.030,0.000,None_or_Insignificant
1997,15,2.063,37.906,2.594,0.274,0.702,0.122,676.791,0.273,0.190,0.727,0.000,Moderate
1991,9,0.971,22.767,NaN,0.271,0.230,0.177,315.575,0.287,0.619,1.817,0.404,Extensive
1991,4,0.432,28.758,1.306,0.141,0.175,0.446,328.144,0.311,0.553,0.086,0.000,None_or_Insignificant
1989,2,0.283,20.143,1.378,0.089,0.237,0.133,685.296,0.466,0.805,NaN,0.000,None_or_Insignificant
2008,8,0.825,36.863,1.772,NaN,0.420,0.071,545.953,0.853,1.391,1.296,0.134,Moderate
2003,6,0.616,35.528,1.524,0.258,0.531,0.139,524.153,0.178,0.232,0.145,0.000,None_or_Insignificant
2000,8,0.717,38.375,1.663,0.153,0.110,0.133,179.555,0.718,1.229,1.033,0.101,Moderate
2022,4,0.411,44.139,2.466,0.226,0.492,0.381,330.090,0.580,0.600,0.373,0.000,None_or_Insignificant
1980,12,1.696,33.454,2.045,0.306,0.717,0.248,303.913,0.176,0.324,0.880,0.046,Moderate
2003,9,1.044,32.680,1.719,0.290,0.281,0.399,162.386,0.072,NaN,NaN,0.000,None_or_Insignificant
2010,7,0.801,34.639,2.002,0.291,0.169,0.202,201.810,0.458,1.336,1.342,0.172,Extensive
1984,7,0.963,30.919,1.818,NaN,0.020,NaN,175.306,0.531,1.011,1.590,0.181,Extensive
1991,5,0.647,35.960,1.849,0.145,0.323,NaN,1094.532,0.382,0.421,0.460,0.000,Slight
1983,6,0.796,26.299,0.907,0.293,0.139,0.061,231.298,0.234,0.593,1.073,0.179,Moderate
1995,7,0.976,26.264,1.424,0.236,0.355,0.043,NaN,0.164,0.327,0.665,0.000,Slight
1978,7,0.787,30.134,1.600,NaN,0.658,0.444,1042.827,0.538,0.787,1.473,0.183,Extensive
NaN,4,0.407,39.789,1.792,0.105,0.173,0.354,325.732,0.407,0.586,0.483,0.000,Slight
NaN,7,0.761,25.079,1.197,0.233,0.393,0.209,797.959,0.302,0.415,0.709,0.056,Moderate
1976,NaN,1.890,35.567,1.784,0.303,NaN,0.351,284.231,0.091,0.118,0.408,0.000,Moderate
1964,6,0.731,18.632,0.869,0.131,0.350,NaN,350.858,0.099,0.189,0.440,0.013,Slight
1996,6,0.511,27.273,0.864,0.178,0.580,0.923,753.295,0.458,0.504,0.542,NaN,Slight
NaN,8,0.869,27.231,1.703,0.219,0.179,0.396,291.129,0.287,NaN,0.554,0.000,Slight
2013,7,0.656,35.267,1.815,0.175,0.603,NaN,217.873,0.217,0.359,0.174,0.000,None_or_Insignificant
2004,5,0.617,27.282,1.489,0.137,0.320,NaN,925.381,0.216,0.336,0.184,0.000,None_or_Insignificant
1976,8,0.849,22.356,0.800,0.202,0.293,NaN,277.761,NaN,0.687,2.103,0.905,Extensive
1962,8,0.842,NaN,1.353,0.296,0.254,0.290,343.269,0.186,0.351,1.032,0.152,Moderate
1998,15,1.395,30.981,2.103,0.213,0.215,0.322,275.132,0.267,0.304,0.875,0.034,Moderate
1997,10,1.339,35.885,1.777,0.254,0.295,0.138,410.859,0.292,0.367,0.465,0.000,Slight
2010,7,0.805,38.532,2.173,0.279,NaN,0.269,177.086,0.339,0.512,0.304,0.000,None_or_Insignificant
2014,12,2.271,40.639,2.172,0.303,NaN,0.160,358.104,0.149,0.168,0.561,0.000,Slight
2013,3,0.433,39.371,2.093,0.103,0.226,0.560,NaN,0.478,0.850,0.398,0.000,None_or_Insignificant
1994,7,0.674,29.672,1.304,0.203,NaN,0.191,653.732,0.575,0.503,0.837,0.050,Moderate
NaN,6,0.480,29.028,1.593,0.194,0.462,0.307,454.263,0.692,0.683,0.558,0.000,Slight
1973,11,1.084,28.391,NaN,0.226,0.465,0.091,497.400,NaN,0.418,0.851,0.059,Moderate
2003,6,0.854,28.187,1.875,0.304,0.184,0.313,335.314,0.155,0.366,0.424,0.000,Slight
1987,9,1.246,21.783,1.864,0.216,0.218,0.331,375.365,0.344,0.734,1.910,0.419,Extensive
1976,5,0.536,24.840,0.880,0.188,0.103,0.386,616.089,0.201,0.334,0.534,0.041,Moderate
2003,5,0.469,38.414,1.447,NaN,0.241,0.269,299.127,0.296,0.795,0.515,0.000,Slight
2002,8,1.015,33.465,1.970,0.169,0.156,0.035,158.323,NaN,0.922,0.829,0.007,Moderate
1972,5,0.698,21.913,1.542,0.190,0.490,0.305,NaN,NaN,0.364,0.882,0.117,Moderate
1964,6,NaN,18.551,0.800,0.176,0.345,0.359,NaN,0.334,0.396,1.423,0.310,Extensive
NaN,10,1.379,18.000,1.184,0.246,0.141,0.372,867.962,0.600,0.937,4.242,3.051,Complete
1958,7,0.843,31.499,1.565,0.122,0.257,0.442,252.194,0.566,1.269,1.779,0.431,Extensive
2002,4,0.463,36.390,1.615,0.165,0.331,0.130,NaN,0.107,0.139,0.144,0.000,None_or_Insignificant
2001,5,0.553,29.651,2.088,0.144,NaN,0.206,209.406,0.065,NaN,NaN,NaN,None_or_Insignificant
1987,5,0.694,29.169,2.141,0.134,0.174,0.489,309.238,0.707,1.444,1.220,NaN,Moderate
1986,6,0.622,32.045,1.174,0.174,0.213,0.085,248.194,0.112,0.137,0.066,0.000,None_or_Insignificant
1984,12,1.725,27.694,1.406,0.246,0.592,0.187,390.316,NaN,0.959,3.273,1.234,Complete
1982,4,0.573,29.864,0.869,0.283,0.320,0.068,1067.834,0.282,0.415,0.818,0.062,Moderate
2013,7,0.927,40.651,NaN,0.152,0.093,0.359,376.068,0.204,0.369,0.126,0.000,None_or_Insignificant
1982,10,1.216,25.454,1.805,0.199,0.111,0.163,232.587,0.314,0.556,1.413,0.166,Moderate
1979,9,0.814,25.353,1.212,0.179,0.254,0.507,NaN,0.172,NaN,1.002,0.173,Moderate
2000,4,0.455,31.492,1.703,0.127,NaN,0.362,731.818,0.554,0.632,NaN,0.000,Slight
1972,8,0.906,19.576,1.246,0.251,0.458,0.623,NaN,NaN,1.783,5.480,3.200,Complete
1982,8,0.894,32.780,1.275,0.197,0.085,0.200,156.900,0.320,0.893,1.211,NaN,Moderate
NaN,6,0.628,39.152,1.653,0.144,0.291,0.196,973.083,0.241,0.255,0.043,0.000,None_or_Insignificant
1993,9,1.276,26.096,1.813,0.205,0.497,0.117,619.880,0.194,0.392,0.574,NaN,None_or_Insignificant
1985,NaN,0.818,32.433,1.781,0.128,0.312,0.089,880.442,0.084,0.121,0.180,0.000,None_or_Insignificant
2010,13,1.310,41.826,2.410,0.185,0.442,0.249,NaN,NaN,0.508,NaN,0.000,Moderate
1995,9,1.323,26.690,NaN,0.285,0.160,0.167,393.508,0.578,NaN,1.418,0.210,Moderate
1959,8,NaN,25.418,0.930,0.279,0.315,0.215,263.108,0.270,0.636,1.401,0.276,Moderate
2016,6,1.067,37.113,2.099,0.080,0.078,0.358,582.174,0.060,0.094,0.030,0.000,None_or_Insignificant
2010,3,0.411,31.010,1.606,0.159,0.154,0.351,190.087,NaN,NaN,0.030,0.000,None_or_Insignificant
2021,6,0.778,42.416,2.444,0.122,0.260,0.705,357.467,NaN,0.598,NaN,NaN,Slight
2009,9,1.252,33.605,2.128,0.264,0.168,0.345,NaN,0.201,0.524,0.900,0.047,Moderate
1956,NaN,0.813,29.078,1.385,NaN,0.358,NaN,661.503,0.093,0.134,0.339,0.000,None_or_Insignificant
2002,8,1.371,32.703,1.587,0.233,0.143,NaN,676.181,0.309,0.453,0.249,NaN,None_or_Insignificant
2010,7,NaN,NaN,1.765,0.158,0.183,0.215,671.503,0.118,NaN,0.380,0.000,Slight
1968,4,0.486,27.055,0.922,0.237,0.028,0.396,510.560,0.311,0.396,0.348,0.000,None_or_Insignificant
NaN,9,0.909,51.477,1.876,0.128,0.224,0.425,572.157,0.560,0.659,0.177,0.000,None_or_Insignificant
1974,6,0.625,24.594,1.090,0.136,0.083,NaN,948.545,0.154,0.204,0.544,0.024,None_or_Insignificant
1985,10,0.830,NaN,1.465,0.215,0.489,0.480,675.423,0.146,0.266,0.481,0.000,Slight
2014,4,0.557,32.731,2.035,NaN,NaN,0.623,681.754,0.198,0.273,0.222,0.000,None_or_Insignificant
1985,6,0.567,31.140,1.308,0.208,0.370,0.390,184.669,0.666,0.961,1.248,0.110,Moderate
2015,6,0.616,45.741,2.245,0.204,0.485,0.185,633.303,0.268,0.365,0.030,0.000,None_or_Insignificant
1976,5,0.730,18.088,1.036,0.237,0.525,NaN,NaN,NaN,0.579,1.926,0.625,Complete
2024,6,0.632,31.732,1.972,0.080,0.287,0.122,359.701,0.150,0.145,0.030,0.000,None_or_Insignificant
1997,10,1.147,24.146,1.871,0.194,0.190,0.487,534.236,0.125,0.281,0.781,0.032,Moderate
2021,NaN,0.679,39.754,1.904,0.222,0.226,0.076,641.356,0.572,0.628,0.560,NaN,Slight
NaN,17,2.326,NaN,NaN,0.316,NaN,0.343,166.085,0.879,2.093,6.200,2.468,Complete
NaN,4,0.456,28.903,1.323,0.132,0.022,0.382,NaN,0.131,0.398,0.315,0.000,None_or_Insignificant
1989,9,0.809,34.261,1.579,0.261,NaN,0.376,589.677,0.199,0.248,0.525,0.000,Slight
1995,7,0.931,20.550,0.933,0.220,0.325,0.533,486.556,0.196,0.429,1.219,0.307,Moderate
2018,7,0.462,34.650,2.073,0.123,0.189,0.138,212.732,0.464,1.075,0.835,NaN,Slight
1955,3,0.321,NaN,1.373,0.180,NaN,0.182,652.754,0.288,0.271,0.030,0.000,None_or_Insignificant
1976,7,0.849,22.334,1.304,0.216,0.413,0.323,684.095,0.255,0.337,0.764,0.067,Moderate
1995,15,1.741,34.207,1.767,0.282,0.465,0.392,742.337,0.701,0.579,1.786,0.283,Extensive
1961,8,0.891,26.234,0.814,0.179,0.212,0.394,484.184,0.858,1.783,4.281,3.163,Complete
1976,9,1.221,23.964,1.405,0.080,0.349,0.352,485.046,0.545,0.993,2.820,1.269,Complete
1965,7,0.634,27.960,1.045,0.271,0.160,0.267,187.223,0.465,1.095,1.889,0.406,Extensive
1971,6,NaN,18.000,1.104,0.266,0.330,0.741,584.930,0.167,0.275,0.904,0.158,Moderate
1983,8,0.643,26.566,1.498,0.244,0.510,0.254,278.374,0.823,1.218,1.558,0.280,Extensive
2007,7,0.734,32.800,1.645,0.237,0.516,0.250,715.732,NaN,0.378,0.314,0.000,Slight
NaN,9,NaN,35.655,1.733,0.241,0.547,0.621,926.677,0.232,0.336,0.630,0.000,Moderate
1979,14,1.230,23.958,NaN,0.374,0.107,0.349,977.465,NaN,0.094,0.267,0.000,None_or_Insignificant
1980,8,0.896,28.468,1.426,0.330,0.203,0.739,425.855,0.869,1.109,2.046,0.467,Extensive
1989,NaN,0.499,36.267,1.315,0.109,0.660,0.237,NaN,0.252,0.548,0.726,0.000,Slight
2002,15,1.840,36.508,1.868,0.325,0.432,0.177,536.795,0.101,0.084,0.030,0.000,None_or_Insignificant
1990,6,0.807,NaN,NaN,0.160,0.594,0.163,160.123,0.855,2.200,2.957,NaN,Complete
1997,7,0.664,40.616,1.487,0.227,0.250,0.238,399.777,0.813,1.577,NaN,0.227,Extensive
2000,12,2.148,32.990,1.985,0.339,0.378,0.456,242.253,0.305,NaN,1.223,0.204,Moderate
1977,11,0.840,24.611,1.655,0.139,0.246,0.357,245.334,0.578,1.295,2.371,0.756,Complete
2006,4,0.563,35.933,1.715,NaN,0.463,0.449,642.650,0.384,0.603,0.656,0.000,Slight
2006,10,1.171,37.099,1.838,0.178,0.297,0.351,682.278,0.783,0.567,0.800,0.000,Moderate
2005,6,0.661,33.826,2.149,0.207,0.252,0.463,161.278,0.844,1.663,1.222,0.155,Moderate
1959,13,1.110,22.155,1.059,NaN,0.388,0.569,NaN,0.324,0.578,2.550,1.365,Complete
2012,6,0.850,34.768,2.119,0.128,0.058,0.426,205.999,0.221,0.320,0.314,0.000,Slight
1983,3,0.332,26.333,1.394,0.129,0.349,0.135,290.734,0.514,0.499,0.228,0.000,None_or_Insignificant
1997,8,0.926,26.063,1.560,0.271,0.254,0.038,283.757,0.223,0.564,0.804,0.034,Moderate
1967,4,0.490,18.000,0.800,0.136,0.417,0.379,409.332,0.481,0.730,2.122,0.808,Extensive
1991,6,0.576,29.096,1.159,0.215,0.329,0.451,355.692,0.297,0.601,0.883,0.041,Slight
2013,17,2.030,43.491,2.845,0.230,0.239,0.458,376.066,0.312,0.243,0.363,0.000,None_or_Insignificant
2009,5,NaN,32.351,1.456,0.187,0.137,0.316,469.402,0.487,0.681,0.320,NaN,None_or_Insignificant
1961,3,0.297,NaN,0.800,0.127,0.299,0.389,NaN,NaN,0.050,0.054,0.000,None_or_Insignificant
1970,8,0.816,29.477,NaN,0.205,0.229,0.366,225.509,0.342,0.700,1.758,0.456,Extensive
1992,5,0.749,30.770,1.668,0.080,0.329,0.219,750.730,0.123,0.184,0.378,0.000,None_or_Insignificant
1992,NaN,0.818,29.039,1.682,0.282,0.154,0.139,166.814,0.104,0.292,0.643,0.000,Slight
1973,7,0.767,22.869,1.582,0.129,0.386,0.274,NaN,0.597,0.973,1.851,0.506,Extensive
2009,4,0.504,35.209,1.734,0.191,0.531,0.261,248.804,0.183,0.306,0.129,0.000,Slight
1985,7,0.726,23.614,1.408,0.242,0.322,0.241,292.838,0.064,NaN,0.413,0.000,Slight
1966,7,0.831,18.000,1.050,0.147,0.179,0.273,274.246,0.095,NaN,0.748,0.103,Moderate
2012,7,NaN,33.808,2.086,0.172,NaN,0.073,154.227,0.658,1.208,1.008,0.120,Moderate
1963,3,0.283,22.803,0.800,0.133,0.203,0.172,956.395,0.333,0.435,0.851,0.091,Moderate
1995,6,0.631,24.474,1.119,0.139,0.202,0.269,694.426,0.267,0.289,0.197,0.000,None_or_Insignificant
2001,10,1.540,35.605,1.749,0.321,0.354,0.435,NaN,0.068,0.109,0.248,0.000,None_or_Insignificant
1999,5,0.547,26.806,1.030,0.172,0.250,0.264,445.293,0.547,0.551,0.796,0.047,Moderate
1985,8,0.858,NaN,1.522,0.221,0.504,0.334,NaN,0.179,NaN,0.444,0.000,Slight
NaN,7,0.782,29.633,NaN,0.156,0.356,0.142,240.660,0.169,0.264,0.624,0.017,Moderate
1955,8,0.948,20.557,0.899,0.299,0.187,0.158,804.002,0.332,0.280,0.973,0.258,Moderate
2023,3,0.375,31.995,1.885,0.140,0.244,0.183,496.167,0.313,0.461,0.232,0.000,Slight
1980,11,NaN,27.886,1.217,0.308,0.357,0.147,150.361,0.771,2.120,5.119,3.097,Complete
NaN,NaN,0.963,34.766,1.742,0.270,0.327,0.260,506.288,0.288,0.507,0.987,NaN,Moderate
1956,6,0.737,24.211,1.810,0.224,0.260,0.031,797.699,0.139,0.132,0.371,0.000,None_or_Insignificant
1997,8,0.920,29.705,1.531,0.176,0.182,0.136,351.812,0.857,1.360,1.989,0.311,Extensive
2019,10,0.779,37.756,2.187,0.314,0.501,0.404,NaN,0.309,0.464,0.571,0.000,None_or_Insignificant
2017,10,1.070,35.361,2.407,0.265,0.188,0.460,275.263,0.160,0.371,0.808,0.000,Slight
2001,5,0.587,39.038,NaN,0.123,0.348,0.123,455.291,0.870,1.051,0.914,0.004,Moderate
2015,6,0.799,43.356,2.156,NaN,0.301,0.199,457.061,0.378,0.793,0.869,NaN,Slight
1977,10,1.360,22.906,1.925,0.241,0.792,0.296,370.157,0.351,0.566,1.466,0.380,Extensive
1984,6,0.623,19.468,1.695,0.118,0.121,0.291,191.971,0.172,NaN,0.257,0.000,None_or_Insignificant
1974,14,1.372,24.322,1.779,0.282,NaN,0.627,189.497,0.301,0.930,2.974,1.728,Complete
1955,6,0.663,27.564,1.452,0.222,0.341,0.374,251.512,0.373,0.651,0.756,0.059,Moderate
2001,8,1.058,32.111,2.064,0.195,0.370,NaN,609.025,0.106,0.099,0.168,NaN,None_or_Insignificant
1994,8,1.078,28.223,1.842,0.231,0.484,0.110,NaN,0.194,0.475,0.625,0.000,Slight
1980,7,0.702,21.655,1.179,0.300,0.153,NaN,471.889,0.372,0.705,1.519,0.461,Extensive
2010,5,0.754,32.872,NaN,0.162,0.211,0.202,195.655,0.313,0.714,0.758,0.011,Moderate
2023,8,0.979,39.509,1.828,0.145,0.020,0.158,819.052,0.210,0.218,0.177,0.000,Slight
1976,7,0.505,NaN,0.856,0.161,0.303,0.338,676.767,NaN,0.190,0.300,0.000,Slight
2001,10,0.945,30.128,1.511,0.266,0.249,0.301,306.826,0.087,0.085,0.030,0.000,None_or_Insignificant
1972,6,0.654,NaN,0.800,0.174,0.036,0.275,192.851,0.171,0.342,0.886,0.123,Moderate
2005,7,0.961,31.153,1.451,0.157,0.210,0.272,751.348,0.062,NaN,0.330,0.000,None_or_Insignificant
2005,8,0.932,32.587,1.284,0.182,0.144,0.253,255.883,0.791,0.678,0.996,0.077,Moderate
NaN,14,NaN,29.542,2.399,0.222,0.514,0.332,627.217,0.303,0.255,0.946,0.058,Slight
1986,6,0.615,31.343,1.491,0.205,0.141,0.408,NaN,0.511,0.966,NaN,0.006,Moderate
2011,8,0.826,36.829,1.854,0.272,0.256,0.288,699.522,0.203,0.258,0.096,0.000,None_or_Insignificant
1964,7,1.117,18.000,1.138,0.190,0.308,0.161,945.479,0.111,0.172,0.535,0.032,Slight
1983,8,0.687,31.681,1.282,0.186,0.174,0.388,156.767,0.424,1.099,1.483,0.246,Moderate
1977,10,1.005,29.178,NaN,0.188,0.294,0.369,286.535,0.299,0.596,1.571,0.586,Extensive
1991,6,0.965,30.322,1.543,0.149,0.318,NaN,653.920,0.500,0.910,NaN,0.212,Moderate
NaN,10,0.896,NaN,2.127,0.312,0.360,0.161,255.994,0.144,0.381,0.274,0.000,Slight
1991,10,1.083,28.918,1.354,0.260,0.286,0.382,165.384,NaN,1.311,2.770,0.649,Complete
2011,4,0.373,37.078,2.043,0.080,0.315,0.050,158.624,0.559,0.679,0.148,0.000,Slight
2018,4,0.446,38.401,1.886,0.133,0.329,0.223,560.858,0.708,1.090,0.758,0.000,Slight
NaN,8,1.151,29.067,2.275,0.187,0.169,0.496,341.020,0.616,0.589,0.683,0.000,Moderate
2005,9,0.894,34.074,2.366,0.139,0.124,0.635,489.326,0.078,0.164,0.441,0.000,Slight
2010,7,0.770,33.186,2.110,0.234,0.314,0.313,171.639,0.270,NaN,0.456,0.000,Slight
1998,9,1.059,31.790,2.050,0.185,0.103,0.309,154.274,0.417,0.655,0.820,0.000,Slight
NaN,11,1.196,28.526,1.459,0.120,0.774,0.170,207.185,0.263,0.438,1.472,0.309,Extensive
1977,NaN,0.317,26.523,NaN,0.241,0.484,0.443,275.920,0.337,0.730,0.660,0.050,Slight
2016,7,0.669,41.875,2.078,0.247,0.216,0.071,248.243,0.295,0.499,0.819,0.000,Moderate
1995,5,0.558,28.199,0.935,0.187,0.246,0.331,383.530,0.155,0.229,NaN,0.001,Moderate
1956,8,1.250,24.438,1.095,0.224,0.323,0.131,578.104,0.314,0.425,1.413,0.300,Extensive
2012,8,0.975,30.202,1.971,0.234,0.044,0.525,827.618,0.350,0.388,0.581,0.000,Slight
1984,NaN,0.806,24.335,1.110,NaN,NaN,0.066,691.343,0.734,0.860,1.661,0.233,Extensive
1983,14,1.601,28.934,1.845,0.288,0.175,0.452,401.953,0.429,1.038,2.902,0.791,Complete
1984,NaN,1.377,38.058,1.648,0.280,0.371,0.296,880.674,0.482,0.480,1.013,0.095,Moderate
NaN,8,0.929,38.063,1.887,0.179,0.704,0.687,370.140,0.169,0.399,0.330,NaN,Slight
NaN,7,0.959,22.042,0.800,0.102,0.363,0.447,634.038,0.450,0.481,1.704,0.413,Extensive
NaN,4,NaN,NaN,1.348,0.174,0.419,0.279,611.520,0.208,0.224,0.203,NaN,None_or_Insignificant
2007,7,1.141,37.350,2.362,0.221,0.107,0.386,NaN,0.099,0.146,NaN,0.000,None_or_Insignificant
1988,5,0.753,32.381,NaN,0.171,0.345,0.125,289.532,0.867,1.145,2.067,0.473,Extensive
NaN,10,1.224,NaN,1.175,0.222,0.204,0.182,168.163,0.477,0.647,2.111,0.866,Complete
1993,6,0.701,24.796,1.736,0.165,0.366,0.161,964.187,0.119,0.097,NaN,0.000,None_or_Insignificant
1995,10,1.198,34.051,1.570,0.260,0.193,0.136,NaN,0.119,0.162,0.559,0.000,Slight
2011,9,NaN,36.940,2.104,NaN,0.216,0.138,NaN,NaN,0.884,NaN,0.000,Slight
1963,8,0.837,23.860,1.584,0.195,NaN,0.114,967.817,0.577,0.659,1.405,0.244,Moderate
NaN,8,0.840,NaN,1.556,0.179,0.472,NaN,381.763,0.580,1.042,1.315,0.150,Moderate
1979,8,0.996,25.466,1.365,0.237,0.222,0.307,NaN,0.541,0.988,2.363,1.647,Complete
2002,5,0.600,38.661,1.478,0.136,0.386,0.206,239.193,0.452,0.520,0.654,0.000,Moderate
1979,4,0.349,19.410,1.080,NaN,0.472,0.082,275.109,0.330,0.575,0.959,0.132,Moderate
1968,5,NaN,20.042,0.928,0.155,NaN,NaN,903.200,0.085,0.116,0.431,NaN,Slight
1959,18,2.659,30.766,1.565,0.378,NaN,0.280,598.208,NaN,0.123,0.665,0.080,Moderate
1993,9,1.291,24.240,1.627,0.170,0.302,0.244,586.961,0.306,0.513,NaN,0.192,Moderate
NaN,9,1.060,NaN,2.375,0.284,0.192,0.373,170.334,0.286,0.689,0.532,NaN,Slight
1997,3,0.356,NaN,0.983,NaN,0.190,0.623,1027.057,0.054,0.052,0.238,0.000,None_or_Insignificant
1983,7,0.882,NaN,1.159,0.230,0.148,0.114,610.532,0.133,0.229,0.096,0.000,Slight
2023,NaN,0.664,39.534,2.448,0.180,0.391,0.296,562.332,0.577,0.923,0.849,0.000,Moderate
1973,11,1.196,28.108,1.542,0.179,0.447,0.430,339.008,0.414,0.877,2.245,0.684,Extensive
NaN,7,0.543,25.480,1.369,0.203,0.345,0.252,700.995,0.580,0.908,1.174,0.184,Moderate
2013,6,0.553,34.236,2.242,0.192,0.167,0.210,576.266,0.575,0.619,NaN,0.000,Slight
2000,8,0.903,39.320,2.235,0.195,0.136,0.423,739.226,0.290,0.380,0.495,0.000,Slight
2004,6,0.695,39.947,1.967,0.170,0.603,0.341,576.739,0.327,0.288,0.040,0.000,None_or_Insignificant
1971,13,1.718,26.482,1.339,0.399,0.555,0.256,204.160,0.416,0.889,4.147,3.200,Complete
1972,6,0.477,31.857,1.678,0.151,0.312,0.164,232.586,NaN,0.723,0.920,0.160,Moderate
2013,4,0.561,36.371,1.898,NaN,0.369,0.228,683.538,0.302,0.279,0.435,0.000,Slight
1965,6,0.760,22.192,1.041,0.195,NaN,0.576,319.912,0.153,0.173,0.608,0.066,Moderate
1969,8,NaN,18.000,0.800,NaN,0.364,0.250,934.900,0.191,0.236,0.864,0.102,Moderate
1988,13,NaN,37.319,1.866,0.225,0.147,0.220,205.343,0.392,0.574,1.113,NaN,Moderate
1960,3,0.280,18.000,1.195,0.080,NaN,0.276,581.676,0.230,0.487,0.589,0.056,Moderate
2020,4,0.394,35.784,1.852,0.246,0.326,0.092,971.031,0.060,0.076,0.138,0.000,None_or_Insignificant
2004,11,1.144,31.188,2.043,0.148,0.514,NaN,192.609,0.262,0.705,1.023,0.121,Moderate
1966,6,0.776,22.064,0.970,NaN,0.407,0.492,274.007,0.130,0.231,0.638,0.059,Slight
1955,6,0.603,27.648,1.301,0.176,0.666,0.139,NaN,0.172,0.249,0.155,0.000,None_or_Insignificant
1957,7,0.835,20.902,1.441,0.210,0.211,0.317,177.096,0.187,0.485,1.372,0.262,Extensive
1999,6,0.684,28.485,NaN,0.179,0.208,0.189,395.057,NaN,0.749,0.853,0.043,Moderate
1993,5,0.647,25.961,2.042,0.203,0.099,0.454,644.047,0.171,0.180,0.356,0.000,Slight
NaN,12,1.210,32.605,NaN,0.291,0.118,0.102,438.843,0.151,0.250,0.560,0.000,Slight
1980,9,1.292,NaN,1.162,0.285,0.203,0.273,272.568,0.571,0.659,1.034,0.088,Moderate
1985,4,0.469,29.083,1.328,NaN,0.453,0.016,313.496,0.427,0.803,0.315,0.000,Slight
1975,6,0.726,18.000,0.911,0.154,0.175,0.208,308.960,0.525,0.797,2.153,1.218,Complete
1964,6,0.713,18.000,0.983,0.185,0.310,0.432,441.535,0.687,0.907,2.691,1.986,Complete
1982,6,0.488,27.089,1.862,NaN,0.239,0.137,254.163,0.076,0.135,0.030,0.000,None_or_Insignificant
2015,13,2.164,44.372,2.573,0.308,0.072,0.499,1005.148,0.137,0.112,0.030,0.000,None_or_Insignificant
1960,7,0.666,23.036,1.449,0.169,0.137,0.328,204.932,0.636,1.447,NaN,1.392,Complete
1978,7,1.091,24.614,1.799,NaN,0.264,0.398,248.804,0.174,0.329,0.928,0.164,Moderate
2011,6,0.828,NaN,1.973,0.277,0.267,0.203,521.039,0.313,0.691,0.668,0.000,Slight
2017,7,0.973,46.048,1.924,0.230,0.246,0.167,427.865,0.225,0.324,0.304,0.000,Slight
NaN,6,0.680,32.492,1.368,0.188,0.229,0.277,902.692,0.564,0.654,1.164,0.191,Moderate
1981,4,0.540,31.539,1.195,0.209,0.184,NaN,410.786,NaN,0.419,0.648,0.000,Slight
1991,8,0.909,29.548,1.594,0.174,0.218,0.166,NaN,0.419,0.648,1.159,NaN,Moderate
2003,5,0.542,37.202,1.859,0.123,0.444,0.095,464.191,0.347,0.459,0.258,0.000,None_or_Insignificant
2006,12,1.204,40.463,2.582,0.244,0.291,0.247,254.284,0.246,0.653,0.945,0.000,Moderate
1956,6,0.699,23.512,1.205,0.148,0.509,0.115,465.652,0.559,0.917,1.594,0.377,Moderate
1997,4,0.527,32.520,1.932,0.164,0.266,NaN,476.793,0.175,0.324,0.110,0.000,None_or_Insignificant
1996,9,0.916,26.768,1.115,0.236,0.491,0.604,559.526,0.590,0.714,1.621,0.326,Extensive
2008,15,1.923,31.674,2.531,0.259,0.286,0.526,608.663,0.482,NaN,1.156,0.099,Moderate
2019,8,0.784,36.265,2.165,0.334,0.551,0.084,159.452,0.138,NaN,0.389,0.000,Slight
1984,7,0.797,27.732,1.647,0.129,0.396,0.215,208.366,0.342,0.830,1.328,0.198,Moderate
2011,5,0.482,42.544,2.016,0.084,0.187,0.067,449.427,0.568,0.993,0.456,0.000,Slight
1988,10,1.451,33.586,NaN,0.398,0.253,0.221,350.277,0.261,0.217,0.510,0.000,Slight
2013,7,0.970,42.422,2.105,0.168,0.130,NaN,317.553,0.225,0.375,0.500,0.000,Slight
1972,13,1.706,26.039,NaN,0.220,0.560,0.314,316.101,0.289,0.637,2.656,1.044,Complete
1971,4,0.365,30.044,1.390,0.155,0.136,0.487,311.401,0.309,0.416,0.451,NaN,Slight
1982,14,2.140,24.149,1.495,0.356,NaN,0.279,244.795,0.067,0.097,0.517,0.002,Slight
2005,9,1.042,34.866,NaN,0.192,0.159,NaN,200.029,0.321,0.830,0.873,0.006,Moderate
1967,NaN,2.200,NaN,1.687,0.366,0.390,0.571,151.887,0.455,0.852,5.424,3.200,Complete
1959,11,1.264,22.343,0.941,0.191,0.262,0.455,622.113,0.327,0.551,1.904,0.495,Extensive
1994,9,0.929,NaN,1.696,NaN,0.387,0.561,365.152,0.080,0.070,0.464,0.000,Slight
NaN,13,1.440,24.014,1.353,0.294,0.195,0.155,178.813,0.313,0.522,2.056,0.997,Complete
2022,6,NaN,35.899,2.423,0.267,0.214,0.231,370.964,0.259,0.473,0.404,0.000,Slight
NaN,8,1.102,36.942,1.917,0.244,0.423,0.085,179.212,0.275,0.615,0.665,0.000,Slight
2015,NaN,0.363,46.838,1.750,0.209,0.258,0.593,936.409,0.187,NaN,0.561,0.000,Slight
2005,7,0.753,32.856,0.970,0.240,0.302,NaN,731.683,0.381,0.385,0.228,0.000,None_or_Insignificant
2013,10,1.328,40.131,2.589,0.201,0.391,0.511,706.503,0.536,1.107,0.785,0.000,Slight
2016,9,1.039,37.552,1.801,0.224,0.478,0.504,NaN,0.095,0.106,0.451,0.000,Slight
1962,6,0.725,18.846,1.166,0.080,0.487,0.176,520.603,0.391,0.573,1.584,0.318,Extensive
1998,12,1.414,39.441,2.182,0.284,0.397,0.099,664.362,0.192,0.120,0.335,NaN,Slight
2020,3,0.315,34.840,2.078,0.161,0.522,0.137,768.879,0.152,0.105,0.030,0.000,None_or_Insignificant
2005,6,0.687,35.544,2.145,0.171,0.401,0.243,271.612,0.112,0.293,0.030,0.000,None_or_Insignificant
1958,10,NaN,27.846,1.972,0.222,0.171,0.164,NaN,0.607,1.465,3.690,1.569,Complete
2009,9,0.993,33.252,1.555,0.246,0.402,0.300,NaN,0.656,1.378,1.679,0.270,Extensive
1998,6,0.754,30.207,1.402,NaN,0.069,0.456,NaN,0.182,0.287,0.641,0.000,Slight
2018,6,0.676,33.096,2.093,0.215,0.222,0.450,267.562,0.075,0.121,0.222,0.000,Slight
2004,7,1.138,30.470,2.030,0.123,0.287,0.336,265.878,0.651,1.344,1.674,0.393,Extensive
1980,11,1.139,30.326,1.919,0.219,0.221,0.241,693.671,0.559,1.062,1.881,0.429,Extensive
1958,9,0.977,26.776,1.134,0.177,0.099,0.515,1091.255,0.684,0.787,2.095,NaN,Extensive
1956,NaN,1.067,25.061,1.683,0.230,NaN,0.340,602.590,0.158,0.270,0.639,0.029,Slight
2006,16,1.580,36.762,2.188,NaN,0.260,0.588,169.758,0.850,0.828,1.666,0.316,Extensive
1963,9,1.142,26.502,1.182,0.213,0.105,0.583,337.596,0.773,1.942,6.020,NaN,Complete
2009,8,0.899,37.002,1.063,0.208,0.618,0.335,165.049,0.740,1.653,2.225,0.430,Extensive
1967,6,0.588,19.818,NaN,NaN,0.304,0.237,448.280,0.154,0.185,0.991,0.220,Moderate
1976,5,0.482,18.020,0.919,0.212,0.278,0.153,NaN,NaN,0.579,1.175,0.177,Moderate
1993,9,1.014,32.467,2.001,0.172,0.104,0.284,861.125,0.094,0.094,0.030,0.000,None_or_Insignificant
NaN,5,0.319,35.992,2.353,0.245,0.202,0.259,161.451,0.565,0.714,0.285,0.000,Slight
NaN,9,1.072,20.504,1.983,0.267,0.149,0.376,639.210,0.163,0.195,0.691,0.055,Moderate
2008,14,1.728,32.279,1.750,0.349,0.528,0.449,626.304,0.175,0.136,NaN,0.000,None_or_Insignificant
2022,10,1.143,44.464,2.318,0.243,0.358,0.273,453.958,0.056,0.062,0.284,0.000,None_or_Insignificant
1960,6,NaN,23.221,0.800,0.267,0.513,0.696,NaN,0.142,0.182,0.259,0.000,Slight
1969,8,0.785,24.436,1.636,0.207,0.278,0.199,612.551,0.334,0.383,0.733,0.062,Slight
1969,11,1.411,20.786,NaN,NaN,0.307,0.563,479.743,0.326,0.631,2.649,1.052,Complete
1991,6,0.511,27.593,0.988,0.231,0.644,0.379,738.384,0.163,0.117,0.280,0.000,Slight
2021,10,1.126,37.012,2.164,0.356,0.129,0.329,659.267,0.284,0.580,0.483,0.000,Moderate
2004,12,1.071,44.254,2.270,0.222,0.531,0.274,425.235,0.652,1.565,1.306,0.103,Moderate
NaN,6,NaN,24.455,1.143,0.238,0.433,0.139,473.505,0.064,0.098,0.328,0.000,None_or_Insignificant
2003,8,0.753,28.098,1.682,0.182,0.270,0.374,892.153,0.086,0.111,0.030,0.000,None_or_Insignificant
1989,15,NaN,31.026,1.859,0.228,0.333,0.307,NaN,0.078,0.180,0.419,0.000,Slight
1983,6,0.746,31.412,1.035,0.185,0.515,0.123,278.189,0.422,0.592,0.487,NaN,Slight
1999,8,0.769,29.690,1.473,0.246,0.150,0.262,563.310,0.184,0.285,0.377,0.000,None_or_Insignificant
1998,8,0.723,34.883,1.128,NaN,0.051,NaN,153.144,0.147,NaN,0.496,0.000,Slight
1996,NaN,0.841,18.000,1.355,0.193,NaN,0.288,157.867,0.563,1.640,3.957,3.200,Complete
2009,7,0.688,32.209,1.374,0.204,0.300,0.049,207.182,0.552,1.426,1.742,0.341,Extensive
1995,5,0.506,29.984,1.792,0.171,0.141,0.086,NaN,0.077,0.193,0.381,0.000,Slight
2010,8,0.690,36.823,1.689,0.169,0.031,0.548,501.817,0.880,1.094,0.972,0.052,Moderate
1980,9,0.672,25.112,0.800,0.236,0.343,0.221,286.082,0.142,0.238,0.387,0.000,Slight
1956,9,0.753,18.000,0.800,0.276,0.507,0.366,328.432,0.492,0.686,2.111,0.957,Complete
1998,7,0.912,23.981,1.864,0.249,0.162,0.022,237.625,0.316,NaN,1.200,0.131,Moderate
2001,8,NaN,37.886,1.787,0.226,0.290,0.027,285.347,0.064,0.130,0.030,0.000,None_or_Insignificant
1969,6,0.985,18.000,0.800,0.239,0.562,0.468,497.143,0.205,0.286,0.993,0.112,Moderate
1957,5,0.494,19.453,0.989,0.213,0.083,0.342,NaN,0.085,0.073,0.401,0.000,Slight
2014,5,0.598,35.804,2.376,0.203,0.612,0.406,397.987,0.298,0.651,0.432,0.000,Moderate
2000,NaN,1.410,30.729,1.845,0.370,0.470,0.257,890.967,0.174,0.303,0.759,0.041,Moderate
2019,8,0.792,41.826,1.651,0.147,0.260,0.278,155.613,0.137,0.275,0.247,0.000,None_or_Insignificant
1966,4,0.471,20.935,1.771,0.163,0.129,0.231,555.923,0.812,0.865,NaN,0.153,Extensive
2006,4,0.466,38.876,1.516,0.087,NaN,0.240,182.631,0.594,1.057,0.688,0.000,Moderate
NaN,5,0.705,32.187,1.061,NaN,0.454,0.455,NaN,0.311,0.472,1.193,0.213,Moderate
1967,6,0.589,22.896,1.075,0.182,0.055,0.094,291.904,0.239,0.346,0.856,0.171,Moderate
1984,12,NaN,30.485,2.110,0.258,0.335,NaN,NaN,0.164,0.335,0.658,0.000,Slight
2012,NaN,0.987,28.159,1.751,0.209,0.416,0.302,681.554,0.120,0.198,0.260,0.000,None_or_Insignificant
2002,6,NaN,34.362,1.418,0.190,0.268,NaN,949.555,0.248,0.250,0.262,0.000,None_or_Insignificant
1963,9,0.957,28.946,1.635,0.239,NaN,0.245,NaN,0.277,NaN,0.608,0.000,Slight
1972,6,0.520,26.078,1.281,0.114,0.319,0.111,309.155,0.116,0.207,0.194,NaN,None_or_Insignificant
2020,NaN,NaN,40.096,2.282,0.248,0.228,0.732,318.626,0.341,0.573,1.032,0.047,Moderate
NaN,13,1.343,31.557,1.596,0.273,0.660,0.412,NaN,NaN,0.329,0.841,0.048,Moderate
2017,8,0.649,41.006,2.384,0.246,0.324,0.385,964.308,0.257,0.283,0.473,0.000,Slight
1977,8,0.912,26.341,2.131,0.215,0.321,0.118,170.871,0.663,1.679,3.252,1.275,Complete
1973,NaN,1.092,31.576,1.877,0.138,0.232,0.270,334.841,0.372,NaN,1.694,0.458,Extensive
NaN,12,1.145,38.697,2.234,0.251,0.708,0.305,617.296,0.080,NaN,0.359,0.000,Slight
2009,8,0.578,27.973,1.430,0.107,0.277,0.076,265.682,0.865,1.423,1.199,0.199,Moderate
1980,4,0.380,25.778,1.837,0.094,0.318,0.216,653.649,0.147,0.137,0.243,0.000,None_or_Insignificant
1998,9,NaN,33.076,1.651,0.185,0.079,0.403,316.801,0.201,0.436,0.841,0.003,Slight
2005,14,NaN,31.507,1.892,0.319,0.403,0.691,437.834,0.868,1.134,2.503,0.468,Complete
2009,14,1.653,33.560,NaN,0.338,0.536,0.219,662.634,0.560,0.579,1.441,0.253,Moderate
1981,4,0.326,31.840,1.689,0.135,0.287,0.118,587.002,NaN,0.505,0.603,NaN,Moderate
1966,6,0.619,21.891,1.325,NaN,NaN,0.572,554.553,0.100,0.134,0.115,0.000,None_or_Insignificant
2019,7,0.801,43.627,2.366,0.187,0.552,0.608,NaN,0.069,0.172,0.030,0.000,None_or_Insignificant
1977,10,NaN,18.000,1.335,0.209,0.281,0.529,349.658,NaN,0.264,1.370,0.321,Moderate
1973,9,0.956,NaN,1.346,0.319,NaN,0.095,396.749,0.867,1.736,4.443,3.200,Complete
2009,14,1.589,38.474,2.427,0.347,0.252,0.171,183.542,0.177,0.199,NaN,0.000,Slight
1973,6,0.573,23.999,1.319,0.273,0.072,0.116,822.536,NaN,0.424,0.669,0.080,Slight
2015,7,0.668,34.650,2.346,0.189,0.192,0.061,624.701,0.555,0.756,NaN,NaN,None_or_Insignificant
1980,4,0.387,28.036,1.609,NaN,0.541,0.134,665.783,0.267,0.194,0.581,0.000,Moderate
1985,3,0.294,33.752,1.691,0.128,0.309,0.288,292.124,0.628,0.741,0.359,0.000,Slight
1974,8,0.798,24.003,1.945,0.176,0.201,NaN,387.115,0.880,0.911,1.482,0.282,Extensive
NaN,6,0.474,32.085,1.556,0.136,0.020,NaN,475.754,0.400,0.791,0.845,0.021,Moderate
2000,7,0.676,36.725,1.454,0.223,0.198,0.207,751.655,0.143,0.242,0.076,0.000,None_or_Insignificant
2012,4,0.427,31.960,2.009,0.179,0.583,0.036,707.218,0.154,0.304,0.641,0.000,Slight
2000,5,0.552,30.762,NaN,0.179,0.166,0.279,592.399,NaN,0.137,0.030,0.000,None_or_Insignificant
2011,6,0.600,35.709,1.573,0.218,NaN,0.152,187.913,0.326,0.752,0.990,0.077,Moderate
1974,5,0.692,29.951,0.800,0.193,0.685,NaN,879.466,0.253,0.312,0.528,0.030,Slight
2014,5,0.759,43.661,2.117,0.251,0.331,0.285,208.266,0.326,0.638,0.489,0.000,Slight
2012,14,1.366,27.778,1.738,0.298,NaN,0.210,334.077,0.357,0.690,1.419,0.233,Extensive
2019,9,0.865,45.233,2.506,0.246,0.391,0.158,164.776,0.233,0.514,0.488,0.000,Slight
1978,8,0.766,30.097,1.041,0.192,0.509,0.565,710.352,0.582,0.583,1.365,0.229,Moderate
1965,12,1.146,18.000,1.624,0.342,0.311,0.575,181.813,0.328,0.473,2.028,0.588,Extensive
2007,7,0.839,32.965,1.620,0.278,NaN,0.010,313.200,0.613,1.177,1.080,NaN,Moderate
2004,5,0.540,37.939,1.990,0.216,0.136,NaN,276.909,0.684,1.080,1.006,0.039,Moderate
1988,4,0.403,27.401,1.141,0.221,0.418,NaN,1056.438,0.344,0.358,0.438,0.000,Slight
1971,8,0.896,24.107,1.462,0.144,0.464,0.709,419.262,0.676,1.566,3.433,1.871,Complete
1961,8,1.171,29.518,1.491,NaN,0.409,0.284,596.383,0.342,0.585,1.592,0.308,Extensive
1986,5,0.770,27.945,NaN,0.183,NaN,0.153,183.064,0.121,0.258,0.664,0.010,Slight
2004,6,0.608,30.644,2.351,0.227,0.389,0.277,358.454,NaN,NaN,0.030,NaN,None_or_Insignificant
NaN,6,0.699,24.724,0.920,0.170,0.129,NaN,348.149,0.243,0.269,0.699,0.092,Moderate
1976,6,0.624,30.255,1.754,0.258,0.134,0.307,727.068,0.057,0.076,0.352,0.000,Slight
2001,7,0.755,35.104,1.708,0.207,0.419,0.010,215.498,0.413,0.791,0.937,NaN,Slight
2017,6,0.972,39.509,1.677,0.147,0.143,0.487,395.120,0.178,0.297,0.695,0.000,Slight
1985,6,0.861,20.133,1.454,0.262,0.156,0.080,156.616,0.311,0.586,1.110,0.126,Moderate
1997,9,0.796,29.663,1.459,0.217,0.599,0.320,NaN,0.223,NaN,0.432,0.000,Slight
1974,8,1.001,24.653,NaN,0.190,0.089,0.638,NaN,0.087,0.189,0.635,0.037,Slight
1989,8,0.963,36.992,2.362,0.230,0.735,0.239,1011.538,0.303,0.448,0.633,0.000,None_or_Insignificant
2010,14,1.241,32.724,2.017,0.362,0.394,0.214,NaN,NaN,0.470,0.691,0.009,Slight
2003,13,1.443,31.809,2.487,0.243,0.196,0.182,537.607,0.125,0.115,0.755,0.000,Slight
1982,5,0.504,29.242,1.490,0.203,0.157,0.405,259.754,0.546,0.927,1.526,0.251,Moderate
2012,6,0.736,31.902,1.937,0.191,0.096,0.471,228.373,0.080,0.153,0.234,NaN,Slight
1994,5,0.576,37.071,1.392,0.149,0.363,0.464,NaN,0.649,1.219,1.326,0.160,Extensive
1973,9,0.708,24.393,1.465,0.196,0.554,0.689,675.824,0.134,0.228,0.709,0.076,Slight
1989,11,0.950,28.120,1.803,0.281,0.488,0.490,363.454,0.256,0.604,0.992,0.057,Moderate
1956,7,1.040,19.956,0.801,0.179,0.365,NaN,253.931,0.365,0.653,2.514,1.309,Complete
1998,10,1.072,25.961,1.821,0.168,0.276,NaN,1035.979,0.126,0.159,0.471,0.000,Slight
1962,11,1.124,18.000,1.353,0.262,0.186,NaN,342.794,0.533,0.544,2.223,0.745,Extensive
NaN,NaN,0.953,33.535,1.359,0.237,0.250,0.437,491.095,0.120,0.224,0.179,0.000,None_or_Insignificant
1957,8,0.830,18.996,1.721,0.264,0.240,0.663,328.306,0.082,0.182,0.634,0.068,Moderate
1994,12,2.758,39.969,1.710,NaN,0.306,0.283,539.132,0.178,0.262,0.977,0.041,Moderate
1970,12,1.134,23.880,1.609,0.204,0.465,0.599,753.401,0.167,0.257,0.665,0.050,Slight
2009,6,0.662,37.195,2.105,0.148,NaN,0.273,349.651,0.218,0.346,0.631,0.000,None_or_Insignificant
2001,9,NaN,30.315,1.908,0.296,0.052,0.631,179.081,0.559,0.750,1.260,0.158,Moderate
2001,13,1.420,NaN,2.327,0.290,0.471,0.577,184.024,0.112,0.281,0.617,0.000,Moderate
1990,4,0.465,18.482,1.339,0.223,0.174,NaN,196.496,0.378,0.440,0.495,0.000,Slight
1958,NaN,1.290,21.080,0.955,0.137,0.246,0.329,168.909,0.180,0.490,NaN,1.092,Complete
1985,10,0.842,27.999,1.159,NaN,0.157,0.570,549.156,0.170,NaN,0.750,0.040,Moderate
1966,7,0.697,24.830,1.206,0.107,0.431,0.382,767.921,0.106,0.103,0.589,0.044,Slight
2012,6,0.676,28.535,1.863,0.168,0.585,0.298,263.513,0.190,0.380,0.649,0.000,Slight
1970,5,0.706,22.138,0.800,0.135,0.080,0.295,236.096,0.051,0.091,0.047,0.000,None_or_Insignificant
1977,8,0.923,18.000,1.015,0.246,0.735,0.301,246.168,NaN,NaN,NaN,0.222,Moderate
1983,11,1.341,29.607,1.700,NaN,0.236,0.687,393.486,0.627,0.573,NaN,0.149,Moderate
2010,5,0.782,33.979,2.186,0.110,0.322,0.461,430.332,0.633,0.803,0.475,0.000,Slight
2014,8,0.944,37.797,2.121,0.149,0.523,0.439,647.169,0.535,0.808,0.685,0.000,Moderate
1976,7,0.732,27.938,1.323,0.208,0.282,0.261,487.503,NaN,1.302,1.919,NaN,Extensive
1979,10,1.485,35.472,2.189,0.157,0.355,0.252,332.167,0.052,0.095,0.421,0.000,None_or_Insignificant
1958,5,0.645,24.571,1.643,0.138,0.154,0.200,885.476,NaN,0.225,0.456,0.000,Slight
1999,6,0.925,29.186,1.527,0.212,0.212,0.213,454.077,0.396,0.765,1.384,0.178,Moderate
1969,8,1.195,28.732,1.280,NaN,0.191,0.276,571.222,0.386,0.584,1.206,0.303,Moderate
2001,11,1.156,37.477,2.078,NaN,0.564,0.277,1073.605,0.264,0.229,0.425,NaN,Slight
1957,5,0.448,23.045,0.800,0.279,NaN,0.267,418.925,0.535,0.941,1.643,0.579,Extensive
1977,10,1.061,26.887,1.436,0.249,0.510,0.228,153.501,0.138,0.438,1.246,0.460,Extensive
1959,11,1.218,23.359,1.352,0.319,0.338,0.188,164.530,0.859,1.955,6.200,3.200,Complete
NaN,7,0.766,27.483,1.664,0.214,NaN,0.461,401.614,0.415,0.363,0.722,0.078,Moderate
2017,6,0.567,34.550,2.118,NaN,0.278,0.698,159.726,0.308,0.607,0.557,0.000,Slight
1985,NaN,2.346,36.415,2.185,NaN,0.129,0.115,612.113,0.327,0.233,0.508,0.000,Slight
2020,11,1.230,40.259,2.134,0.190,0.247,0.115,591.799,0.350,0.233,0.030,0.000,None_or_Insignificant
1956,4,0.469,18.624,0.820,0.189,0.244,0.171,525.908,0.233,0.456,1.412,0.251,Moderate
2013,8,0.600,34.728,2.149,0.222,0.508,0.600,309.259,0.545,1.384,1.138,0.097,Moderate
1983,5,0.508,29.870,1.111,0.182,NaN,0.413,227.103,NaN,0.750,0.625,0.000,Slight
1984,3,0.308,22.552,1.261,0.272,0.493,0.196,248.905,0.050,0.062,0.308,0.000,Slight
1998,15,1.718,33.340,1.883,0.305,0.304,0.221,159.227,0.586,1.559,3.623,2.785,Complete
1966,18,2.469,21.190,1.470,0.371,0.224,0.255,NaN,0.137,0.154,1.167,0.280,Moderate
NaN,5,0.578,24.614,1.872,0.081,0.364,0.203,342.462,0.322,0.525,0.209,0.000,Slight
1997,NaN,0.691,27.769,1.573,0.245,0.263,0.198,629.025,0.225,0.380,0.466,0.000,Slight
1971,7,0.927,21.575,0.800,0.261,0.397,0.347,691.774,0.266,0.477,1.417,0.248,Extensive
1965,NaN,1.033,27.323,1.515,0.245,0.342,0.592,907.101,0.277,0.364,0.890,0.132,Moderate
2015,16,2.619,37.657,2.240,0.274,0.274,0.470,316.338,0.321,0.425,0.960,0.036,Moderate
2007,NaN,0.450,NaN,1.590,0.249,0.519,0.142,730.087,0.289,0.478,0.502,0.000,Slight
2000,5,0.464,30.927,1.591,0.308,0.254,0.583,NaN,0.177,0.326,0.224,0.000,None_or_Insignificant
1957,9,1.093,19.301,1.177,0.203,0.619,0.571,721.493,0.152,0.259,0.999,0.130,Moderate
1967,8,NaN,18.915,1.060,0.162,0.438,NaN,271.984,0.418,0.447,1.544,0.398,Extensive
1997,NaN,0.874,32.190,1.721,0.129,0.532,0.559,352.452,0.529,1.196,1.462,0.170,Moderate
1963,9,0.745,26.526,1.306,0.193,0.318,0.496,267.265,NaN,0.879,1.690,0.320,Extensive
1973,6,0.923,27.323,1.348,0.187,0.171,0.575,446.701,0.848,1.828,4.193,2.184,Complete
1967,7,0.981,18.000,1.381,0.080,0.486,0.231,643.970,NaN,0.500,NaN,0.749,Extensive
1993,8,0.818,34.083,1.269,0.247,0.503,0.110,433.860,0.340,0.815,1.030,NaN,Moderate
1985,13,1.362,26.354,1.569,0.267,NaN,0.179,646.674,0.098,0.218,0.594,NaN,Slight
1982,11,1.143,25.803,1.578,0.286,0.137,0.221,276.982,NaN,1.315,3.025,1.125,Complete
2006,7,1.024,31.686,1.616,NaN,0.200,0.049,543.560,0.100,0.207,0.075,0.000,None_or_Insignificant
2015,6,0.692,44.532,2.477,0.226,0.368,0.174,NaN,0.160,0.225,0.165,0.000,None_or_Insignificant
1987,4,0.553,29.426,1.284,0.153,0.351,0.116,278.848,0.541,NaN,1.602,0.361,Extensive
2019,9,1.063,41.247,1.979,0.119,0.239,0.349,746.006,NaN,0.470,0.708,0.000,Slight
NaN,8,0.944,NaN,1.680,0.186,0.504,0.549,517.201,0.828,1.248,3.014,1.153,Complete
1971,6,0.893,NaN,1.603,0.115,0.179,0.664,602.653,0.330,0.494,1.063,0.140,Moderate
1981,7,0.592,31.050,1.006,0.168,0.263,NaN,486.534,0.133,0.224,0.030,0.000,None_or_Insignificant
1987,5,0.675,23.870,1.172,0.236,0.263,0.720,708.126,0.521,0.626,NaN,0.167,Moderate
2007,11,1.163,37.152,1.635,0.243,0.397,0.366,344.674,0.613,1.379,1.509,0.202,Moderate
NaN,6,0.618,20.432,1.149,0.127,0.217,0.250,192.141,NaN,0.120,0.341,0.000,Slight
2018,14,2.746,39.104,2.166,0.343,0.245,0.114,217.460,0.455,0.467,1.083,0.085,Moderate
1998,7,1.089,25.199,1.962,0.270,0.475,NaN,156.893,0.331,0.885,1.774,0.384,Extensive
2018,5,0.771,32.856,2.197,0.270,0.542,0.349,152.379,0.187,0.622,0.689,0.000,Moderate
1979,9,0.936,28.511,1.144,0.198,0.461,0.216,338.924,0.279,0.597,1.057,0.281,Moderate
1968,8,1.052,26.913,0.800,0.257,0.326,0.239,240.891,0.342,0.460,1.203,0.226,Extensive
2022,5,0.884,42.802,2.184,0.194,0.456,0.345,1002.648,0.409,0.525,NaN,0.000,Slight
NaN,8,0.694,26.082,1.496,0.138,0.579,0.280,690.085,0.435,0.343,0.852,0.107,Slight
1989,4,0.487,28.830,1.754,0.189,0.385,0.549,329.896,0.288,0.473,0.434,0.000,Slight
NaN,9,0.901,38.542,1.665,0.217,NaN,NaN,775.159,0.616,0.743,1.071,0.046,Moderate
1957,7,0.567,23.160,1.481,0.183,0.097,0.097,243.165,0.422,0.529,0.721,0.060,Moderate
1997,6,0.545,NaN,1.673,0.221,0.207,0.229,362.962,NaN,0.373,0.317,0.000,Slight
2010,7,0.765,NaN,1.645,0.208,0.234,0.704,726.690,0.476,NaN,0.613,0.000,Slight
NaN,10,1.354,35.548,1.582,0.262,0.219,0.242,275.613,0.266,0.299,0.413,NaN,Slight
1995,4,0.466,26.817,1.689,0.100,0.359,0.241,889.068,0.160,0.177,0.030,0.000,None_or_Insignificant
2020,4,NaN,41.591,1.900,0.182,0.037,0.344,164.506,0.187,0.202,0.080,0.000,None_or_Insignificant
NaN,13,2.023,30.307,2.019,0.292,0.238,0.160,727.061,0.392,0.265,0.654,0.000,Slight
1977,6,0.779,28.802,1.396,0.210,0.344,0.837,542.302,0.252,0.492,0.870,0.133,Moderate
1999,9,0.763,24.833,1.534,0.241,0.513,0.724,NaN,0.211,0.400,0.985,0.109,Moderate
1988,NaN,0.934,32.098,2.110,0.229,0.210,0.239,347.720,0.056,0.115,0.030,0.000,None_or_Insignificant
2014,6,1.002,36.110,2.214,0.142,0.297,0.150,739.930,0.141,0.189,0.107,0.000,None_or_Insignificant
NaN,10,0.913,34.351,1.962,0.241,0.037,0.394,268.144,0.302,0.486,0.356,0.000,Slight
2023,7,0.714,37.603,1.903,0.323,0.253,0.198,340.544,0.154,0.252,0.095,0.000,Slight
1964,4,0.520,27.643,NaN,0.080,0.307,0.203,538.996,0.402,0.424,0.359,0.000,Slight
NaN,8,0.904,36.662,2.037,0.138,0.620,0.177,988.690,0.092,0.109,NaN,0.000,Slight
1988,7,0.845,31.076,1.730,0.246,0.209,0.315,213.425,0.056,0.118,0.382,0.000,Moderate
2004,7,1.184,43.392,2.282,0.080,0.312,0.322,789.692,0.265,NaN,NaN,0.000,Slight
1972,10,1.432,24.066,0.990,0.242,0.203,0.333,965.556,0.396,0.305,1.119,0.308,Moderate
1992,14,NaN,33.394,1.889,0.376,0.302,0.604,357.001,0.324,0.480,1.184,0.100,Moderate
2012,8,0.799,33.211,1.488,0.285,0.230,0.226,692.057,0.157,0.216,0.169,0.000,None_or_Insignificant
2008,9,1.047,30.950,1.655,0.195,0.255,0.549,NaN,0.441,0.846,NaN,0.159,Moderate
2014,4,NaN,36.016,2.227,0.161,0.059,0.164,168.114,0.770,1.704,0.608,0.000,Moderate
1990,5,0.658,30.581,NaN,0.185,0.168,0.174,NaN,0.239,0.227,0.138,0.000,Slight
1979,5,0.586,24.739,NaN,NaN,0.114,0.306,178.403,0.180,0.254,0.363,0.000,Slight
1973,7,0.759,31.495,1.287,0.225,0.268,0.407,245.677,0.336,0.453,1.087,0.258,Moderate
2011,4,0.478,32.654,1.284,0.212,0.185,0.387,222.476,0.411,1.029,0.547,0.000,Slight
NaN,14,1.885,31.676,2.083,0.364,0.401,0.248,545.167,0.372,0.660,1.529,0.252,Extensive
2016,8,0.952,40.358,2.165,0.265,0.112,0.190,412.683,0.809,1.333,1.343,0.176,Moderate
2008,6,0.716,33.168,1.846,0.186,0.251,0.109,242.246,0.351,0.462,NaN,0.000,Slight
1955,7,0.865,20.906,1.445,0.234,0.147,0.141,294.991,0.150,0.283,0.690,0.053,Slight
2007,9,0.970,31.014,1.893,NaN,0.126,0.145,NaN,0.532,0.389,0.388,0.000,Slight
1962,13,1.450,23.818,1.249,0.254,0.708,0.824,318.651,0.213,NaN,2.507,1.662,Complete
2002,13,1.398,40.569,2.050,NaN,0.389,0.454,168.675,NaN,NaN,NaN,0.007,Moderate
1974,5,0.672,28.437,1.232,0.173,0.445,0.439,549.987,0.715,0.698,1.144,0.206,Moderate
1962,9,0.718,22.224,1.093,0.183,0.364,0.135,276.929,0.547,1.175,2.794,2.009,Complete
1977,4,0.474,22.741,1.723,0.187,0.545,0.486,316.367,0.346,0.364,0.198,0.000,Slight
1986,6,0.631,25.884,1.464,0.117,0.280,0.766,NaN,0.505,1.286,1.609,0.312,Extensive
1966,NaN,1.205,NaN,1.435,0.295,0.212,0.357,271.112,0.296,0.396,1.219,0.203,Moderate
NaN,6,0.671,NaN,1.937,0.172,0.332,0.495,320.815,NaN,0.230,0.169,0.000,None_or_Insignificant
1993,6,0.655,37.106,2.292,0.157,0.061,0.229,456.871,0.127,0.160,NaN,0.000,None_or_Insignificant
2014,5,0.593,38.270,2.001,0.080,0.246,0.429,327.626,0.111,0.235,0.191,0.000,None_or_Insignificant
1959,10,0.872,25.081,1.306,NaN,0.119,0.694,231.079,0.520,1.307,3.459,2.700,Complete
2014,9,1.202,41.441,1.963,0.214,0.291,0.340,459.511,0.108,0.230,0.302,0.000,None_or_Insignificant
2022,6,0.662,37.058,NaN,0.226,0.289,0.519,331.932,0.069,0.114,0.030,0.000,None_or_Insignificant
1986,6,0.838,NaN,1.325,0.185,0.298,NaN,1096.294,0.420,0.568,0.822,0.035,Moderate
1975,8,0.835,18.000,1.298,0.141,0.493,0.350,1006.664,0.538,0.626,1.895,0.737,Extensive
1979,9,1.182,32.312,1.418,0.181,0.281,0.272,159.557,0.200,NaN,0.298,0.000,None_or_Insignificant
NaN,8,0.918,34.784,2.141,0.134,0.651,NaN,NaN,0.082,0.116,0.030,0.000,None_or_Insignificant
1990,7,1.038,28.506,1.739,0.198,0.458,0.172,154.879,0.300,0.390,0.782,0.024,Moderate
1990,6,0.817,30.964,1.384,NaN,0.149,0.177,NaN,0.791,0.930,0.586,0.000,Slight
2014,6,0.695,39.753,2.085,0.159,NaN,0.058,473.545,0.110,0.203,0.354,NaN,Slight
2013,4,0.432,40.360,2.633,0.200,0.457,NaN,314.861,0.253,0.523,0.030,NaN,None_or_Insignificant
2021,3,0.298,40.148,1.867,0.150,0.198,0.143,153.014,0.237,0.385,0.303,0.000,Moderate
2007,7,0.880,29.400,2.088,0.204,NaN,0.320,162.976,0.305,1.066,1.284,0.212,Moderate
1997,8,0.786,29.010,1.154,0.272,0.315,0.493,1053.138,0.505,0.825,1.637,0.300,Extensive
2000,10,1.546,36.320,2.072,0.201,0.432,0.565,163.278,0.178,0.347,0.369,0.000,Slight
2010,5,0.535,30.823,1.609,0.080,0.199,0.051,414.828,0.250,0.612,0.618,0.000,Slight
1979,13,1.524,29.440,1.124,0.204,0.292,0.606,820.717,0.086,0.092,0.600,0.047,Slight
1978,6,0.755,19.021,1.159,0.274,NaN,0.360,233.001,0.534,0.577,1.901,0.940,Extensive
2011,8,0.936,31.889,1.078,0.219,NaN,0.379,NaN,0.156,0.553,0.673,0.013,Slight
2010,9,NaN,37.524,2.151,0.177,0.102,0.238,150.422,NaN,2.200,1.842,0.214,Extensive
1984,7,0.786,NaN,1.299,0.270,0.521,0.088,628.732,0.293,0.295,0.243,0.000,None_or_Insignificant
NaN,NaN,0.963,36.422,1.159,0.193,0.270,0.208,NaN,0.522,1.214,1.544,0.203,Extensive
2000,5,0.611,34.607,1.535,0.168,NaN,0.078,423.799,0.281,0.370,0.088,0.000,None_or_Insignificant
1993,8,0.841,30.419,1.246,0.179,0.318,0.168,423.588,0.315,NaN,NaN,0.015,Slight
2014,8,0.729,35.927,2.084,0.207,0.020,0.538,494.054,0.269,0.316,0.258,0.000,None_or_Insignificant
1970,11,1.138,19.680,1.135,0.247,0.389,0.641,197.083,0.279,0.556,2.175,0.508,Complete
1979,12,1.823,30.850,1.843,0.315,0.498,0.236,1092.320,0.229,0.152,NaN,0.000,Slight
2003,5,0.503,30.227,1.849,0.127,0.373,0.340,698.076,0.197,0.155,0.431,0.000,None_or_Insignificant
1995,8,0.968,30.356,1.912,0.213,0.077,0.157,NaN,0.473,1.064,1.152,0.141,Moderate
1968,7,1.018,23.363,0.990,0.204,0.380,0.077,1066.860,0.351,0.518,1.595,0.351,Extensive
1989,9,0.918,28.687,1.627,0.225,0.334,0.712,691.856,0.078,0.124,NaN,0.000,None_or_Insignificant
NaN,6,0.581,32.536,1.715,0.279,0.267,0.193,499.971,0.424,0.810,0.538,0.000,Slight
1975,7,NaN,NaN,1.804,0.151,0.332,0.532,672.335,0.168,0.278,0.446,0.000,Slight
1982,4,0.358,28.045,1.556,0.176,0.363,0.611,275.120,0.277,0.494,0.425,0.000,None_or_Insignificant
1978,7,0.769,25.872,1.678,0.259,0.519,0.173,976.676,NaN,0.703,NaN,0.336,Extensive
2017,4,0.684,37.492,1.797,NaN,NaN,0.098,238.533,0.300,0.510,NaN,0.000,Slight
1977,NaN,0.949,26.455,1.670,0.119,NaN,0.383,677.898,0.055,0.063,0.146,0.000,None_or_Insignificant
2022,NaN,0.801,34.799,2.194,0.168,NaN,NaN,446.875,0.851,1.599,1.346,NaN,Moderate
1961,5,0.649,23.155,1.283,0.136,0.164,0.168,728.493,0.622,0.692,1.060,0.153,Moderate
2005,9,0.686,35.420,1.540,0.258,NaN,0.612,231.886,0.528,0.915,0.692,0.000,Moderate
1987,6,0.551,27.472,1.184,0.115,0.240,0.224,488.854,0.182,0.274,0.523,0.000,Slight
1988,6,0.745,20.157,1.068,0.211,NaN,NaN,493.814,0.569,0.929,1.803,0.284,Extensive
2016,10,1.013,40.009,2.286,0.275,0.361,0.146,535.935,0.063,0.098,NaN,0.000,None_or_Insignificant
2013,4,0.568,39.393,1.955,0.243,0.418,0.094,460.867,0.565,0.895,0.235,0.000,None_or_Insignificant
1990,4,0.398,26.399,1.391,0.184,0.227,0.093,NaN,0.400,0.757,0.699,0.015,Moderate
2007,11,0.900,30.310,1.519,0.170,0.320,0.427,160.165,0.145,0.315,0.347,0.000,Slight
1965,9,1.120,23.906,1.130,NaN,0.493,NaN,822.996,0.170,NaN,1.016,0.186,Moderate
2022,9,NaN,40.630,1.913,0.172,0.125,0.264,565.647,NaN,0.964,1.124,0.103,Moderate
2006,3,0.328,35.545,1.707,0.176,0.309,0.097,200.885,0.195,0.242,0.030,0.000,None_or_Insignificant
1976,7,0.931,32.155,1.521,0.216,0.565,0.132,165.846,0.301,0.513,1.269,0.203,Extensive
1976,NaN,0.801,27.363,1.160,0.215,0.237,0.530,696.885,NaN,0.885,1.900,0.399,Extensive
1976,7,0.779,21.960,1.316,0.244,NaN,0.344,737.135,0.200,0.283,0.997,0.220,Moderate
1972,6,0.709,30.868,1.308,0.119,0.564,0.300,293.603,NaN,0.355,0.401,0.000,None_or_Insignificant
2017,8,0.920,47.739,2.016,0.286,0.311,0.160,NaN,0.309,0.695,0.566,0.000,Slight
2000,8,1.187,37.547,1.771,0.241,0.520,0.167,735.909,0.103,0.157,0.058,0.000,None_or_Insignificant
2022,9,1.222,46.607,2.070,0.207,0.493,0.347,162.308,0.157,0.320,0.334,0.000,Slight
1971,6,0.577,18.000,1.071,0.206,0.330,0.039,971.357,0.330,0.363,NaN,0.151,Moderate
2002,7,0.657,34.473,1.430,0.251,0.113,NaN,229.956,0.333,0.708,0.965,0.093,Moderate
1979,9,1.307,33.164,1.630,0.268,NaN,0.853,159.612,0.160,0.281,0.717,0.028,Moderate
1999,6,0.564,21.962,1.303,NaN,0.575,0.104,151.817,0.614,NaN,1.267,0.112,Moderate
2017,2,0.224,43.900,2.063,0.181,0.082,0.200,211.314,0.609,0.833,0.346,0.000,None_or_Insignificant
2012,7,0.835,34.008,1.448,0.144,0.152,0.181,774.087,0.455,0.735,NaN,0.057,Moderate
1993,10,0.873,26.927,1.503,0.275,0.281,0.089,889.585,0.156,0.184,0.287,0.000,None_or_Insignificant
2011,5,0.514,29.330,1.963,0.262,0.158,0.346,178.750,0.280,0.423,0.224,0.000,Slight
1992,9,1.141,28.042,NaN,0.173,0.279,0.522,357.851,0.140,0.153,0.342,0.000,Slight
1974,6,0.899,28.012,NaN,0.080,0.248,0.399,886.202,0.159,0.180,0.109,0.000,None_or_Insignificant
1992,4,0.369,22.080,1.229,NaN,0.369,0.125,184.435,0.293,0.479,0.639,0.020,Slight
2018,9,0.969,43.935,2.361,NaN,0.730,0.467,501.357,0.119,0.231,0.370,0.000,None_or_Insignificant
1970,5,0.431,24.524,0.843,0.146,NaN,0.162,NaN,0.545,0.684,1.315,0.262,Extensive
1991,7,0.774,26.026,1.783,0.263,0.306,0.265,691.760,0.342,0.404,0.484,0.000,Slight
2004,4,0.431,37.686,2.187,NaN,0.211,0.201,NaN,0.856,0.868,0.284,0.000,Slight
1982,7,1.126,27.439,1.895,0.191,0.370,0.286,327.988,0.556,1.006,1.746,0.460,Extensive
1955,6,0.779,18.997,1.161,0.250,0.213,0.299,427.677,0.329,0.600,1.570,0.305,Extensive
2000,5,0.501,31.548,1.921,0.227,0.153,0.123,151.401,0.126,0.201,0.277,0.000,None_or_Insignificant
1996,10,0.926,35.218,1.261,0.313,0.383,0.267,472.520,0.273,0.505,0.782,0.031,Moderate
2015,NaN,0.979,40.919,2.726,0.252,0.261,0.072,269.738,0.313,0.488,0.538,0.000,None_or_Insignificant
2001,4,0.361,37.900,1.589,0.338,0.195,0.227,NaN,0.310,0.598,0.682,0.000,Slight
1977,11,0.958,19.604,1.403,0.291,0.305,0.406,159.371,0.305,0.357,NaN,0.224,Extensive
1979,8,0.768,19.081,1.385,0.089,0.776,0.175,NaN,0.383,0.451,1.595,0.440,Extensive
1969,NaN,1.017,18.000,1.359,0.183,0.296,0.102,498.135,0.271,0.443,1.506,0.279,Extensive
2004,6,0.672,34.457,1.793,NaN,0.533,0.232,622.150,0.802,1.615,1.317,0.346,Moderate
1995,11,0.857,29.520,1.646,0.233,0.301,0.481,172.583,0.159,0.497,0.819,0.030,Moderate
1981,13,1.462,27.352,NaN,0.247,NaN,0.374,152.827,NaN,1.056,3.488,NaN,Complete
2023,5,0.594,37.063,2.448,0.110,0.121,0.431,333.239,0.255,0.272,0.155,0.000,None_or_Insignificant
2002,NaN,0.597,32.288,1.582,0.174,0.198,NaN,202.880,0.204,0.554,0.719,0.005,Moderate
1985,NaN,0.868,36.715,1.964,0.226,0.364,0.549,1070.427,0.070,0.051,0.030,0.000,None_or_Insignificant
2011,10,1.310,38.132,2.208,0.174,0.792,0.358,668.539,NaN,0.343,0.428,0.000,None_or_Insignificant
1979,NaN,1.034,31.326,1.387,0.282,0.472,0.659,488.871,0.201,0.482,1.141,0.188,Extensive
NaN,6,0.508,21.771,1.253,0.145,0.354,0.252,421.053,0.170,0.266,0.684,0.073,Moderate
1962,9,0.784,25.738,1.134,0.182,NaN,0.523,716.627,0.176,0.334,1.013,0.105,Moderate
1995,9,1.149,26.990,1.482,0.212,0.136,0.248,434.343,0.103,0.115,0.215,0.000,None_or_Insignificant
1984,8,0.930,30.531,1.512,0.201,0.051,0.310,359.836,0.163,0.340,0.743,0.023,Moderate
1984,12,1.317,34.256,2.346,0.322,0.489,0.167,551.181,0.256,NaN,0.948,0.025,Moderate
2021,7,0.745,NaN,2.460,0.188,0.239,0.074,197.171,0.491,1.459,0.834,0.000,Slight
2024,5,0.758,NaN,1.747,0.203,0.255,0.183,1024.886,0.314,0.324,0.440,0.000,None_or_Insignificant
2015,9,1.035,42.781,2.254,0.191,0.213,0.727,308.935,0.737,1.180,0.842,0.000,Moderate
NaN,5,0.701,28.547,1.384,0.148,0.488,0.206,316.753,0.156,0.202,0.405,0.000,None_or_Insignificant
1964,9,NaN,18.798,1.128,0.301,0.312,0.155,164.471,0.143,0.382,1.320,0.157,Moderate
1976,5,0.449,21.526,1.352,0.218,0.671,0.388,609.790,0.160,0.181,0.182,NaN,None_or_Insignificant
2009,10,1.342,40.394,2.139,0.302,0.236,0.365,578.676,0.219,0.244,0.358,0.000,Slight
1975,9,1.150,33.650,1.549,0.201,0.328,0.447,729.752,NaN,0.878,1.735,0.534,Extensive
2001,4,0.390,27.392,2.003,0.231,0.501,0.203,326.317,0.069,0.107,0.436,NaN,Slight
1964,10,1.225,24.041,1.557,0.344,0.520,0.335,1065.979,0.875,1.004,3.042,1.422,Complete
NaN,3,0.276,38.914,1.525,0.208,0.529,0.086,732.892,0.748,0.586,0.046,0.000,None_or_Insignificant
2001,5,0.762,37.050,1.604,0.222,NaN,0.445,201.187,0.326,0.541,0.716,NaN,Slight
1971,5,0.733,23.492,1.268,0.142,0.126,0.209,536.793,NaN,0.289,0.929,0.136,Moderate
1971,8,1.105,18.693,0.800,0.187,NaN,NaN,NaN,0.280,0.707,2.782,1.587,Complete
2015,5,0.566,36.851,1.986,0.176,NaN,0.117,352.565,0.436,NaN,0.302,0.000,Slight
2010,6,0.742,32.619,1.920,0.222,0.504,0.396,558.602,0.379,0.500,0.441,0.000,Slight
NaN,15,1.932,35.328,2.261,0.236,0.402,0.274,215.926,0.477,0.590,1.460,0.188,Moderate
2007,5,0.533,28.704,1.741,0.161,0.597,0.430,488.895,0.545,0.688,0.807,0.033,Moderate
2002,10,1.156,37.253,2.314,NaN,0.315,0.226,729.509,0.355,NaN,0.917,0.010,Slight
1986,NaN,1.057,32.662,1.692,0.212,0.472,0.297,586.827,0.836,1.160,1.769,0.269,Extensive
1985,NaN,0.913,29.596,1.358,NaN,0.076,NaN,596.565,0.155,0.292,0.544,0.000,Slight
2003,6,0.753,NaN,1.310,0.183,0.587,0.242,154.862,0.304,0.865,1.135,0.126,Moderate
1972,8,0.766,28.329,1.068,0.170,0.128,0.084,241.377,0.494,1.294,1.761,0.305,Extensive
2018,4,0.487,44.660,1.971,0.080,0.356,0.112,1064.465,0.128,0.134,0.122,0.000,None_or_Insignificant
1975,6,0.583,18.256,1.273,0.219,0.031,0.357,938.572,0.559,0.563,1.017,0.162,Moderate
2019,7,1.078,37.537,2.226,0.234,0.381,0.169,172.107,0.672,1.604,1.533,0.237,Extensive
1967,8,1.090,29.897,1.434,0.183,0.318,0.195,305.996,0.416,NaN,NaN,0.180,Moderate
2003,7,0.847,33.601,1.921,0.178,0.220,0.093,NaN,0.867,1.323,1.227,0.086,Moderate
2012,8,0.868,34.512,2.033,0.178,0.103,0.358,236.013,0.698,1.500,1.478,0.218,Extensive
2003,6,0.913,29.852,1.559,0.262,0.350,0.461,714.654,0.326,0.458,0.616,0.000,Slight
2015,8,0.653,33.932,1.818,NaN,0.352,0.335,1085.635,0.334,0.316,0.378,0.000,Slight
2010,11,1.140,29.883,1.548,NaN,0.223,0.173,627.425,0.151,0.260,0.809,0.036,Slight
1985,9,1.093,30.734,1.591,0.192,0.665,0.425,171.195,0.142,0.295,0.828,0.023,Slight
2020,5,0.472,41.191,2.103,0.109,0.520,0.247,365.463,0.469,0.851,0.401,0.000,Slight
2010,4,0.567,41.143,1.864,0.208,0.371,0.194,647.318,0.161,0.245,0.030,0.000,None_or_Insignificant
2003,6,0.564,33.415,1.761,0.181,0.167,0.165,215.996,0.374,1.006,0.400,0.000,Slight
1979,6,0.777,27.536,1.317,0.181,0.282,0.050,684.232,0.089,0.075,0.030,0.000,None_or_Insignificant
2004,10,1.234,35.048,1.965,0.207,0.591,0.261,NaN,NaN,0.709,1.228,0.182,Moderate
NaN,7,1.080,30.619,1.903,NaN,0.195,0.140,207.572,0.188,0.216,0.508,0.000,Slight
NaN,4,0.434,25.925,0.800,0.206,0.436,NaN,288.506,0.345,0.369,0.715,0.113,Slight
1970,7,0.649,25.250,1.178,NaN,0.105,0.358,NaN,0.114,0.277,0.568,0.037,Slight
1996,9,0.917,30.558,2.061,NaN,0.318,0.473,269.982,0.321,NaN,0.930,0.024,Moderate
2023,2,0.242,37.496,1.837,0.080,0.108,0.102,307.650,0.510,0.457,0.378,0.000,Slight
1980,13,1.234,26.993,1.530,0.320,0.244,0.362,629.587,0.183,0.251,0.792,0.035,Slight
1978,4,0.479,24.951,0.800,0.211,0.391,0.144,570.705,0.194,0.182,0.470,0.019,None_or_Insignificant
1959,9,0.793,NaN,1.285,0.267,0.268,0.354,687.402,NaN,0.800,1.992,1.055,Complete
2018,5,0.552,36.636,1.840,0.200,0.393,0.088,479.150,0.302,0.423,0.514,0.000,Slight
2001,12,1.397,34.323,1.892,0.285,0.204,0.256,344.742,0.085,0.117,0.474,0.000,Slight
2011,6,0.544,35.483,1.908,0.192,0.252,NaN,195.336,0.504,0.779,NaN,NaN,Slight
2012,7,0.705,31.509,1.338,0.242,0.185,0.604,639.016,0.393,0.362,0.425,0.000,None_or_Insignificant
1983,7,0.685,26.260,1.224,NaN,NaN,0.530,200.037,0.334,0.486,0.838,0.053,Moderate
1995,7,0.746,26.143,1.511,0.225,NaN,0.095,782.312,0.087,0.129,0.158,0.000,None_or_Insignificant
2004,9,NaN,28.047,1.430,0.319,0.037,0.893,287.224,0.413,0.863,1.259,0.202,Moderate
1996,8,1.249,28.779,1.592,0.261,NaN,0.565,467.444,0.793,1.071,2.451,NaN,Extensive
1982,6,0.613,18.746,1.102,0.264,0.218,0.080,NaN,0.712,1.534,2.752,1.891,Complete
1965,7,0.920,26.777,1.820,0.155,0.252,0.142,151.269,0.220,0.400,NaN,0.095,Moderate
2010,6,0.599,37.915,2.424,0.080,NaN,0.345,164.027,0.238,0.390,0.472,0.000,Slight
1972,7,NaN,22.179,1.052,0.281,0.591,0.183,162.594,0.128,0.287,0.597,0.062,Moderate
1983,6,0.637,37.235,1.387,0.212,0.467,0.113,899.488,0.244,NaN,0.379,0.000,Slight
1962,7,0.861,28.899,1.405,0.214,NaN,0.057,833.283,0.621,0.652,1.109,0.142,Moderate
2013,7,0.679,40.866,1.805,NaN,0.073,0.174,204.867,0.531,1.346,0.647,0.000,Moderate
1966,5,0.747,27.985,1.544,0.160,0.323,0.106,NaN,0.142,0.150,NaN,0.000,None_or_Insignificant
1992,5,0.807,26.007,0.840,0.239,0.275,0.534,173.179,0.328,0.759,1.684,0.346,Extensive
2007,6,NaN,29.005,1.835,0.142,0.371,0.203,368.490,0.317,0.555,0.303,0.000,Slight
2010,8,0.857,38.419,1.870,0.221,0.341,0.272,218.280,0.165,0.339,0.171,0.000,None_or_Insignificant
2009,5,0.588,31.133,1.692,0.265,0.179,0.172,562.882,0.106,0.154,0.092,0.000,None_or_Insignificant
2003,10,1.044,33.250,2.182,0.230,NaN,0.095,159.835,0.318,0.984,1.372,0.135,Moderate
1991,9,0.947,30.030,1.445,0.170,0.412,0.422,312.506,0.329,0.431,0.682,0.000,Slight
1970,4,0.417,35.018,1.765,0.141,0.210,0.064,402.252,0.237,0.344,0.241,0.000,Slight
1999,9,0.841,28.721,1.703,0.241,0.137,0.376,348.002,0.098,0.081,0.410,0.000,None_or_Insignificant
1977,5,0.510,27.532,NaN,0.216,0.315,0.474,943.068,0.337,0.323,0.298,NaN,None_or_Insignificant
1971,NaN,0.625,24.445,1.883,0.219,0.223,0.274,738.841,0.234,0.230,0.241,0.000,Slight
2024,8,1.332,38.627,2.132,0.162,NaN,0.100,270.314,0.338,0.381,0.132,0.000,None_or_Insignificant
2004,2,0.200,32.117,1.979,0.144,0.299,0.279,495.174,0.228,0.224,0.132,0.000,Slight
1987,9,1.328,33.449,1.275,0.307,0.196,0.350,678.433,0.189,0.171,0.750,0.018,Moderate
1995,8,0.791,23.758,1.244,0.199,0.222,0.241,314.195,0.437,0.903,1.633,0.365,Extensive
1961,5,0.564,28.846,1.396,0.150,0.063,0.231,330.136,0.568,1.156,1.454,0.247,Moderate
NaN,6,NaN,37.631,1.918,0.147,0.200,0.276,471.917,0.730,0.964,NaN,0.048,Moderate
NaN,5,0.635,22.481,1.038,0.175,0.352,NaN,430.774,NaN,0.852,1.885,0.705,Extensive
1961,8,0.676,24.211,1.181,0.256,0.177,0.455,779.485,NaN,0.245,0.630,0.050,Slight
1990,10,1.113,31.284,1.189,0.221,NaN,0.232,656.156,0.839,NaN,1.471,0.268,Extensive
1991,6,0.624,28.840,1.466,0.178,0.068,0.030,172.684,0.257,0.479,0.416,0.000,Slight
NaN,NaN,0.497,21.183,0.906,0.198,0.362,0.070,476.349,0.109,0.172,0.355,0.000,None_or_Insignificant
1970,3,0.345,22.045,0.804,0.137,0.377,0.435,931.077,0.140,0.113,0.491,0.033,Slight
1987,12,1.415,38.632,1.827,0.255,0.359,0.219,527.353,0.307,0.353,0.516,0.000,Slight
1985,6,0.600,32.092,1.417,0.135,0.168,0.125,202.157,0.817,1.155,1.318,0.090,Moderate
1994,8,0.742,28.385,1.155,0.265,0.104,0.373,322.014,0.431,0.754,1.163,0.220,Moderate
2002,9,0.856,23.964,1.811,0.212,0.241,0.571,598.439,0.788,1.202,1.662,0.301,Extensive
1955,7,0.754,18.000,NaN,0.121,0.172,0.510,316.232,0.681,1.078,2.896,1.163,Complete
2014,NaN,0.858,NaN,1.836,0.272,0.390,0.458,514.355,0.556,0.847,1.027,0.081,Moderate
1976,8,1.128,27.901,1.237,0.209,0.170,0.361,158.132,0.510,1.298,3.459,3.013,Complete
1961,10,1.130,19.895,1.502,0.193,0.376,0.578,629.151,0.168,0.101,0.652,0.078,Slight
2001,7,0.784,30.594,1.585,0.166,NaN,0.411,248.460,0.194,0.445,0.588,0.000,Slight
1981,4,0.405,37.978,2.471,0.184,0.230,NaN,223.292,0.502,NaN,0.547,0.000,Slight
1987,3,0.374,32.800,1.345,0.158,0.069,0.134,413.391,0.172,0.296,0.372,0.000,Slight
NaN,10,NaN,24.627,1.464,0.251,0.282,0.277,NaN,0.421,0.431,0.945,0.126,Moderate
1991,7,0.729,38.881,1.379,0.224,0.064,0.317,162.691,0.332,0.512,1.038,0.080,Moderate
2008,10,1.299,34.136,2.087,NaN,0.442,0.462,161.076,0.620,1.907,3.098,0.502,Complete
1974,6,0.552,25.100,1.209,0.237,NaN,0.310,319.282,0.178,0.364,0.725,0.085,Moderate
2023,9,1.030,42.381,2.600,0.250,0.319,0.403,396.875,0.285,0.365,NaN,0.000,Slight
NaN,11,1.289,40.306,2.489,0.236,0.539,0.480,230.109,0.177,0.347,0.512,0.000,Slight
NaN,9,1.063,31.315,NaN,0.178,0.252,NaN,150.628,0.535,1.125,1.732,NaN,Extensive
1971,9,1.073,18.311,0.800,0.190,0.130,0.326,297.550,0.222,0.244,1.317,0.252,Extensive
1981,7,0.646,28.923,1.189,0.173,0.535,0.291,1061.307,0.277,0.388,0.388,0.000,Slight
NaN,10,0.922,24.870,2.102,0.217,0.487,0.319,744.594,0.788,1.222,2.329,0.778,Complete
2022,9,NaN,NaN,2.075,0.271,0.109,0.387,580.611,0.369,0.651,0.830,NaN,Moderate
1980,7,0.623,34.635,1.814,0.198,0.516,0.169,562.906,0.520,0.712,0.474,0.000,Slight
2010,12,0.957,36.115,2.106,0.259,0.356,0.364,199.901,0.435,0.745,1.144,NaN,Moderate
1975,11,NaN,41.422,1.801,0.267,0.152,0.122,171.530,0.152,0.267,0.666,0.000,Slight
2006,8,0.864,38.351,2.162,0.121,NaN,0.302,174.150,0.100,0.277,0.079,NaN,None_or_Insignificant
2005,14,1.093,38.414,2.359,0.218,0.353,0.256,NaN,0.392,0.846,0.915,NaN,Moderate
NaN,6,0.635,35.130,1.055,0.229,0.177,0.530,1060.958,0.141,0.117,0.232,0.000,None_or_Insignificant
1966,11,NaN,20.278,1.276,0.182,0.356,0.121,276.552,0.675,0.863,2.362,0.828,Extensive
1971,NaN,0.508,28.943,1.535,0.221,0.233,0.452,424.108,0.053,0.069,0.402,0.000,Slight
2016,8,0.883,40.261,1.873,0.243,0.229,0.084,612.830,0.226,0.235,0.129,0.000,None_or_Insignificant
NaN,12,1.165,20.554,1.439,0.238,0.538,0.109,185.283,0.216,NaN,2.384,1.417,Complete
NaN,7,0.967,35.995,1.867,0.148,0.273,0.625,211.032,0.137,0.273,0.547,0.000,Slight
2018,5,0.622,43.324,2.025,0.174,0.200,0.452,250.176,0.107,0.285,0.848,0.000,Slight
2024,7,0.813,NaN,2.026,0.179,NaN,0.454,NaN,0.322,0.326,NaN,0.000,Slight
2020,5,0.669,39.576,1.588,0.120,0.109,0.118,248.847,0.659,0.876,0.259,0.000,Slight
1984,8,0.748,31.675,1.320,0.224,0.234,0.136,284.956,0.099,0.213,0.129,0.000,None_or_Insignificant
1970,9,0.796,21.848,1.317,0.204,0.234,0.276,921.532,0.077,0.089,NaN,0.000,None_or_Insignificant
2016,12,1.169,39.884,2.594,0.187,NaN,0.171,498.389,0.053,0.113,0.092,0.000,None_or_Insignificant
2007,5,0.454,34.101,2.111,0.217,0.481,0.308,265.244,0.628,1.763,1.068,0.099,Moderate
1970,10,1.067,31.935,1.315,0.128,0.247,0.540,332.287,0.306,0.536,1.245,0.185,Moderate
2000,8,0.614,34.923,1.695,0.242,0.144,0.292,206.618,0.160,0.207,0.710,NaN,Slight
1988,6,0.923,26.056,1.735,0.175,0.163,0.525,458.455,0.487,0.617,1.481,NaN,Moderate
2004,5,0.722,32.221,1.910,0.080,0.119,0.447,210.067,0.202,0.394,0.558,0.000,Slight
1994,NaN,0.767,NaN,1.331,0.222,0.256,0.225,383.570,0.493,0.987,0.733,NaN,Slight
1982,NaN,1.095,33.806,1.614,0.181,0.286,0.216,401.695,0.114,0.176,0.585,0.000,None_or_Insignificant
2006,9,0.997,31.722,NaN,0.319,0.392,0.326,316.039,0.394,NaN,1.385,0.291,Moderate
1965,7,0.679,20.397,NaN,0.169,0.270,0.129,674.691,NaN,0.209,0.527,0.027,Slight
1985,6,0.657,28.131,NaN,0.277,0.194,0.422,156.744,0.278,0.416,0.369,NaN,Slight
1961,8,0.933,24.834,1.326,0.232,0.107,0.528,151.735,0.441,0.658,2.093,0.415,Extensive
1994,6,0.590,31.138,1.403,NaN,0.210,0.438,173.933,0.424,0.938,1.131,0.088,Extensive
1997,4,0.414,NaN,1.632,0.155,0.205,0.026,203.435,0.482,0.555,0.230,0.000,Slight
1970,9,1.121,30.090,2.006,0.182,0.020,0.329,704.979,0.054,0.050,0.089,0.000,None_or_Insignificant
1979,14,1.553,26.088,1.284,0.283,0.307,0.299,186.977,0.128,0.234,1.132,0.348,Moderate
1976,7,0.859,21.580,NaN,NaN,0.212,0.073,374.959,0.476,0.680,1.373,0.282,Extensive
1986,8,1.040,33.292,1.565,0.182,NaN,0.418,351.933,0.747,0.670,NaN,0.008,Moderate
2017,7,0.839,35.688,1.439,NaN,0.268,0.475,301.056,0.525,1.113,1.269,0.187,Moderate
1955,7,0.690,26.861,1.419,0.222,0.246,0.604,152.969,0.452,1.444,3.066,0.934,Complete
1973,13,1.653,18.000,1.718,0.265,0.211,0.278,538.423,0.060,NaN,0.507,0.022,Slight
1981,13,1.812,30.514,1.494,0.256,0.450,NaN,308.249,0.068,0.097,0.254,0.000,Slight
1996,7,1.332,33.609,NaN,0.262,0.085,0.320,214.719,0.286,0.582,1.340,0.126,Moderate
2008,NaN,0.892,33.605,NaN,0.335,0.645,0.261,366.434,0.658,0.515,0.560,0.000,Slight
2011,NaN,0.539,35.998,2.084,0.080,0.319,0.043,310.940,0.164,0.189,0.436,0.000,Slight
2011,10,1.292,38.570,1.441,NaN,0.369,0.276,324.381,0.134,0.171,0.705,0.000,Slight
1996,3,0.406,26.809,1.804,0.172,0.120,0.195,305.682,0.480,0.756,0.821,0.039,Moderate
1993,7,0.712,24.278,1.847,0.257,0.221,0.113,241.345,0.831,2.093,2.725,1.020,Complete
1967,6,0.875,23.787,1.201,0.138,0.266,0.469,310.918,NaN,1.014,2.621,2.096,Complete
1958,9,0.806,18.000,1.363,0.119,0.190,0.219,NaN,0.697,0.938,3.084,1.505,Complete
1998,6,0.771,33.629,1.745,0.140,0.139,0.322,611.509,0.246,0.451,0.208,0.000,None_or_Insignificant
1962,5,0.630,NaN,1.211,0.208,0.283,0.398,266.790,0.307,0.501,1.296,0.297,Extensive
2001,9,0.776,26.382,1.526,0.362,0.239,0.460,752.226,0.607,0.968,1.528,0.230,Extensive
1955,8,1.208,24.562,1.599,0.246,0.618,0.433,468.772,0.231,0.508,1.669,0.558,Extensive
NaN,NaN,1.125,23.889,1.142,0.243,0.345,0.456,780.045,0.552,0.869,2.801,0.838,Complete
1990,5,0.506,33.588,NaN,0.097,0.150,0.438,474.234,0.057,0.112,0.149,0.000,None_or_Insignificant
2018,10,1.126,40.619,2.459,0.180,NaN,0.233,979.392,0.388,0.344,0.259,0.000,None_or_Insignificant
1999,9,1.210,29.070,2.372,0.123,0.073,0.458,929.811,0.095,0.163,0.319,0.000,None_or_Insignificant
1970,6,0.685,20.794,1.384,0.142,0.167,0.709,171.031,0.432,0.651,1.427,0.331,Extensive
1979,4,0.405,20.899,1.221,0.130,0.036,0.120,NaN,0.438,NaN,1.607,0.346,Extensive
2006,3,0.368,NaN,1.644,0.109,0.384,0.299,310.210,0.258,0.339,0.338,0.000,Slight
1968,5,0.559,25.669,1.207,0.177,0.315,0.433,608.292,0.114,0.245,0.532,0.004,Slight
2010,14,NaN,33.185,2.077,0.318,0.365,0.434,545.324,0.138,0.203,0.562,0.000,Slight
1972,7,0.797,34.047,1.754,0.209,0.118,0.339,745.026,NaN,0.865,0.847,0.054,Slight
2018,5,0.492,35.592,1.628,0.189,0.075,0.755,304.233,0.134,0.281,0.266,0.000,Slight
1993,7,0.782,30.124,0.991,0.328,0.351,0.286,NaN,0.283,0.495,0.906,0.075,Moderate
1963,5,0.576,26.167,0.967,0.133,0.075,0.374,724.072,0.363,0.619,1.044,0.141,Moderate
NaN,11,1.280,41.541,2.210,0.256,0.353,0.308,771.299,0.410,0.610,0.284,0.000,None_or_Insignificant
2011,NaN,0.850,36.695,2.024,0.092,0.742,NaN,161.289,0.410,1.059,1.401,0.106,Moderate
1973,10,NaN,18.000,1.568,0.189,0.078,0.234,368.221,0.468,0.863,2.831,1.442,Complete
2011,4,0.465,37.478,1.810,0.259,0.318,0.298,152.918,0.423,0.935,0.799,0.003,Moderate
NaN,7,0.700,23.579,1.323,0.228,0.162,0.564,415.199,0.830,1.380,3.009,2.160,Complete
2009,11,0.996,30.205,1.943,0.294,0.081,0.417,206.435,0.254,0.420,0.931,0.080,Moderate
NaN,11,0.965,22.074,NaN,0.208,NaN,0.224,611.526,NaN,0.124,0.291,0.000,None_or_Insignificant
1993,5,0.684,21.788,0.852,0.206,0.190,0.182,163.225,0.233,0.421,0.932,0.103,Moderate
2003,5,0.594,36.407,1.549,0.187,0.363,0.010,532.745,0.224,0.297,0.067,0.000,None_or_Insignificant
1995,NaN,0.952,23.100,1.217,0.222,0.629,0.627,516.446,NaN,0.187,0.251,NaN,None_or_Insignificant
1991,8,0.954,25.364,1.404,0.227,0.355,0.229,462.207,0.298,0.625,1.699,0.281,Extensive
2000,4,0.450,34.473,2.082,0.080,0.374,0.299,694.275,0.699,0.797,0.173,0.000,None_or_Insignificant
2019,7,0.901,41.014,2.307,0.205,0.153,0.137,NaN,0.336,0.800,0.955,0.011,Slight
1988,4,0.328,33.075,1.791,0.172,0.110,0.357,791.380,0.095,0.083,0.030,0.000,None_or_Insignificant
2015,9,0.954,39.580,2.433,NaN,0.218,0.200,NaN,0.165,0.381,0.424,0.000,Slight