Construction Year,Number of Stories,Fundamental Period (s),Concrete Compressive Strength (ksi),Longitudinal Reinforcement Ratio (%),Column Axial Load Ratio,Plan Irregularity Index,Vertical Irregularity Index,Site Vs30 (ft/s),Peak Ground Acceleration (g),Spectral Acceleration at T1 (g),Peak Interstory Drift Ratio (%),Residual Drift Ratio (%),Damage State
2002,11,1.556,4.861,1.965,0.287,0.386,0.439,1085.778,NaN,0.358,0.581,0.000,Slight
NaN,13,1.489,2.675,NaN,0.299,0.176,0.121,795.577,0.199,0.254,NaN,0.225,Extensive
NaN,NaN,0.753,4.079,1.503,0.121,0.214,0.240,1452.329,NaN,0.276,0.478,0.000,Slight
2007,9,0.781,3.595,1.851,0.267,0.236,0.103,1304.747,0.144,0.222,0.073,0.000,None_or_Insignificant
1987,10,1.074,4.926,1.420,0.209,NaN,0.362,3558.566,0.160,0.255,0.531,0.000,Slight
1991,8,0.969,5.115,1.561,0.294,0.386,0.321,938.619,0.474,0.870,0.978,0.045,Moderate
1973,7,0.888,4.319,1.416,0.185,0.109,0.424,1148.809,0.704,1.412,1.972,0.484,Extensive
2024,16,2.103,5.175,2.506,0.285,0.414,0.201,3100.449,0.165,0.120,0.463,0.000,Slight
1971,8,0.776,4.481,1.437,0.235,0.362,0.175,522.451,0.313,0.707,1.299,0.174,Extensive
2019,9,1.067,4.378,2.868,0.139,0.487,0.356,1930.581,NaN,0.425,0.467,NaN,Slight
NaN,6,0.437,3.963,1.143,0.080,0.176,0.140,1640.643,0.144,0.164,0.344,0.000,Slight
NaN,11,1.319,4.417,2.128,0.255,0.254,0.627,1130.164,0.566,0.577,1.139,0.142,Moderate
1986,6,0.461,3.603,1.164,0.186,0.240,0.319,1486.896,0.519,0.515,0.455,0.000,Slight
NaN,4,0.550,4.900,1.582,0.163,0.212,0.162,959.747,0.518,1.482,0.943,0.041,Moderate
1984,5,0.514,4.256,1.574,0.157,0.555,0.177,1510.797,0.331,0.536,0.683,0.004,Slight
1977,5,0.643,3.054,1.147,0.176,0.170,0.370,884.659,0.341,0.702,1.612,0.431,Extensive
1969,7,0.821,3.073,1.535,NaN,0.103,NaN,3441.998,0.559,0.667,1.748,0.375,Extensive
1974,6,0.714,4.094,0.962,0.154,0.381,0.295,1995.545,0.158,0.203,0.460,0.003,Slight
1972,5,0.509,5.035,1.346,NaN,0.211,0.476,1340.594,0.422,0.717,0.916,0.155,Moderate
2024,8,0.797,5.743,2.031,0.292,0.257,0.278,724.767,0.278,0.579,0.584,0.000,Moderate
2014,9,0.811,5.103,1.758,0.184,0.231,0.479,512.510,0.119,0.153,0.461,0.000,None_or_Insignificant
2008,6,0.805,4.654,1.864,NaN,0.535,0.165,927.028,0.287,0.509,0.540,0.000,Slight
1966,4,0.393,2.900,0.989,0.127,0.359,0.233,2909.511,0.516,0.419,0.851,0.125,Slight
NaN,NaN,0.721,5.303,2.116,0.175,0.274,0.147,640.075,0.796,1.937,1.816,0.274,Extensive
1970,10,1.030,3.829,NaN,0.234,0.113,0.162,3543.402,0.720,0.950,2.136,0.521,Extensive
1982,4,0.458,4.668,1.370,0.168,0.198,0.283,740.512,0.489,0.663,0.555,0.000,Moderate
1970,8,0.908,2.983,1.531,0.229,0.394,0.222,NaN,0.158,0.303,0.800,0.109,Moderate
2000,8,0.741,4.602,1.556,0.263,0.408,0.058,1038.570,0.179,0.410,0.207,0.000,None_or_Insignificant
1980,16,1.649,5.330,1.830,0.331,0.218,0.576,902.844,0.574,0.545,1.330,0.239,Extensive
1994,6,NaN,3.761,1.679,0.259,0.281,0.168,698.727,0.459,1.089,1.572,0.184,Extensive
1955,5,0.569,2.846,0.800,0.211,0.329,0.196,2138.940,0.542,0.454,1.096,0.131,Moderate
1996,9,0.840,4.916,NaN,0.185,0.447,0.321,1305.968,0.545,1.016,1.308,0.133,Moderate
1989,12,1.323,4.773,2.081,0.157,0.200,NaN,3158.455,0.370,0.366,0.820,0.000,Slight
2003,8,NaN,5.021,1.833,0.252,0.080,0.265,1230.125,0.125,0.276,0.030,0.000,None_or_Insignificant
2002,6,0.558,4.360,1.292,0.237,0.451,0.271,2267.546,0.606,0.791,0.737,0.019,Slight
1971,10,0.718,3.680,1.467,0.213,0.176,0.541,1979.760,0.308,0.450,0.854,0.128,Moderate
1956,10,1.222,3.022,1.879,0.170,0.353,NaN,1618.786,0.419,0.735,2.474,0.781,Complete
1987,6,0.649,3.025,1.309,0.193,0.201,0.349,1408.392,0.639,0.931,1.244,0.211,Moderate
2023,9,1.167,5.458,2.007,0.250,0.122,0.331,1143.366,0.325,0.351,0.689,0.000,Slight
NaN,5,0.693,5.834,2.211,0.203,0.259,0.179,1660.840,NaN,1.456,1.029,0.036,Moderate
2004,5,0.582,4.600,1.742,0.183,0.288,0.076,2039.964,0.353,0.326,0.034,NaN,None_or_Insignificant
2010,9,0.625,5.344,1.989,0.226,0.320,0.262,NaN,0.155,0.341,0.195,0.000,Slight
1996,6,0.662,4.188,1.245,NaN,0.114,0.189,1832.044,0.182,0.208,0.568,NaN,Slight
1974,NaN,0.645,4.381,1.774,0.158,NaN,0.272,1783.632,0.442,NaN,0.590,0.006,Moderate
1962,12,NaN,2.650,0.974,0.169,0.534,0.528,562.526,0.449,1.081,5.296,3.200,Complete
2003,4,0.423,4.454,1.909,NaN,0.652,0.142,704.518,0.454,0.721,0.421,NaN,Slight
1965,9,1.048,2.951,1.478,NaN,0.320,0.658,1405.446,0.124,0.312,1.311,0.301,Extensive
1983,6,0.644,NaN,1.760,0.185,0.461,0.152,1632.927,0.343,NaN,NaN,0.001,None_or_Insignificant
NaN,5,0.508,4.282,2.078,NaN,0.405,0.313,544.242,0.168,0.284,0.190,0.000,None_or_Insignificant
2022,8,0.839,5.488,2.202,0.205,0.322,0.142,745.112,0.198,0.323,0.843,0.000,Moderate
2003,10,1.166,5.316,2.043,0.181,0.213,0.736,703.510,0.246,0.313,NaN,0.000,None_or_Insignificant
1972,NaN,0.960,3.664,0.966,0.301,0.151,0.352,1087.106,0.583,1.367,NaN,NaN,Complete
2011,8,0.909,4.071,NaN,0.265,0.103,0.135,993.150,0.554,1.245,1.889,0.338,Extensive
1996,10,1.113,4.835,1.126,0.251,0.522,0.203,2225.600,0.298,0.262,0.820,NaN,Moderate
1983,6,0.586,3.697,1.661,0.166,0.164,NaN,NaN,0.238,0.302,0.143,0.000,None_or_Insignificant
2024,4,0.411,5.958,2.236,0.255,0.102,0.380,2360.253,0.466,0.626,NaN,0.000,None_or_Insignificant
NaN,4,0.477,4.247,1.273,0.170,0.285,NaN,869.619,0.872,0.894,1.214,NaN,Moderate
2010,8,1.004,4.663,NaN,0.215,0.084,0.045,3169.098,0.509,0.822,0.811,0.000,Slight
2011,6,0.772,5.633,1.597,0.215,0.406,0.480,794.954,0.363,0.964,1.067,0.087,Moderate
1982,5,0.468,3.726,1.156,0.138,0.159,0.025,NaN,0.314,0.387,0.350,0.000,Slight
1978,7,0.662,3.812,1.449,0.163,0.383,0.482,1842.274,0.300,0.384,0.703,0.105,Moderate
2018,4,NaN,5.289,1.413,0.161,0.319,0.362,1018.225,0.704,0.982,0.641,0.000,Slight
1996,5,NaN,4.083,1.384,0.122,0.369,0.240,1076.621,0.313,0.544,NaN,0.000,Slight
1999,5,0.450,4.061,1.654,0.248,0.444,NaN,1803.458,0.506,1.106,0.765,0.000,Slight
2023,7,0.719,6.322,2.071,0.176,0.210,NaN,3375.837,NaN,0.221,0.063,0.000,None_or_Insignificant
2023,5,0.497,5.735,1.655,0.220,0.280,0.182,915.351,0.300,0.501,0.043,0.000,None_or_Insignificant
1984,11,1.092,4.760,1.457,0.237,0.264,0.390,NaN,0.128,0.195,0.250,0.000,None_or_Insignificant
1994,6,0.646,4.073,1.606,0.203,NaN,0.183,1759.498,NaN,0.164,0.153,0.000,None_or_Insignificant
2018,8,0.707,5.887,2.288,NaN,0.161,0.424,NaN,NaN,1.212,0.906,0.007,Moderate
1979,8,0.774,4.792,1.521,0.233,0.060,0.570,2291.322,0.398,0.555,0.352,0.000,Slight
2011,6,0.919,4.661,1.478,NaN,0.523,0.529,NaN,0.557,1.052,1.461,0.316,Moderate
1984,6,0.781,4.677,1.578,0.162,0.549,0.263,822.625,0.348,0.382,0.610,0.000,Moderate
1988,6,NaN,3.672,1.136,NaN,0.087,0.405,1866.752,0.496,0.481,0.758,0.044,Slight
1994,6,0.704,4.621,1.743,0.153,0.115,0.616,854.974,0.745,1.366,1.266,NaN,Moderate
1964,10,NaN,3.540,1.547,0.213,0.325,0.438,NaN,0.127,0.225,NaN,0.077,Moderate
1975,9,1.170,3.409,1.117,0.130,0.024,0.153,869.469,0.317,0.315,0.999,0.180,Moderate
1969,9,1.013,3.583,1.426,0.247,0.177,0.175,1532.992,0.079,0.210,0.342,0.000,Slight
1995,5,0.674,4.737,1.816,0.140,0.169,0.250,3307.569,0.319,0.302,0.512,0.000,Slight
1961,6,0.751,2.769,NaN,NaN,0.205,0.829,NaN,0.255,0.533,1.461,0.332,Extensive
2012,5,0.485,4.216,NaN,0.217,0.146,0.281,2182.484,0.263,0.441,0.561,0.000,Moderate
NaN,6,0.628,3.724,1.381,0.184,0.183,0.413,NaN,0.324,0.384,0.839,0.106,Moderate
2004,6,0.716,4.999,NaN,0.155,0.248,0.389,1062.585,0.157,0.324,0.325,0.000,None_or_Insignificant
1983,8,0.676,3.643,1.350,0.157,NaN,0.261,602.959,0.072,0.161,0.309,0.000,None_or_Insignificant
NaN,14,1.184,4.544,1.303,0.303,0.351,0.563,500.377,0.291,0.450,1.701,0.394,Extensive
1977,5,NaN,3.247,1.436,0.102,0.181,0.357,2962.740,0.494,NaN,0.937,0.157,Moderate
NaN,6,0.443,4.842,2.012,0.250,0.481,0.053,585.466,0.152,0.193,NaN,0.000,None_or_Insignificant
1985,6,0.881,4.278,1.835,0.215,0.378,0.253,NaN,0.225,0.244,0.058,0.000,None_or_Insignificant
1958,11,1.008,3.173,NaN,0.293,0.406,0.163,546.919,0.188,0.536,1.667,0.629,Extensive
1988,6,0.713,4.627,1.124,0.282,0.536,0.222,1095.843,0.328,0.755,1.281,0.177,Moderate
1970,4,NaN,3.462,1.517,0.188,0.316,0.150,844.459,0.849,1.177,1.401,0.265,Extensive
1999,7,0.772,3.923,1.404,0.170,0.345,0.254,820.095,0.453,0.678,0.732,0.028,Moderate
1998,3,0.322,4.959,0.805,0.167,0.199,0.253,1346.047,NaN,0.252,0.030,0.000,None_or_Insignificant
1968,11,1.105,3.067,1.823,0.211,0.520,0.213,1643.586,0.844,1.526,4.309,2.926,Complete
NaN,10,1.186,4.756,1.113,0.225,0.425,0.228,2457.844,0.245,0.359,1.023,0.251,Moderate
2020,15,2.057,6.884,NaN,0.268,0.146,0.217,552.943,0.714,1.846,2.194,0.411,Extensive
1974,7,0.597,3.684,0.861,0.194,0.328,NaN,752.874,0.582,0.610,1.103,0.133,Moderate
1974,6,0.830,3.981,1.404,0.123,0.282,0.563,1230.902,NaN,0.578,1.158,0.126,Moderate
2012,7,0.710,5.201,2.102,0.195,0.503,0.010,1192.815,0.094,0.105,0.030,0.000,None_or_Insignificant
1988,8,0.954,3.665,1.516,0.244,0.123,0.130,1360.600,0.175,0.425,0.690,0.035,Slight
1971,4,0.506,2.993,1.291,0.178,0.232,0.368,2683.937,0.412,0.686,0.994,0.164,Moderate
1999,9,1.052,5.468,2.240,0.263,0.220,0.084,580.446,0.636,1.760,1.561,0.201,Extensive
2011,4,0.409,4.810,2.231,NaN,0.544,0.455,810.666,0.129,0.154,NaN,0.000,None_or_Insignificant
2007,6,0.433,5.200,1.312,0.118,0.096,0.081,1284.396,0.397,0.611,0.243,0.000,None_or_Insignificant
NaN,7,1.105,5.025,1.569,0.152,0.149,0.245,572.044,0.101,0.209,0.365,0.000,None_or_Insignificant
1962,7,0.710,3.395,NaN,0.187,0.420,0.076,1022.106,0.565,NaN,2.533,0.946,Complete
2006,9,NaN,5.669,2.024,NaN,0.205,0.506,1505.732,0.306,0.677,0.504,0.000,Slight
2009,5,0.540,5.248,2.101,0.158,0.304,0.300,547.133,0.873,1.515,0.859,0.000,Moderate
1983,NaN,NaN,3.652,1.384,NaN,0.389,0.108,527.175,0.316,0.958,1.380,0.235,Extensive
1990,3,0.364,4.004,1.269,0.090,0.326,0.483,1286.401,0.214,0.215,NaN,0.000,Slight
2003,2,0.216,NaN,1.767,0.122,0.439,0.073,1209.472,0.333,0.401,0.135,0.000,None_or_Insignificant
2018,11,1.377,NaN,2.438,0.267,0.308,0.240,2531.939,0.387,0.319,0.644,0.000,Moderate
2017,11,0.953,5.757,2.099,NaN,0.645,0.067,2405.735,0.157,0.290,0.373,0.000,Slight
1969,7,0.707,4.666,1.239,0.197,0.376,0.452,1588.166,0.231,0.596,1.086,0.120,Moderate
2011,6,0.559,5.200,1.465,0.185,0.055,0.204,NaN,0.361,0.575,0.755,0.000,Slight
2004,7,0.563,5.246,1.666,0.206,0.437,0.089,555.545,0.387,0.937,0.766,0.000,Moderate
1995,13,1.895,4.523,1.469,0.237,0.486,0.096,3571.693,0.359,0.238,0.682,0.000,Moderate
NaN,5,0.484,5.141,2.020,0.152,0.263,0.485,586.161,NaN,0.403,0.324,0.000,Slight
1979,10,1.410,NaN,1.008,0.234,0.228,0.314,2352.927,0.578,0.922,3.883,2.084,Complete
2015,8,0.799,5.924,1.716,0.200,0.498,0.307,541.283,0.369,0.723,0.505,0.000,Slight
1980,3,0.359,4.427,1.571,0.241,0.160,0.106,2517.096,0.856,0.714,0.909,0.065,Moderate
1975,7,0.818,3.918,1.071,0.252,0.186,0.465,1516.591,0.076,NaN,0.225,0.000,Slight
2006,8,NaN,5.132,1.881,0.159,0.063,0.176,2291.099,0.228,NaN,0.513,0.000,Slight
1977,17,1.823,4.595,1.809,0.236,0.331,NaN,NaN,0.337,0.351,1.338,0.197,Moderate
1985,5,0.732,3.427,2.089,0.175,0.534,0.577,2480.541,NaN,0.424,0.687,0.004,Moderate
2009,9,NaN,4.570,NaN,0.272,0.193,0.444,620.774,0.225,0.587,0.735,NaN,Moderate
1979,6,0.738,4.229,1.186,0.209,0.592,0.307,2226.873,0.480,0.730,1.283,0.234,Extensive
1959,NaN,0.804,NaN,1.351,0.170,0.243,0.097,2255.554,0.576,1.112,2.388,0.984,Complete
1990,7,0.629,3.710,1.553,0.154,0.142,0.390,1415.732,0.177,0.299,0.301,0.000,None_or_Insignificant
1983,6,0.749,3.040,1.466,0.216,0.549,0.441,1179.252,NaN,0.215,0.364,0.000,Slight
2016,5,0.903,6.296,1.990,0.203,0.482,0.167,1648.054,0.327,0.643,0.543,0.000,Slight
1956,3,0.429,3.556,0.811,NaN,NaN,0.383,1921.788,0.790,0.856,1.205,0.224,Moderate
2012,10,0.968,4.331,1.611,0.291,NaN,0.637,1023.107,0.367,0.753,1.341,0.189,Moderate
2001,12,0.850,5.031,2.084,0.273,0.111,NaN,2271.591,0.264,0.563,0.502,0.000,Slight
2007,11,0.968,4.437,1.428,0.253,0.489,0.097,743.425,0.173,0.453,0.614,0.000,Slight
1977,4,0.424,2.611,1.400,0.173,0.098,0.323,1768.967,0.287,0.200,0.128,0.000,None_or_Insignificant
2023,8,0.976,5.948,2.693,0.262,0.594,NaN,1093.159,0.545,0.772,0.504,0.000,Slight
1980,9,0.899,3.625,1.765,0.236,0.677,0.316,870.699,0.072,0.111,0.043,0.000,None_or_Insignificant
1985,5,0.534,4.432,1.377,0.155,0.069,0.227,1950.440,0.470,NaN,0.622,0.000,None_or_Insignificant
1972,4,0.371,3.841,1.198,0.185,0.330,0.649,896.289,0.299,NaN,0.412,0.000,Slight
2016,4,0.591,5.641,1.638,0.227,NaN,0.021,1114.104,0.056,0.072,0.179,0.000,None_or_Insignificant
2008,4,0.545,4.910,1.853,0.173,0.367,0.526,1084.393,0.133,0.168,0.104,0.000,None_or_Insignificant
2011,8,1.051,5.037,2.156,0.261,0.262,0.176,NaN,NaN,0.535,0.606,0.000,Slight
1965,6,0.672,3.562,1.108,0.140,0.387,0.454,1580.761,NaN,0.480,1.094,0.186,Moderate
2024,9,1.009,5.499,NaN,0.219,NaN,0.466,856.962,NaN,0.117,0.392,0.000,Slight
1985,9,0.913,4.322,1.904,0.126,0.493,0.366,1792.927,NaN,0.266,0.241,0.000,Slight
1986,16,1.520,3.701,1.548,0.294,0.390,0.538,1789.888,0.089,0.152,0.679,0.019,Slight
1998,8,0.895,3.876,1.588,0.198,0.092,0.083,2376.594,NaN,0.548,1.117,0.103,Moderate
1969,11,1.341,4.674,1.238,NaN,0.245,0.645,1842.641,0.279,0.522,1.358,0.266,Moderate
1980,13,1.692,4.071,2.170,0.417,0.351,0.493,2020.922,0.867,0.941,2.299,0.475,Complete
2018,8,0.906,5.893,1.744,0.265,0.479,0.247,509.495,0.772,2.200,2.162,0.397,Extensive
1990,5,0.869,4.422,1.333,0.170,0.396,0.375,543.501,0.579,0.714,1.087,0.175,Moderate
2013,7,0.725,6.593,1.889,0.190,0.243,0.079,1048.527,0.063,0.134,0.225,0.000,Slight
1971,5,0.361,3.976,1.524,0.092,NaN,0.215,3368.852,0.171,0.148,NaN,0.000,None_or_Insignificant
2009,11,1.545,5.379,2.833,0.372,0.331,0.281,1413.684,0.166,0.331,0.509,0.000,Slight
1985,5,0.575,4.444,1.341,NaN,NaN,0.216,2389.741,0.361,0.484,0.725,0.008,Slight
1993,5,0.522,4.101,1.529,0.262,0.275,0.373,544.140,NaN,1.325,NaN,0.381,Extensive
1999,4,0.391,3.511,1.159,0.200,0.219,NaN,2548.691,0.581,0.431,0.142,0.000,Slight
2019,6,0.784,6.055,1.552,0.152,0.237,0.288,580.709,0.158,0.353,0.165,NaN,None_or_Insignificant
1980,NaN,0.542,3.983,1.069,0.166,0.407,0.239,1610.801,0.860,1.366,1.681,0.410,Extensive
1982,4,0.422,3.927,1.256,NaN,0.551,0.300,2548.684,0.193,0.180,0.112,0.000,None_or_Insignificant
1979,8,0.882,4.816,1.965,0.241,NaN,0.247,2607.575,0.248,0.273,0.367,0.000,Slight
1971,8,0.855,4.226,1.521,0.203,0.448,0.412,1141.762,0.508,0.945,NaN,NaN,Extensive
2008,9,0.720,4.468,2.130,0.224,0.250,0.287,625.348,0.336,0.936,0.658,0.000,Slight
1958,6,0.676,3.143,1.202,0.166,0.505,0.398,503.166,0.248,0.427,1.149,0.240,Moderate
1996,11,1.230,5.467,2.267,0.249,NaN,0.487,688.504,0.161,0.267,0.561,0.000,Slight
2010,7,0.997,4.569,1.593,0.229,0.384,0.433,1255.112,0.206,0.462,0.792,0.032,Moderate
1977,3,0.277,3.352,0.996,0.204,0.308,0.320,506.273,0.316,0.378,0.466,0.012,Slight
2000,4,NaN,4.452,1.304,0.080,0.248,0.425,1052.530,0.862,1.771,0.964,0.124,Moderate
1973,5,0.584,4.095,1.029,0.225,0.298,0.104,NaN,0.168,0.185,0.306,0.000,Slight
1973,8,0.687,NaN,1.085,0.241,0.359,0.298,518.996,0.346,1.114,2.382,1.370,Complete
1979,7,0.841,3.352,1.040,0.200,0.108,NaN,NaN,0.310,0.992,2.908,2.183,Complete
2020,6,0.847,NaN,1.437,0.206,0.332,0.157,728.668,0.209,0.364,0.076,0.000,None_or_Insignificant
1970,9,0.906,4.035,1.714,0.310,0.313,0.376,1982.185,0.306,0.307,NaN,0.203,Moderate
1987,11,1.693,4.275,2.573,0.259,0.201,0.718,679.072,0.529,NaN,NaN,0.571,Complete
2009,7,0.791,4.469,1.376,0.231,0.131,0.359,2015.853,0.685,0.739,0.801,0.041,Slight
1961,11,1.375,4.314,2.086,0.264,0.481,0.148,1069.104,0.312,NaN,1.347,0.222,Extensive
NaN,5,0.502,3.848,1.185,0.227,0.446,0.251,3167.267,0.118,0.101,0.030,0.000,None_or_Insignificant
NaN,9,1.005,5.201,2.241,0.233,0.086,0.564,1145.810,0.171,0.336,0.030,0.000,None_or_Insignificant
1976,6,0.736,3.106,1.543,0.203,0.198,0.119,1720.243,0.506,0.695,1.230,0.264,Extensive
NaN,NaN,0.545,4.580,1.631,0.199,0.611,0.146,3369.203,0.603,0.759,0.904,0.069,Slight
1966,6,0.766,2.815,1.359,0.227,0.116,0.321,820.610,0.651,1.492,3.579,1.854,Complete
1999,9,0.690,3.967,1.506,0.155,0.290,0.235,1140.810,0.343,0.793,1.363,0.270,Moderate
2008,NaN,0.739,4.615,1.398,0.291,0.066,NaN,831.667,0.531,0.778,0.724,0.022,Moderate
NaN,6,0.767,4.188,1.348,0.202,0.420,0.150,530.135,0.775,1.458,2.185,0.413,Extensive
1981,5,0.739,4.576,1.172,0.160,0.472,0.101,1771.864,0.139,0.249,0.577,0.000,Moderate
1997,9,0.931,3.794,1.515,0.206,0.318,0.274,1416.654,0.133,0.220,0.506,0.000,Slight
NaN,8,0.985,3.990,1.258,0.298,0.405,0.565,1197.152,0.557,NaN,1.660,0.297,Extensive
1983,5,NaN,4.456,1.857,0.096,0.470,0.240,2133.012,NaN,1.549,1.625,0.281,Extensive
1979,6,0.417,2.806,0.855,0.202,0.121,0.289,2640.397,0.142,0.148,0.508,0.032,Slight
1986,NaN,0.738,5.823,1.822,0.258,0.465,0.362,1802.359,0.252,0.373,0.532,0.000,Slight
2008,9,1.043,4.815,1.659,0.343,0.712,0.248,966.821,0.380,NaN,NaN,0.136,Moderate
1997,6,0.808,4.346,1.475,0.200,NaN,0.301,574.380,0.150,0.406,0.452,0.000,Slight
2012,4,0.418,4.209,2.082,0.130,0.062,0.569,2886.211,0.258,0.247,0.459,0.000,None_or_Insignificant
1983,13,NaN,4.235,1.884,NaN,NaN,0.104,1797.116,0.315,0.195,1.194,0.138,Moderate
1996,16,1.363,4.890,NaN,0.287,0.380,0.499,621.339,0.796,1.174,NaN,0.235,Extensive
NaN,7,0.618,3.811,1.563,0.207,0.265,0.118,1082.726,0.206,0.307,0.353,0.000,Slight
1997,NaN,0.950,4.506,2.510,0.176,0.262,0.822,612.359,0.441,0.525,0.786,0.000,Moderate
NaN,7,0.661,3.027,0.973,0.237,0.209,0.116,626.588,0.143,0.303,0.540,0.045,Slight
2000,5,0.576,4.631,1.375,0.201,0.280,0.305,NaN,0.458,0.572,0.722,0.015,Slight
2006,7,0.626,5.027,1.403,0.117,0.128,0.010,2211.434,0.509,0.750,0.796,0.000,Moderate
1955,10,1.056,3.203,1.196,0.256,NaN,0.447,527.421,0.187,0.596,2.503,1.703,Complete
1956,15,1.436,4.798,NaN,0.313,0.367,0.369,3220.610,NaN,0.277,0.542,0.000,Slight
1965,13,1.589,3.281,1.625,0.191,NaN,0.368,2921.604,0.168,0.228,0.856,0.134,Moderate
1973,3,0.354,3.600,1.617,0.278,0.278,0.361,578.822,0.167,0.283,0.550,0.020,None_or_Insignificant
2020,4,0.462,5.363,2.243,0.181,0.208,0.523,1343.615,0.078,0.107,0.059,NaN,None_or_Insignificant
2012,NaN,0.793,5.175,1.677,0.281,0.236,NaN,1862.999,0.283,0.517,0.454,NaN,Slight
2000,NaN,1.248,4.717,NaN,0.219,0.135,0.057,784.557,0.442,NaN,0.344,0.000,Slight
2004,6,0.721,4.818,1.290,NaN,0.389,0.480,650.512,0.572,0.883,1.028,0.120,Moderate
NaN,11,1.461,5.767,NaN,0.267,NaN,NaN,2075.984,0.152,NaN,0.320,0.000,Slight
1992,6,0.563,3.717,1.282,0.120,0.488,NaN,3357.067,0.108,0.087,0.141,0.000,None_or_Insignificant
1970,10,1.166,3.650,1.730,0.256,NaN,0.349,1199.409,0.058,0.106,0.474,0.000,Slight
2021,11,1.222,6.041,2.323,0.240,0.442,0.196,925.892,0.168,0.409,0.575,0.000,Slight
2004,9,1.258,5.277,2.215,0.191,0.468,0.439,1089.980,0.172,0.348,0.289,0.000,Slight
2007,9,1.190,NaN,1.991,0.243,NaN,0.403,2645.230,0.328,0.367,0.817,0.000,Moderate
1959,6,0.670,3.567,1.865,0.097,0.202,0.329,528.556,0.084,0.153,0.296,0.000,Slight
NaN,15,1.703,5.833,1.949,0.345,0.161,0.047,726.693,0.055,0.067,0.444,0.000,Slight
1976,9,1.396,2.990,0.978,0.211,0.134,0.284,1470.420,0.079,0.121,1.023,0.143,Moderate
1983,8,0.805,4.373,NaN,0.214,0.534,NaN,1094.711,0.569,0.793,0.627,0.009,Slight
1975,6,0.535,3.262,0.800,0.153,0.506,NaN,548.812,0.350,0.457,1.203,0.299,Extensive
2012,7,0.887,4.177,2.430,0.177,0.171,0.326,845.420,0.089,0.164,0.233,0.000,Slight
1984,NaN,1.206,5.016,1.795,0.364,0.228,0.282,2297.700,0.654,0.568,0.632,0.000,Moderate
1982,9,0.962,4.324,1.518,0.284,0.240,0.586,579.826,0.818,2.014,3.473,2.306,Complete
1976,NaN,0.656,3.494,0.991,0.134,0.043,0.394,2477.103,0.192,0.153,0.091,0.000,None_or_Insignificant
2015,NaN,1.060,6.536,NaN,0.200,0.216,0.222,2487.589,0.800,1.030,0.836,0.000,Moderate
1997,6,0.595,4.266,1.220,0.160,0.138,0.044,1928.871,0.154,0.269,0.373,0.000,Slight
2016,9,1.039,4.917,2.332,0.159,NaN,0.260,1963.494,0.324,0.251,0.594,0.000,Slight
1963,8,0.866,3.471,1.043,0.226,0.358,0.653,550.381,0.819,1.419,4.262,3.200,Complete
1993,9,0.907,NaN,2.236,NaN,NaN,0.313,521.296,0.457,1.242,1.066,0.056,Moderate
NaN,3,0.313,4.067,0.861,0.191,0.268,0.254,3328.189,0.174,0.098,0.519,0.021,Slight
1970,7,1.181,4.592,NaN,0.175,NaN,NaN,506.309,0.214,0.560,1.336,0.243,Extensive
1959,5,0.679,3.062,0.899,0.148,0.431,0.207,NaN,0.556,1.279,3.339,3.072,Complete
1980,15,1.376,5.167,2.060,0.239,0.686,0.447,558.068,0.574,1.668,3.121,0.574,Complete
1994,NaN,NaN,4.029,1.529,0.223,0.228,0.212,895.935,0.084,NaN,0.116,0.000,None_or_Insignificant
1998,13,1.929,5.209,2.154,0.335,0.222,0.323,1323.484,0.514,0.872,2.165,0.389,Extensive
2009,NaN,0.621,5.353,2.434,0.111,0.308,0.185,1858.445,0.113,NaN,0.648,0.000,None_or_Insignificant
1986,11,1.602,4.271,1.586,0.252,NaN,0.083,1384.117,0.336,0.355,1.223,0.122,Moderate
1970,12,NaN,3.494,0.977,0.233,0.421,0.110,2135.610,0.316,0.287,1.130,0.273,Moderate
1997,12,1.259,5.139,2.225,0.209,NaN,0.396,1088.389,0.548,1.168,1.519,0.163,Moderate
2009,7,0.741,5.024,1.785,0.235,0.191,0.272,3142.805,0.310,0.435,0.640,0.000,Slight
2004,NaN,1.740,5.062,1.991,0.280,0.348,0.157,1214.547,0.208,0.203,NaN,0.000,None_or_Insignificant
2023,10,0.954,5.133,1.863,0.113,0.469,NaN,862.808,0.261,0.615,0.817,0.015,Moderate
2006,5,0.418,NaN,1.341,0.182,0.123,0.401,649.304,0.133,NaN,0.030,0.000,None_or_Insignificant
1997,15,2.063,5.498,2.594,0.274,0.702,0.122,2220.443,0.273,0.190,0.727,0.000,Moderate
1991,9,0.971,3.302,NaN,0.271,0.230,0.177,1035.351,0.287,0.619,1.817,0.404,Extensive
1991,4,0.432,4.171,1.306,0.141,0.175,0.446,1076.588,0.311,0.553,0.086,0.000,None_or_Insignificant
1989,2,0.283,2.921,1.378,0.089,0.237,0.133,2248.346,0.466,0.805,NaN,0.000,None_or_Insignificant
2008,8,0.825,5.347,1.772,NaN,0.420,0.071,1791.184,0.853,1.391,1.296,0.134,Moderate
2003,6,0.616,5.153,1.524,0.258,0.531,0.139,1719.662,0.178,0.232,0.145,0.000,None_or_Insignificant
2000,8,0.717,5.566,1.663,0.153,0.110,0.133,589.091,0.718,1.229,1.033,0.101,Moderate
2022,4,0.411,6.402,2.466,0.226,0.492,0.381,1082.972,0.580,0.600,0.373,0.000,None_or_Insignificant
1980,12,1.696,4.852,2.045,0.306,0.717,0.248,997.090,0.176,0.324,0.880,0.046,Moderate
2003,9,1.044,4.740,1.719,0.290,0.281,0.399,532.762,0.072,NaN,NaN,0.000,None_or_Insignificant
2010,7,0.801,5.024,2.002,0.291,0.169,0.202,662.106,0.458,1.336,1.342,0.172,Extensive
1984,7,0.963,4.484,1.818,NaN,0.020,NaN,575.151,0.531,1.011,1.590,0.181,Extensive
1991,5,0.647,5.216,1.849,0.145,0.323,NaN,3590.984,0.382,0.421,0.460,0.000,Slight
1983,6,0.796,3.814,0.907,0.293,0.139,0.061,758.852,0.234,0.593,1.073,0.179,Moderate
1995,7,0.976,3.809,1.424,0.236,0.355,0.043,NaN,0.164,0.327,0.665,0.000,Slight
1978,7,0.787,4.371,1.600,NaN,0.658,0.444,3421.348,0.538,0.787,1.473,0.183,Extensive
NaN,4,0.407,5.771,1.792,0.105,0.173,0.354,1068.675,0.407,0.586,0.483,0.000,Slight
NaN,7,0.761,3.637,1.197,0.233,0.393,0.209,2617.976,0.302,0.415,0.709,0.056,Moderate
1976,NaN,1.890,5.159,1.784,0.303,NaN,0.351,932.516,0.091,0.118,0.408,0.000,Moderate
1964,6,0.731,2.702,0.869,0.131,0.350,NaN,1151.109,0.099,0.189,0.440,0.013,Slight
1996,6,0.511,3.956,0.864,0.178,0.580,0.923,2471.440,0.458,0.504,0.542,NaN,Slight
NaN,8,0.869,3.950,1.703,0.219,0.179,0.396,955.148,0.287,NaN,0.554,0.000,Slight
2013,7,0.656,5.115,1.815,0.175,0.603,NaN,714.806,0.217,0.359,0.174,0.000,None_or_Insignificant
2004,5,0.617,3.957,1.489,0.137,0.320,NaN,3036.027,0.216,0.336,0.184,0.000,None_or_Insignificant
1976,8,0.849,3.242,0.800,0.202,0.293,NaN,911.289,NaN,0.687,2.103,0.905,Extensive
1962,8,0.842,NaN,1.353,0.296,0.254,0.290,1126.211,0.186,0.351,1.032,0.152,Moderate
1998,15,1.395,4.493,2.103,0.213,0.215,0.322,902.664,0.267,0.304,0.875,0.034,Moderate
1997,10,1.339,5.205,1.777,0.254,0.295,0.138,1347.963,0.292,0.367,0.465,0.000,Slight
2010,7,0.805,5.589,2.173,0.279,NaN,0.269,580.991,0.339,0.512,0.304,0.000,None_or_Insignificant
2014,12,2.271,5.894,2.172,0.303,NaN,0.160,1174.882,0.149,0.168,0.561,0.000,Slight
2013,3,0.433,5.710,2.093,0.103,0.226,0.560,NaN,0.478,0.850,0.398,0.000,None_or_Insignificant
1994,7,0.674,4.304,1.304,0.203,NaN,0.191,2144.790,0.575,0.503,0.837,0.050,Moderate
NaN,6,0.480,4.210,1.593,0.194,0.462,0.307,1490.364,0.692,0.683,0.558,0.000,Slight
1973,11,1.084,4.118,NaN,0.226,0.465,0.091,1631.890,NaN,0.418,0.851,0.059,Moderate
2003,6,0.854,4.088,1.875,0.304,0.184,0.313,1100.112,0.155,0.366,0.424,0.000,Slight
1987,9,1.246,3.159,1.864,0.216,0.218,0.331,1231.512,0.344,0.734,1.910,0.419,Extensive
1976,5,0.536,3.603,0.880,0.188,0.103,0.386,2021.289,0.201,0.334,0.534,0.041,Moderate
2003,5,0.469,5.571,1.447,NaN,0.241,0.269,981.388,0.296,0.795,0.515,0.000,Slight
2002,8,1.015,4.854,1.970,0.169,0.156,0.035,519.432,NaN,0.922,0.829,0.007,Moderate
1972,5,0.698,3.178,1.542,0.190,0.490,0.305,NaN,NaN,0.364,0.882,0.117,Moderate
1964,6,NaN,2.691,0.800,0.176,0.345,0.359,NaN,0.334,0.396,1.423,0.310,Extensive
NaN,10,1.379,2.611,1.184,0.246,0.141,0.372,2847.644,0.600,0.937,4.242,3.051,Complete
1958,7,0.843,4.569,1.565,0.122,0.257,0.442,827.408,0.566,1.269,1.779,0.431,Extensive
2002,4,0.463,5.278,1.615,0.165,0.331,0.130,NaN,0.107,0.139,0.144,0.000,None_or_Insignificant
2001,5,0.553,4.301,2.088,0.144,NaN,0.206,687.028,0.065,NaN,NaN,NaN,None_or_Insignificant
1987,5,0.694,4.231,2.141,0.134,0.174,0.489,1014.560,0.707,1.444,1.220,NaN,Moderate
1986,6,0.622,4.648,1.174,0.174,0.213,0.085,814.285,0.112,0.137,0.066,0.000,None_or_Insignificant
1984,12,1.725,4.017,1.406,0.246,0.592,0.187,1280.564,NaN,0.959,3.273,1.234,Complete
1982,4,0.573,4.331,0.869,0.283,0.320,0.068,3503.392,0.282,0.415,0.818,0.062,Moderate
2013,7,0.927,5.896,NaN,0.152,0.093,0.359,1233.819,0.204,0.369,0.126,0.000,None_or_Insignificant
1982,10,1.216,3.692,1.805,0.199,0.111,0.163,763.081,0.314,0.556,1.413,0.166,Moderate
1979,9,0.814,3.677,1.212,0.179,0.254,0.507,NaN,0.172,NaN,1.002,0.173,Moderate
2000,4,0.455,4.568,1.703,0.127,NaN,0.362,2400.978,0.554,0.632,NaN,0.000,Slight
1972,8,0.906,2.839,1.246,0.251,0.458,0.623,NaN,NaN,1.783,5.480,3.200,Complete
1982,8,0.894,4.754,1.275,0.197,0.085,0.200,514.764,0.320,0.893,1.211,NaN,Moderate
NaN,6,0.628,5.679,1.653,0.144,0.291,0.196,3192.530,0.241,0.255,0.043,0.000,None_or_Insignificant
1993,9,1.276,3.785,1.813,0.205,0.497,0.117,2033.727,0.194,0.392,0.574,NaN,None_or_Insignificant
1985,NaN,0.818,4.704,1.781,0.128,0.312,0.089,2888.589,0.084,0.121,0.180,0.000,None_or_Insignificant
2010,13,1.310,6.066,2.410,0.185,0.442,0.249,NaN,NaN,0.508,NaN,0.000,Moderate
1995,9,1.323,3.871,NaN,0.285,0.160,0.167,1291.037,0.578,NaN,1.418,0.210,Moderate
1959,8,NaN,3.687,0.930,0.279,0.315,0.215,863.215,0.270,0.636,1.401,0.276,Moderate
2016,6,1.067,5.383,2.099,0.080,0.078,0.358,1910.020,0.060,0.094,0.030,0.000,None_or_Insignificant
2010,3,0.411,4.498,1.606,0.159,0.154,0.351,623.645,NaN,NaN,0.030,0.000,None_or_Insignificant
2021,6,0.778,6.152,2.444,0.122,0.260,0.705,1172.792,NaN,0.598,NaN,NaN,Slight
2009,9,1.252,4.874,2.128,0.264,0.168,0.345,NaN,0.201,0.524,0.900,0.047,Moderate
1956,NaN,0.813,4.217,1.385,NaN,0.358,NaN,2170.285,0.093,0.134,0.339,0.000,None_or_Insignificant
2002,8,1.371,4.743,1.587,0.233,0.143,NaN,2218.442,0.309,0.453,0.249,NaN,None_or_Insignificant
2010,7,NaN,NaN,1.765,0.158,0.183,0.215,2203.094,0.118,NaN,0.380,0.000,Slight
1968,4,0.486,3.924,0.922,0.237,0.028,0.396,1675.066,0.311,0.396,0.348,0.000,None_or_Insignificant
NaN,9,0.909,7.466,1.876,0.128,0.224,0.425,1877.156,0.560,0.659,0.177,0.000,None_or_Insignificant
1974,6,0.625,3.567,1.090,0.136,0.083,NaN,3112.024,0.154,0.204,0.544,0.024,None_or_Insignificant
1985,10,0.830,NaN,1.465,0.215,0.489,0.480,2215.955,0.146,0.266,0.481,0.000,Slight
2014,4,0.557,4.747,2.035,NaN,NaN,0.623,2236.726,0.198,0.273,0.222,0.000,None_or_Insignificant
1985,6,0.567,4.516,1.308,0.208,0.370,0.390,605.869,0.666,0.961,1.248,0.110,Moderate
2015,6,0.616,6.634,2.245,0.204,0.485,0.185,2077.766,0.268,0.365,0.030,0.000,None_or_Insignificant
1976,5,0.730,2.623,1.036,0.237,0.525,NaN,NaN,NaN,0.579,1.926,0.625,Complete
2024,6,0.632,4.602,1.972,0.080,0.287,0.122,1180.121,0.150,0.145,0.030,0.000,None_or_Insignificant
1997,10,1.147,3.502,1.871,0.194,0.190,0.487,1752.743,0.125,0.281,0.781,0.032,Moderate
2021,NaN,0.679,5.766,1.904,0.222,0.226,0.076,2104.186,0.572,0.628,0.560,NaN,Slight
NaN,17,2.326,NaN,NaN,0.316,NaN,0.343,544.898,0.879,2.093,6.200,2.468,Complete
NaN,4,0.456,4.192,1.323,0.132,0.022,0.382,NaN,0.131,0.398,0.315,0.000,None_or_Insignificant
1989,9,0.809,4.969,1.579,0.261,NaN,0.376,1934.636,0.199,0.248,0.525,0.000,Slight
1995,7,0.931,2.981,0.933,0.220,0.325,0.533,1596.312,0.196,0.429,1.219,0.307,Moderate
2018,7,0.462,5.026,2.073,0.123,0.189,0.138,697.940,0.464,1.075,0.835,NaN,Slight
1955,3,0.321,NaN,1.373,0.180,NaN,0.182,2141.581,0.288,0.271,0.030,0.000,None_or_Insignificant
1976,7,0.849,3.239,1.304,0.216,0.413,0.323,2244.406,0.255,0.337,0.764,0.067,Moderate
1995,15,1.741,4.961,1.767,0.282,0.465,0.392,2435.489,0.701,0.579,1.786,0.283,Extensive
1961,8,0.891,3.805,0.814,0.179,0.212,0.394,1588.530,0.858,1.783,4.281,3.163,Complete
1976,9,1.221,3.476,1.405,0.080,0.349,0.352,1591.358,0.545,0.993,2.820,1.269,Complete
1965,7,0.634,4.055,1.045,0.271,0.160,0.267,614.249,0.465,1.095,1.889,0.406,Extensive
1971,6,NaN,2.611,1.104,0.266,0.330,0.741,1919.062,0.167,0.275,0.904,0.158,Moderate
1983,8,0.643,3.853,1.498,0.244,0.510,0.254,913.301,0.823,1.218,1.558,0.280,Extensive
2007,7,0.734,4.757,1.645,0.237,0.516,0.250,2348.202,NaN,0.378,0.314,0.000,Slight
NaN,9,NaN,5.171,1.733,0.241,0.547,0.621,3040.279,0.232,0.336,0.630,0.000,Moderate
1979,14,1.230,3.475,NaN,0.374,0.107,0.349,3206.906,NaN,0.094,0.267,0.000,None_or_Insignificant
1980,8,0.896,4.129,1.426,0.330,0.203,0.739,1397.162,0.869,1.109,2.046,0.467,Extensive
1989,NaN,0.499,5.260,1.315,0.109,0.660,0.237,NaN,0.252,0.548,0.726,0.000,Slight
2002,15,1.840,5.295,1.868,0.325,0.432,0.177,1761.138,0.101,0.084,0.030,0.000,None_or_Insignificant
1990,6,0.807,NaN,NaN,0.160,0.594,0.163,525.338,0.855,2.200,2.957,NaN,Complete
1997,7,0.664,5.891,1.487,0.227,0.250,0.238,1311.604,0.813,1.577,NaN,0.227,Extensive
2000,12,2.148,4.785,1.985,0.339,0.378,0.456,794.793,0.305,NaN,1.223,0.204,Moderate
1977,11,0.840,3.570,1.655,0.139,0.246,0.357,804.902,0.578,1.295,2.371,0.756,Complete
2006,4,0.563,5.212,1.715,NaN,0.463,0.449,2108.432,0.384,0.603,0.656,0.000,Slight
2006,10,1.171,5.381,1.838,0.178,0.297,0.351,2238.445,0.783,0.567,0.800,0.000,Moderate
2005,6,0.661,4.906,2.149,0.207,0.252,0.463,529.127,0.844,1.663,1.222,0.155,Moderate
1959,13,1.110,3.213,1.059,NaN,0.388,0.569,NaN,0.324,0.578,2.550,1.365,Complete
2012,6,0.850,5.043,2.119,0.128,0.058,0.426,675.850,0.221,0.320,0.314,0.000,Slight
1983,3,0.332,3.819,1.394,0.129,0.349,0.135,953.852,0.514,0.499,0.228,0.000,None_or_Insignificant
1997,8,0.926,3.780,1.560,0.271,0.254,0.038,930.961,0.223,0.564,0.804,0.034,Moderate
1967,4,0.490,2.611,0.800,0.136,0.417,0.379,1342.953,0.481,0.730,2.122,0.808,Extensive
1991,6,0.576,4.220,1.159,0.215,0.329,0.451,1166.969,0.297,0.601,0.883,0.041,Slight
2013,17,2.030,6.308,2.845,0.230,0.239,0.458,1233.812,0.312,0.243,0.363,0.000,None_or_Insignificant
2009,5,NaN,4.692,1.456,0.187,0.137,0.316,1540.033,0.487,0.681,0.320,NaN,None_or_Insignificant
1961,3,0.297,NaN,0.800,0.127,0.299,0.389,NaN,NaN,0.050,0.054,0.000,None_or_Insignificant
1970,8,0.816,4.275,NaN,0.205,0.229,0.366,739.859,0.342,0.700,1.758,0.456,Extensive
1992,5,0.749,4.463,1.668,0.080,0.329,0.219,2463.025,0.123,0.184,0.378,0.000,None_or_Insignificant
1992,NaN,0.818,4.212,1.682,0.282,0.154,0.139,547.290,0.104,0.292,0.643,0.000,Slight
1973,7,0.767,3.317,1.582,0.129,0.386,0.274,NaN,0.597,0.973,1.851,0.506,Extensive
2009,4,0.504,5.107,1.734,0.191,0.531,0.261,816.286,0.183,0.306,0.129,0.000,Slight
1985,7,0.726,3.425,1.408,0.242,0.322,0.241,960.755,0.064,NaN,0.413,0.000,Slight
1966,7,0.831,2.611,1.050,0.147,0.179,0.273,899.757,0.095,NaN,0.748,0.103,Moderate
2012,7,NaN,4.903,2.086,0.172,NaN,0.073,505.994,0.658,1.208,1.008,0.120,Moderate
1963,3,0.283,3.307,0.800,0.133,0.203,0.172,3137.779,0.333,0.435,0.851,0.091,Moderate
1995,6,0.631,3.550,1.119,0.139,0.202,0.269,2278.301,0.267,0.289,0.197,0.000,None_or_Insignificant
2001,10,1.540,5.164,1.749,0.321,0.354,0.435,NaN,0.068,0.109,0.248,0.000,None_or_Insignificant
1999,5,0.547,3.888,1.030,0.172,0.250,0.264,1460.935,0.547,0.551,0.796,0.047,Moderate
1985,8,0.858,NaN,1.522,0.221,0.504,0.334,NaN,0.179,NaN,0.444,0.000,Slight
NaN,7,0.782,4.298,NaN,0.156,0.356,0.142,789.567,0.169,0.264,0.624,0.017,Moderate
1955,8,0.948,2.982,0.899,0.299,0.187,0.158,2637.802,0.332,0.280,0.973,0.258,Moderate
2023,3,0.375,4.640,1.885,0.140,0.244,0.183,1627.844,0.313,0.461,0.232,0.000,Slight
1980,11,NaN,4.045,1.217,0.308,0.357,0.147,493.310,0.771,2.120,5.119,3.097,Complete
NaN,NaN,0.963,5.042,1.742,0.270,0.327,0.260,1661.050,0.288,0.507,0.987,NaN,Moderate
1956,6,0.737,3.512,1.810,0.224,0.260,0.031,2617.123,0.139,0.132,0.371,0.000,None_or_Insignificant
1997,8,0.920,4.308,1.531,0.176,0.182,0.136,1154.239,0.857,1.360,1.989,0.311,Extensive
2019,10,0.779,5.476,2.187,0.314,0.501,0.404,NaN,0.309,0.464,0.571,0.000,None_or_Insignificant
2017,10,1.070,5.129,2.407,0.265,0.188,0.460,903.094,0.160,0.371,0.808,0.000,Slight
2001,5,0.587,5.662,NaN,0.123,0.348,0.123,1493.737,0.870,1.051,0.914,0.004,Moderate
2015,6,0.799,6.288,2.156,NaN,0.301,0.199,1499.544,0.378,0.793,0.869,NaN,Slight
1977,10,1.360,3.322,1.925,0.241,0.792,0.296,1214.426,0.351,0.566,1.466,0.380,Extensive
1984,6,0.623,2.824,1.695,0.118,0.121,0.291,629.826,0.172,NaN,0.257,0.000,None_or_Insignificant
1974,14,1.372,3.528,1.779,0.282,NaN,0.627,621.709,0.301,0.930,2.974,1.728,Complete
1955,6,0.663,3.998,1.452,0.222,0.341,0.374,825.171,0.373,0.651,0.756,0.059,Moderate
2001,8,1.058,4.657,2.064,0.195,0.370,NaN,1998.114,0.106,0.099,0.168,NaN,None_or_Insignificant
1994,8,1.078,4.093,1.842,0.231,0.484,0.110,NaN,0.194,0.475,0.625,0.000,Slight
1980,7,0.702,3.141,1.179,0.300,0.153,NaN,1548.192,0.372,0.705,1.519,0.461,Extensive
2010,5,0.754,4.768,NaN,0.162,0.211,0.202,641.913,0.313,0.714,0.758,0.011,Moderate
2023,8,0.979,5.730,1.828,0.145,0.020,0.158,2687.178,0.210,0.218,0.177,0.000,Slight
1976,7,0.505,NaN,0.856,0.161,0.303,0.338,2220.364,NaN,0.190,0.300,0.000,Slight
2001,10,0.945,4.370,1.511,0.266,0.249,0.301,1006.647,0.087,0.085,0.030,0.000,None_or_Insignificant
1972,6,0.654,NaN,0.800,0.174,0.036,0.275,632.713,0.171,0.342,0.886,0.123,Moderate
2005,7,0.961,4.518,1.451,0.157,0.210,0.272,2465.052,0.062,NaN,0.330,0.000,None_or_Insignificant
2005,8,0.932,4.726,1.284,0.182,0.144,0.253,839.511,0.791,0.678,0.996,0.077,Moderate
NaN,14,NaN,4.285,2.399,0.222,0.514,0.332,2057.799,0.303,0.255,0.946,0.058,Slight
1986,6,0.615,4.546,1.491,0.205,0.141,0.408,NaN,0.511,0.966,NaN,0.006,Moderate
2011,8,0.826,5.342,1.854,0.272,0.256,0.288,2295.020,0.203,0.258,0.096,0.000,None_or_Insignificant
1964,7,1.117,2.611,1.138,0.190,0.308,0.161,3101.965,0.111,0.172,0.535,0.032,Slight
1983,8,0.687,4.595,1.282,0.186,0.174,0.388,514.327,0.424,1.099,1.483,0.246,Moderate
1977,10,1.005,4.232,NaN,0.188,0.294,0.369,940.075,0.299,0.596,1.571,0.586,Extensive
1991,6,0.965,4.398,1.543,0.149,0.318,NaN,2145.407,0.500,0.910,NaN,0.212,Moderate
NaN,10,0.896,NaN,2.127,0.312,0.360,0.161,839.875,0.144,0.381,0.274,0.000,Slight
1991,10,1.083,4.194,1.354,0.260,0.286,0.382,542.598,NaN,1.311,2.770,0.649,Complete
2011,4,0.373,5.378,2.043,0.080,0.315,0.050,520.420,0.559,0.679,0.148,0.000,Slight
2018,4,0.446,5.570,1.886,0.133,0.329,0.223,1840.085,0.708,1.090,0.758,0.000,Slight
NaN,8,1.151,4.216,2.275,0.187,0.169,0.496,1118.832,0.616,0.589,0.683,0.000,Moderate
2005,9,0.894,4.942,2.366,0.139,0.124,0.635,1605.400,0.078,0.164,0.441,0.000,Slight
2010,7,0.770,4.813,2.110,0.234,0.314,0.313,563.120,0.270,NaN,0.456,0.000,Slight
1998,9,1.059,4.611,2.050,0.185,0.103,0.309,506.148,0.417,0.655,0.820,0.000,Slight
NaN,11,1.196,4.137,1.459,0.120,0.774,0.170,679.741,0.263,0.438,1.472,0.309,Extensive
1977,NaN,0.317,3.847,NaN,0.241,0.484,0.443,905.249,0.337,0.730,0.660,0.050,Slight
2016,7,0.669,6.073,2.078,0.247,0.216,0.071,814.446,0.295,0.499,0.819,0.000,Moderate
1995,5,0.558,4.090,0.935,0.187,0.246,0.331,1258.301,0.155,0.229,NaN,0.001,Moderate
1956,8,1.250,3.544,1.095,0.224,0.323,0.131,1896.667,0.314,0.425,1.413,0.300,Extensive
2012,8,0.975,4.380,1.971,0.234,0.044,0.525,2715.282,0.350,0.388,0.581,0.000,Slight
1984,NaN,0.806,3.529,1.110,NaN,NaN,0.066,2268.186,0.734,0.860,1.661,0.233,Extensive
1983,14,1.601,4.197,1.845,0.288,0.175,0.452,1318.743,0.429,1.038,2.902,0.791,Complete
1984,NaN,1.377,5.520,1.648,0.280,0.371,0.296,2889.350,0.482,0.480,1.013,0.095,Moderate
NaN,8,0.929,5.521,1.887,0.179,0.704,0.687,1214.370,0.169,0.399,0.330,NaN,Slight
NaN,7,0.959,3.197,0.800,0.102,0.363,0.447,2080.177,0.450,0.481,1.704,0.413,Extensive
NaN,4,NaN,NaN,1.348,0.174,0.419,0.279,2006.299,0.208,0.224,0.203,NaN,None_or_Insignificant
2007,7,1.141,5.417,2.362,0.221,0.107,0.386,NaN,0.099,0.146,NaN,0.000,None_or_Insignificant
1988,5,0.753,4.696,NaN,0.171,0.345,0.125,949.908,0.867,1.145,2.067,0.473,Extensive
NaN,10,1.224,NaN,1.175,0.222,0.204,0.182,551.716,0.477,0.647,2.111,0.866,Complete
1993,6,0.701,3.596,1.736,0.165,0.366,0.161,3163.343,0.119,0.097,NaN,0.000,None_or_Insignificant
1995,10,1.198,4.939,1.570,0.260,0.193,0.136,NaN,0.119,0.162,0.559,0.000,Slight
2011,9,NaN,5.358,2.104,NaN,0.216,0.138,NaN,NaN,0.884,NaN,0.000,Slight
1963,8,0.837,3.461,1.584,0.195,NaN,0.114,3175.253,0.577,0.659,1.405,0.244,Moderate
NaN,8,0.840,NaN,1.556,0.179,0.472,NaN,1252.503,0.580,1.042,1.315,0.150,Moderate
1979,8,0.996,3.694,1.365,0.237,0.222,0.307,NaN,0.541,0.988,2.363,1.647,Complete
2002,5,0.600,5.607,1.478,0.136,0.386,0.206,784.754,0.452,0.520,0.654,0.000,Moderate
1979,4,0.349,2.815,1.080,NaN,0.472,0.082,902.589,0.330,0.575,0.959,0.132,Moderate
1968,5,NaN,2.907,0.928,0.155,NaN,NaN,2963.255,0.085,0.116,0.431,NaN,Slight
1959,18,2.659,4.462,1.565,0.378,NaN,0.280,1962.625,NaN,0.123,0.665,0.080,Moderate
1993,9,1.291,3.516,1.627,0.170,0.302,0.244,1925.725,0.306,0.513,NaN,0.192,Moderate
NaN,9,1.060,NaN,2.375,0.284,0.192,0.373,558.839,0.286,0.689,0.532,NaN,Slight
1997,3,0.356,NaN,0.983,NaN,0.190,0.623,3369.610,0.054,0.052,0.238,0.000,None_or_Insignificant
1983,7,0.882,NaN,1.159,0.230,0.148,0.114,2003.058,0.133,0.229,0.096,0.000,Slight
2023,NaN,0.664,5.734,2.448,0.180,0.391,0.296,1844.921,0.577,0.923,0.849,0.000,Moderate
1973,11,1.196,4.077,1.542,0.179,0.447,0.430,1112.231,0.414,0.877,2.245,0.684,Extensive
NaN,7,0.543,3.696,1.369,0.203,0.345,0.252,2299.852,0.580,0.908,1.174,0.184,Moderate
2013,6,0.553,4.966,2.242,0.192,0.167,0.210,1890.636,0.575,0.619,NaN,0.000,Slight
2000,8,0.903,5.703,2.235,0.195,0.136,0.423,2425.282,0.290,0.380,0.495,0.000,Slight
2004,6,0.695,5.794,1.967,0.170,0.603,0.341,1892.188,0.327,0.288,0.040,0.000,None_or_Insignificant
1971,13,1.718,3.841,1.339,0.399,0.555,0.256,669.816,0.416,0.889,4.147,3.200,Complete
1972,6,0.477,4.620,1.678,0.151,0.312,0.164,763.077,NaN,0.723,0.920,0.160,Moderate
2013,4,0.561,5.275,1.898,NaN,0.369,0.228,2242.579,0.302,0.279,0.435,0.000,Slight
1965,6,0.760,3.219,1.041,0.195,NaN,0.576,1049.580,0.153,0.173,0.608,0.066,Moderate
1969,8,NaN,2.611,0.800,NaN,0.364,0.250,3067.257,0.191,0.236,0.864,0.102,Moderate
1988,13,NaN,5.413,1.866,0.225,0.147,0.220,673.698,0.392,0.574,1.113,NaN,Moderate
1960,3,0.280,2.611,1.195,0.080,NaN,0.276,1908.386,0.230,0.487,0.589,0.056,Moderate
2020,4,0.394,5.190,1.852,0.246,0.326,0.092,3185.797,0.060,0.076,0.138,0.000,None_or_Insignificant
2004,11,1.144,4.523,2.043,0.148,0.514,NaN,631.919,0.262,0.705,1.023,0.121,Moderate
1966,6,0.776,3.200,0.970,NaN,0.407,0.492,898.973,0.130,0.231,0.638,0.059,Slight
1955,6,0.603,4.010,1.301,0.176,0.666,0.139,NaN,0.172,0.249,0.155,0.000,None_or_Insignificant
1957,7,0.835,3.032,1.441,0.210,0.211,0.317,581.024,0.187,0.485,1.372,0.262,Extensive
1999,6,0.684,4.131,NaN,0.179,0.208,0.189,1296.119,NaN,0.749,0.853,0.043,Moderate
1993,5,0.647,3.765,2.042,0.203,0.099,0.454,2113.015,0.171,0.180,0.356,0.000,Slight
NaN,12,1.210,4.729,NaN,0.291,0.118,0.102,1439.774,0.151,0.250,0.560,0.000,Slight
1980,9,1.292,NaN,1.162,0.285,0.203,0.273,894.252,0.571,0.659,1.034,0.088,Moderate
1985,4,0.469,4.218,1.328,NaN,0.453,0.016,1028.530,0.427,0.803,0.315,0.000,Slight
1975,6,0.726,2.611,0.911,0.154,0.175,0.208,1013.648,0.525,0.797,2.153,1.218,Complete
1964,6,0.713,2.611,0.983,0.185,0.310,0.432,1448.606,0.687,0.907,2.691,1.986,Complete
1982,6,0.488,3.929,1.862,NaN,0.239,0.137,833.868,0.076,0.135,0.030,0.000,None_or_Insignificant
2015,13,2.164,6.436,2.573,0.308,0.072,0.499,3297.730,0.137,0.112,0.030,0.000,None_or_Insignificant
1960,7,0.666,3.341,1.449,0.169,0.137,0.328,672.349,0.636,1.447,NaN,1.392,Complete
1978,7,1.091,3.570,1.799,NaN,0.264,0.398,816.286,0.174,0.329,0.928,0.164,Moderate
2011,6,0.828,NaN,1.973,0.277,0.267,0.203,1709.446,0.313,0.691,0.668,0.000,Slight
2017,7,0.973,6.679,1.924,0.230,0.246,0.167,1403.757,0.225,0.324,0.304,0.000,Slight
NaN,6,0.680,4.713,1.368,0.188,0.229,0.277,2961.588,0.564,0.654,1.164,0.191,Moderate
1981,4,0.540,4.574,1.195,0.209,0.184,NaN,1347.723,NaN,0.419,0.648,0.000,Slight
1991,8,0.909,4.286,1.594,0.174,0.218,0.166,NaN,0.419,0.648,1.159,NaN,Moderate
2003,5,0.542,5.396,1.859,0.123,0.444,0.095,1522.936,0.347,0.459,0.258,0.000,None_or_Insignificant
2006,12,1.204,5.869,2.582,0.244,0.291,0.247,834.265,0.246,0.653,0.945,0.000,Moderate
1956,6,0.699,3.410,1.205,0.148,0.509,0.115,1527.730,0.559,0.917,1.594,0.377,Moderate
1997,4,0.527,4.717,1.932,0.164,0.266,NaN,1564.281,0.175,0.324,0.110,0.000,None_or_Insignificant
1996,9,0.916,3.882,1.115,0.236,0.491,0.604,1835.715,0.590,0.714,1.621,0.326,Extensive
2008,15,1.923,4.594,2.531,0.259,0.286,0.526,1996.926,0.482,NaN,1.156,0.099,Moderate
2019,8,0.784,5.260,2.165,0.334,0.551,0.084,523.136,0.138,NaN,0.389,0.000,Slight
1984,7,0.797,4.022,1.647,0.129,0.396,0.215,683.615,0.342,0.830,1.328,0.198,Moderate
2011,5,0.482,6.170,2.016,0.084,0.187,0.067,1474.498,0.568,0.993,0.456,0.000,Slight
1988,10,1.451,4.871,NaN,0.398,0.253,0.221,1149.203,0.261,0.217,0.510,0.000,Slight
2013,7,0.970,6.153,2.105,0.168,0.130,NaN,1041.841,0.225,0.375,0.500,0.000,Slight
1972,13,1.706,3.777,NaN,0.220,0.560,0.314,1037.077,0.289,0.637,2.656,1.044,Complete
1971,4,0.365,4.358,1.390,0.155,0.136,0.487,1021.657,0.309,0.416,0.451,NaN,Slight
1982,14,2.140,3.503,1.495,0.356,NaN,0.279,803.133,0.067,0.097,0.517,0.002,Slight
2005,9,1.042,5.057,NaN,0.192,0.159,NaN,656.263,0.321,0.830,0.873,0.006,Moderate
1967,NaN,2.200,NaN,1.687,0.366,0.390,0.571,498.317,0.455,0.852,5.424,3.200,Complete
1959,11,1.264,3.241,0.941,0.191,0.262,0.455,2041.053,0.327,0.551,1.904,0.495,Extensive
1994,9,0.929,NaN,1.696,NaN,0.387,0.561,1198.005,0.080,0.070,0.464,0.000,Slight
NaN,13,1.440,3.483,1.353,0.294,0.195,0.155,586.657,0.313,0.522,2.056,0.997,Complete
2022,6,NaN,5.207,2.423,0.267,0.214,0.231,1217.073,0.259,0.473,0.404,0.000,Slight
NaN,8,1.102,5.358,1.917,0.244,0.423,0.085,587.966,0.275,0.615,0.665,0.000,Slight
2015,NaN,0.363,6.793,1.750,0.209,0.258,0.593,3072.208,0.187,NaN,0.561,0.000,Slight
2005,7,0.753,4.765,0.970,0.240,0.302,NaN,2400.535,0.381,0.385,0.228,0.000,None_or_Insignificant
2013,10,1.328,5.821,2.589,0.201,0.391,0.511,2317.923,0.536,1.107,0.785,0.000,Slight
2016,9,1.039,5.446,1.801,0.224,0.478,0.504,NaN,0.095,0.106,0.451,0.000,Slight
1962,6,0.725,2.733,1.166,0.080,0.487,0.176,1708.015,0.391,0.573,1.584,0.318,Extensive
1998,12,1.414,5.720,2.182,0.284,0.397,0.099,2179.665,0.192,0.120,0.335,NaN,Slight
2020,3,0.315,5.053,2.078,0.161,0.522,0.137,2522.569,0.152,0.105,0.030,0.000,None_or_Insignificant
2005,6,0.687,5.155,2.145,0.171,0.401,0.243,891.115,0.112,0.293,0.030,0.000,None_or_Insignificant
1958,10,NaN,4.039,1.972,0.222,0.171,0.164,NaN,0.607,1.465,3.690,1.569,Complete
2009,9,0.993,4.823,1.555,0.246,0.402,0.300,NaN,0.656,1.378,1.679,0.270,Extensive
1998,6,0.754,4.381,1.402,NaN,0.069,0.456,NaN,0.182,0.287,0.641,0.000,Slight
2018,6,0.676,4.800,2.093,0.215,0.222,0.450,877.828,0.075,0.121,0.222,0.000,Slight
2004,7,1.138,4.419,2.030,0.123,0.287,0.336,872.303,0.651,1.344,1.674,0.393,Extensive
1980,11,1.139,4.398,1.919,0.219,0.221,0.241,2275.823,0.559,1.062,1.881,0.429,Extensive
1958,9,0.977,3.884,1.134,0.177,0.099,0.515,3580.233,0.684,0.787,2.095,NaN,Extensive
1956,NaN,1.067,3.635,1.683,0.230,NaN,0.340,1977.001,0.158,0.270,0.639,0.029,Slight
2006,16,1.580,5.332,2.188,NaN,0.260,0.588,556.949,0.850,0.828,1.666,0.316,Extensive
1963,9,1.142,3.844,1.182,0.213,0.105,0.583,1107.598,0.773,1.942,6.020,NaN,Complete
2009,8,0.899,5.367,1.063,0.208,0.618,0.335,541.499,0.740,1.653,2.225,0.430,Extensive
1967,6,0.588,2.874,NaN,NaN,0.304,0.237,1470.735,0.154,0.185,0.991,0.220,Moderate
1976,5,0.482,2.614,0.919,0.212,0.278,0.153,NaN,NaN,0.579,1.175,0.177,Moderate
1993,9,1.014,4.709,2.001,0.172,0.104,0.284,2825.213,0.094,0.094,0.030,0.000,None_or_Insignificant
NaN,5,0.319,5.220,2.353,0.245,0.202,0.259,529.695,0.565,0.714,0.285,0.000,Slight
NaN,9,1.072,2.974,1.983,0.267,0.149,0.376,2097.146,0.163,0.195,0.691,0.055,Moderate
2008,14,1.728,4.682,1.750,0.349,0.528,0.449,2054.803,0.175,0.136,NaN,0.000,None_or_Insignificant
2022,10,1.143,6.449,2.318,0.243,0.358,0.273,1489.364,0.056,0.062,0.284,0.000,None_or_Insignificant
1960,6,NaN,3.368,0.800,0.267,0.513,0.696,NaN,0.142,0.182,0.259,0.000,Slight
1969,8,0.785,3.544,1.636,0.207,0.278,0.199,2009.682,0.334,0.383,0.733,0.062,Slight
1969,11,1.411,3.015,NaN,NaN,0.307,0.563,1573.960,0.326,0.631,2.649,1.052,Complete
1991,6,0.511,4.002,0.988,0.231,0.644,0.379,2422.520,0.163,0.117,0.280,0.000,Slight
2021,10,1.126,5.368,2.164,0.356,0.129,0.329,2162.949,0.284,0.580,0.483,0.000,Moderate
2004,12,1.071,6.419,2.270,0.222,0.531,0.274,1395.128,0.652,1.565,1.306,0.103,Moderate
NaN,6,NaN,3.547,1.143,0.238,0.433,0.139,1553.494,0.064,0.098,0.328,0.000,None_or_Insignificant
2003,8,0.753,4.075,1.682,0.182,0.270,0.374,2927.011,0.086,0.111,0.030,0.000,None_or_Insignificant
1989,15,NaN,4.500,1.859,0.228,0.333,0.307,NaN,0.078,0.180,0.419,0.000,Slight
1983,6,0.746,4.556,1.035,0.185,0.515,0.123,912.694,0.422,0.592,0.487,NaN,Slight
1999,8,0.769,4.306,1.473,0.246,0.150,0.262,1848.130,0.184,0.285,0.377,0.000,None_or_Insignificant
1998,8,0.723,5.059,1.128,NaN,0.051,NaN,502.441,0.147,NaN,0.496,0.000,Slight
1996,NaN,0.841,2.611,1.355,0.193,NaN,0.288,517.936,0.563,1.640,3.957,3.200,Complete
2009,7,0.688,4.672,1.374,0.204,0.300,0.049,679.731,0.552,1.426,1.742,0.341,Extensive
1995,5,0.506,4.349,1.792,0.171,0.141,0.086,NaN,0.077,0.193,0.381,0.000,Slight
2010,8,0.690,5.341,1.689,0.169,0.031,0.548,1646.381,0.880,1.094,0.972,0.052,Moderate
1980,9,0.672,3.642,0.800,0.236,0.343,0.221,938.589,0.142,0.238,0.387,0.000,Slight
1956,9,0.753,2.611,0.800,0.276,0.507,0.366,1077.533,0.492,0.686,2.111,0.957,Complete
1998,7,0.912,3.478,1.864,0.249,0.162,0.022,779.610,0.316,NaN,1.200,0.131,Moderate
2001,8,NaN,5.495,1.787,0.226,0.290,0.027,936.178,0.064,0.130,0.030,0.000,None_or_Insignificant
1969,6,0.985,2.611,0.800,0.239,0.562,0.468,1631.047,0.205,0.286,0.993,0.112,Moderate
1957,5,0.494,2.821,0.989,0.213,0.083,0.342,NaN,0.085,0.073,0.401,0.000,Slight
2014,5,0.598,5.193,2.376,0.203,0.612,0.406,1305.732,0.298,0.651,0.432,0.000,Moderate
2000,NaN,1.410,4.457,1.845,0.370,0.470,0.257,2923.120,0.174,0.303,0.759,0.041,Moderate
2019,8,0.792,6.066,1.651,0.147,0.260,0.278,510.541,0.137,0.275,0.247,0.000,None_or_Insignificant
1966,4,0.471,3.036,1.771,0.163,0.129,0.231,1823.894,0.812,0.865,NaN,0.153,Extensive
2006,4,0.466,5.638,1.516,0.087,NaN,0.240,599.183,0.594,1.057,0.688,0.000,Moderate
NaN,5,0.705,4.668,1.061,NaN,0.454,0.455,NaN,0.311,0.472,1.193,0.213,Moderate
1967,6,0.589,3.321,1.075,0.182,0.055,0.094,957.690,0.239,0.346,0.856,0.171,Moderate
1984,12,NaN,4.421,2.110,0.258,0.335,NaN,NaN,0.164,0.335,0.658,0.000,Slight
2012,NaN,0.987,4.084,1.751,0.209,0.416,0.302,2236.070,0.120,0.198,0.260,0.000,None_or_Insignificant
2002,6,NaN,4.984,1.418,0.190,0.268,NaN,3115.338,0.248,0.250,0.262,0.000,None_or_Insignificant
1963,9,0.957,4.198,1.635,0.239,NaN,0.245,NaN,0.277,NaN,0.608,0.000,Slight
1972,6,0.520,3.782,1.281,0.114,0.319,0.111,1014.288,0.116,0.207,0.194,NaN,None_or_Insignificant
2020,NaN,NaN,5.815,2.282,0.248,0.228,0.732,1045.361,0.341,0.573,1.032,0.047,Moderate
NaN,13,1.343,4.577,1.596,0.273,0.660,0.412,NaN,NaN,0.329,0.841,0.048,Moderate
2017,8,0.649,5.947,2.384,0.246,0.324,0.385,3163.740,0.257,0.283,0.473,0.000,Slight
1977,8,0.912,3.820,2.131,0.215,0.321,0.118,560.600,0.663,1.679,3.252,1.275,Complete
1973,NaN,1.092,4.580,1.877,0.138,0.232,0.270,1098.560,0.372,NaN,1.694,0.458,Extensive
NaN,12,1.145,5.613,2.234,0.251,0.708,0.305,2025.249,0.080,NaN,0.359,0.000,Slight
2009,8,0.578,4.057,1.430,0.107,0.277,0.076,871.660,0.865,1.423,1.199,0.199,Moderate
1980,4,0.380,3.739,1.837,0.094,0.318,0.216,2144.518,0.147,0.137,0.243,0.000,None_or_Insignificant
1998,9,NaN,4.797,1.651,0.185,0.079,0.403,1039.373,0.201,0.436,0.841,0.003,Slight
2005,14,NaN,4.570,1.892,0.319,0.403,0.691,1436.463,0.868,1.134,2.503,0.468,Complete
2009,14,1.653,4.867,NaN,0.338,0.536,0.219,2173.996,0.560,0.579,1.441,0.253,Moderate
1981,4,0.326,4.618,1.689,0.135,0.287,0.118,1925.860,NaN,0.505,0.603,NaN,Moderate
1966,6,0.619,3.175,1.325,NaN,NaN,0.572,1819.400,0.100,0.134,0.115,0.000,None_or_Insignificant
2019,7,0.801,6.328,2.366,0.187,0.552,0.608,NaN,0.069,0.172,0.030,0.000,None_or_Insignificant
1977,10,NaN,2.611,1.335,0.209,0.281,0.529,1147.172,NaN,0.264,1.370,0.321,Moderate
1973,9,0.956,NaN,1.346,0.319,NaN,0.095,1301.670,0.867,1.736,4.443,3.200,Complete
2009,14,1.589,5.580,2.427,0.347,0.252,0.171,602.172,0.177,0.199,NaN,0.000,Slight
1973,6,0.573,3.481,1.319,0.273,0.072,0.116,2698.609,NaN,0.424,0.669,0.080,Slight
2015,7,0.668,5.026,2.346,0.189,0.192,0.061,2049.544,0.555,0.756,NaN,NaN,None_or_Insignificant
1980,4,0.387,4.066,1.609,NaN,0.541,0.134,2184.327,0.267,0.194,0.581,0.000,Moderate
1985,3,0.294,4.895,1.691,0.128,0.309,0.288,958.412,0.628,0.741,0.359,0.000,Slight
1974,8,0.798,3.481,1.945,0.176,0.201,NaN,1270.062,0.880,0.911,1.482,0.282,Extensive
NaN,6,0.474,4.654,1.556,0.136,0.020,NaN,1560.873,0.400,0.791,0.845,0.021,Moderate
2000,7,0.676,5.327,1.454,0.223,0.198,0.207,2466.060,0.143,0.242,0.076,0.000,None_or_Insignificant
2012,4,0.427,4.635,2.009,0.179,0.583,0.036,2320.269,0.154,0.304,0.641,0.000,Slight
2000,5,0.552,4.462,NaN,0.179,0.166,0.279,1943.566,NaN,0.137,0.030,0.000,None_or_Insignificant
2011,6,0.600,5.179,1.573,0.218,NaN,0.152,616.512,0.326,0.752,0.990,0.077,Moderate
1974,5,0.692,4.344,0.800,0.193,0.685,NaN,2885.387,0.253,0.312,0.528,0.030,Slight
2014,5,0.759,6.332,2.117,0.251,0.331,0.285,683.287,0.326,0.638,0.489,0.000,Slight
2012,14,1.366,4.029,1.738,0.298,NaN,0.210,1096.053,0.357,0.690,1.419,0.233,Extensive
2019,9,0.865,6.560,2.506,0.246,0.391,0.158,540.604,0.233,0.514,0.488,0.000,Slight
1978,8,0.766,4.365,1.041,0.192,0.509,0.565,2330.551,0.582,0.583,1.365,0.229,Moderate
1965,12,1.146,2.611,1.624,0.342,0.311,0.575,596.499,0.328,0.473,2.028,0.588,Extensive
2007,7,0.839,4.781,1.620,0.278,NaN,0.010,1027.559,0.613,1.177,1.080,NaN,Moderate
2004,5,0.540,5.503,1.990,0.216,0.136,NaN,908.494,0.684,1.080,1.006,0.039,Moderate
1988,4,0.403,3.974,1.141,0.221,0.418,NaN,3466.004,0.344,0.358,0.438,0.000,Slight
1971,8,0.896,3.496,1.462,0.144,0.464,0.709,1375.531,0.676,1.566,3.433,1.871,Complete
1961,8,1.171,4.281,1.491,NaN,0.409,0.284,1956.637,0.342,0.585,1.592,0.308,Extensive
1986,5,0.770,4.053,NaN,0.183,NaN,0.153,600.604,0.121,0.258,0.664,0.010,Slight
2004,6,0.608,4.445,2.351,0.227,0.389,0.277,1176.030,NaN,NaN,0.030,NaN,None_or_Insignificant
NaN,6,0.699,3.586,0.920,0.170,0.129,NaN,1142.221,0.243,0.269,0.699,0.092,Moderate
1976,6,0.624,4.388,1.754,0.258,0.134,0.307,2385.394,0.057,0.076,0.352,0.000,Slight
2001,7,0.755,5.091,1.708,0.207,0.419,0.010,707.014,0.413,0.791,0.937,NaN,Slight
2017,6,0.972,5.730,1.677,0.147,0.143,0.487,1296.325,0.178,0.297,0.695,0.000,Slight
1985,6,0.861,2.920,1.454,0.262,0.156,0.080,513.832,0.311,0.586,1.110,0.126,Moderate
1997,9,0.796,4.302,1.459,0.217,0.599,0.320,NaN,0.223,NaN,0.432,0.000,Slight
1974,8,1.001,3.576,NaN,0.190,0.089,0.638,NaN,0.087,0.189,0.635,0.037,Slight
1989,8,0.963,5.365,2.362,0.230,0.735,0.239,3318.694,0.303,0.448,0.633,0.000,None_or_Insignificant
2010,14,1.241,4.746,2.017,0.362,0.394,0.214,NaN,NaN,0.470,0.691,0.009,Slight
2003,13,1.443,4.614,2.487,0.243,0.196,0.182,1763.802,0.125,0.115,0.755,0.000,Slight
1982,5,0.504,4.241,1.490,0.203,0.157,0.405,852.211,0.546,0.927,1.526,0.251,Moderate
2012,6,0.736,4.627,1.937,0.191,0.096,0.471,749.255,0.080,0.153,0.234,NaN,Slight
1994,5,0.576,5.377,1.392,0.149,0.363,0.464,NaN,0.649,1.219,1.326,0.160,Extensive
1973,9,0.708,3.538,1.465,0.196,0.554,0.689,2217.270,0.134,0.228,0.709,0.076,Slight
1989,11,0.950,4.078,1.803,0.281,0.488,0.490,1192.434,0.256,0.604,0.992,0.057,Moderate
1956,7,1.040,2.894,0.801,0.179,0.365,NaN,833.107,0.365,0.653,2.514,1.309,Complete
1998,10,1.072,3.765,1.821,0.168,0.276,NaN,3398.881,0.126,0.159,0.471,0.000,Slight
1962,11,1.124,2.611,1.353,0.262,0.186,NaN,1124.652,0.533,0.544,2.223,0.745,Extensive
NaN,NaN,0.953,4.864,1.359,0.237,0.250,0.437,1611.204,0.120,0.224,0.179,0.000,None_or_Insignificant
1957,8,0.830,2.755,1.721,0.264,0.240,0.663,1077.119,0.082,0.182,0.634,0.068,Moderate
1994,12,2.758,5.797,1.710,NaN,0.306,0.283,1768.806,0.178,0.262,0.977,0.041,Moderate
1970,12,1.134,3.464,1.609,0.204,0.465,0.599,2471.788,0.167,0.257,0.665,0.050,Slight
2009,6,0.662,5.395,2.105,0.148,NaN,0.273,1147.149,0.218,0.346,0.631,0.000,None_or_Insignificant
2001,9,NaN,4.397,1.908,0.296,0.052,0.631,587.536,0.559,0.750,1.260,0.158,Moderate
2001,13,1.420,NaN,2.327,0.290,0.471,0.577,603.753,0.112,0.281,0.617,0.000,Moderate
1990,4,0.465,2.681,1.339,0.223,0.174,NaN,644.672,0.378,0.440,0.495,0.000,Slight
1958,NaN,1.290,3.057,0.955,0.137,0.246,0.329,554.163,0.180,0.490,NaN,1.092,Complete
1985,10,0.842,4.061,1.159,NaN,0.157,0.570,1801.693,0.170,NaN,0.750,0.040,Moderate
1966,7,0.697,3.601,1.206,0.107,0.431,0.382,2519.426,0.106,0.103,0.589,0.044,Slight
2012,6,0.676,4.139,1.863,0.168,0.585,0.298,864.544,0.190,0.380,0.649,0.000,Slight
1970,5,0.706,3.211,0.800,0.135,0.080,0.295,774.593,0.051,0.091,0.047,0.000,None_or_Insignificant
1977,8,0.923,2.611,1.015,0.246,0.735,0.301,807.638,NaN,NaN,NaN,0.222,Moderate
1983,11,1.341,4.294,1.700,NaN,0.236,0.687,1290.965,0.627,0.573,NaN,0.149,Moderate
2010,5,0.782,4.928,2.186,0.110,0.322,0.461,1411.850,0.633,0.803,0.475,0.000,Slight
2014,8,0.944,5.482,2.121,0.149,0.523,0.439,2123.258,0.535,0.808,0.685,0.000,Moderate
1976,7,0.732,4.052,1.323,0.208,0.282,0.261,1599.419,NaN,1.302,1.919,NaN,Extensive
1979,10,1.485,5.145,2.189,0.157,0.355,0.252,1089.787,0.052,0.095,0.421,0.000,None_or_Insignificant
1958,5,0.645,3.564,1.643,0.138,0.154,0.200,2905.105,NaN,0.225,0.456,0.000,Slight
1999,6,0.925,4.233,1.527,0.212,0.212,0.213,1489.754,0.396,0.765,1.384,0.178,Moderate
1969,8,1.195,4.167,1.280,NaN,0.191,0.276,1874.088,0.386,0.584,1.206,0.303,Moderate
2001,11,1.156,5.436,2.078,NaN,0.564,0.277,3522.326,0.264,0.229,0.425,NaN,Slight
1957,5,0.448,3.342,0.800,0.279,NaN,0.267,1374.426,0.535,0.941,1.643,0.579,Extensive
1977,10,1.061,3.900,1.436,0.249,0.510,0.228,503.612,0.138,0.438,1.246,0.460,Extensive
1959,11,1.218,3.388,1.352,0.319,0.338,0.188,539.797,0.859,1.955,6.200,3.200,Complete
NaN,7,0.766,3.986,1.664,0.214,NaN,0.461,1317.631,0.415,0.363,0.722,0.078,Moderate
2017,6,0.567,5.011,2.118,NaN,0.278,0.698,524.035,0.308,0.607,0.557,0.000,Slight
1985,NaN,2.346,5.282,2.185,NaN,0.129,0.115,2008.245,0.327,0.233,0.508,0.000,Slight
2020,11,1.230,5.839,2.134,0.190,0.247,0.115,1941.598,0.350,0.233,0.030,0.000,None_or_Insignificant
1956,4,0.469,2.701,0.820,0.189,0.244,0.171,1725.420,0.233,0.456,1.412,0.251,Moderate
2013,8,0.600,5.037,2.149,0.222,0.508,0.600,1014.629,0.545,1.384,1.138,0.097,Moderate
1983,5,0.508,4.332,1.111,0.182,NaN,0.413,745.089,NaN,0.750,0.625,0.000,Slight
1984,3,0.308,3.271,1.261,0.272,0.493,0.196,816.617,0.050,0.062,0.308,0.000,Slight
1998,15,1.718,4.836,1.883,0.305,0.304,0.221,522.398,0.586,1.559,3.623,2.785,Complete
1966,18,2.469,3.073,1.470,0.371,0.224,0.255,NaN,0.137,0.154,1.167,0.280,Moderate
NaN,5,0.578,3.570,1.872,0.081,0.364,0.203,1123.563,0.322,0.525,0.209,0.000,Slight
1997,NaN,0.691,4.028,1.573,0.245,0.263,0.198,2063.730,0.225,0.380,0.466,0.000,Slight
1971,7,0.927,3.129,0.800,0.261,0.397,0.347,2269.600,0.266,0.477,1.417,0.248,Extensive
1965,NaN,1.033,3.963,1.515,0.245,0.342,0.592,2976.053,0.277,0.364,0.890,0.132,Moderate
2015,16,2.619,5.462,2.240,0.274,0.274,0.470,1037.854,0.321,0.425,0.960,0.036,Moderate
2007,NaN,0.450,NaN,1.590,0.249,0.519,0.142,2395.299,0.289,0.478,0.502,0.000,Slight
2000,5,0.464,4.486,1.591,0.308,0.254,0.583,NaN,0.177,0.326,0.224,0.000,None_or_Insignificant
1957,9,1.093,2.799,1.177,0.203,0.619,0.571,2367.103,0.152,0.259,0.999,0.130,Moderate
1967,8,NaN,2.743,1.060,0.162,0.438,NaN,892.336,0.418,0.447,1.544,0.398,Extensive
1997,NaN,0.874,4.669,1.721,0.129,0.532,0.559,1156.339,0.529,1.196,1.462,0.170,Moderate
1963,9,0.745,3.847,1.306,0.193,0.318,0.496,876.854,NaN,0.879,1.690,0.320,Extensive
1973,6,0.923,3.963,1.348,0.187,0.171,0.575,1465.554,0.848,1.828,4.193,2.184,Complete
1967,7,0.981,2.611,1.381,0.080,0.486,0.231,2112.762,NaN,0.500,NaN,0.749,Extensive
1993,8,0.818,4.943,1.269,0.247,0.503,0.110,1423.425,0.340,0.815,1.030,NaN,Moderate
1985,13,1.362,3.822,1.569,0.267,NaN,0.179,2121.634,0.098,0.218,0.594,NaN,Slight
1982,11,1.143,3.742,1.578,0.286,0.137,0.221,908.734,NaN,1.315,3.025,1.125,Complete
2006,7,1.024,4.596,1.616,NaN,0.200,0.049,1783.333,0.100,0.207,0.075,0.000,None_or_Insignificant
2015,6,0.692,6.459,2.477,0.226,0.368,0.174,NaN,0.160,0.225,0.165,0.000,None_or_Insignificant
1987,4,0.553,4.268,1.284,0.153,0.351,0.116,914.856,0.541,NaN,1.602,0.361,Extensive
2019,9,1.063,5.982,1.979,0.119,0.239,0.349,2447.526,NaN,0.470,0.708,0.000,Slight
NaN,8,0.944,NaN,1.680,0.186,0.504,0.549,1696.854,0.828,1.248,3.014,1.153,Complete
1971,6,0.893,NaN,1.603,0.115,0.179,0.664,1977.208,0.330,0.494,1.063,0.140,Moderate
1981,7,0.592,4.503,1.006,0.168,0.263,NaN,1596.240,0.133,0.224,0.030,0.000,None_or_Insignificant
1987,5,0.675,3.462,1.172,0.236,0.263,0.720,2323.248,0.521,0.626,NaN,0.167,Moderate
2007,11,1.163,5.388,1.635,0.243,0.397,0.366,1130.820,0.613,1.379,1.509,0.202,Moderate
NaN,6,0.618,2.963,1.149,0.127,0.217,0.250,630.384,NaN,0.120,0.341,0.000,Slight
2018,14,2.746,5.672,2.166,0.343,0.245,0.114,713.451,0.455,0.467,1.083,0.085,Moderate
1998,7,1.089,3.655,1.962,0.270,0.475,NaN,514.741,0.331,0.885,1.774,0.384,Extensive
2018,5,0.771,4.765,2.197,0.270,0.542,0.349,499.931,0.187,0.622,0.689,0.000,Moderate
1979,9,0.936,4.135,1.144,0.198,0.461,0.216,1111.955,0.279,0.597,1.057,0.281,Moderate
1968,8,1.052,3.903,0.800,0.257,0.326,0.239,790.325,0.342,0.460,1.203,0.226,Extensive
2022,5,0.884,6.208,2.184,0.194,0.456,0.345,3289.528,0.409,0.525,NaN,0.000,Slight
NaN,8,0.694,3.783,1.496,0.138,0.579,0.280,2264.058,0.435,0.343,0.852,0.107,Slight
1989,4,0.487,4.181,1.754,0.189,0.385,0.549,1082.336,0.288,0.473,0.434,0.000,Slight
NaN,9,0.901,5.590,1.665,0.217,NaN,NaN,2543.173,0.616,0.743,1.071,0.046,Moderate
1957,7,0.567,3.359,1.481,0.183,0.097,0.097,797.785,0.422,0.529,0.721,0.060,Moderate
1997,6,0.545,NaN,1.673,0.221,0.207,0.229,1190.820,NaN,0.373,0.317,0.000,Slight
2010,7,0.765,NaN,1.645,0.208,0.234,0.704,2384.154,0.476,NaN,0.613,0.000,Slight
NaN,10,1.354,5.156,1.582,0.262,0.219,0.242,904.242,0.266,0.299,0.413,NaN,Slight
1995,4,0.466,3.889,1.689,0.100,0.359,0.241,2916.890,0.160,0.177,0.030,0.000,None_or_Insignificant
2020,4,NaN,6.032,1.900,0.182,0.037,0.344,539.718,0.187,0.202,0.080,0.000,None_or_Insignificant
NaN,13,2.023,4.396,2.019,0.292,0.238,0.160,2385.371,0.392,0.265,0.654,0.000,Slight
1977,6,0.779,4.177,1.396,0.210,0.344,0.837,1779.206,0.252,0.492,0.870,0.133,Moderate
1999,9,0.763,3.602,1.534,0.241,0.513,0.724,NaN,0.211,0.400,0.985,0.109,Moderate
1988,NaN,0.934,4.655,2.110,0.229,0.210,0.239,1140.814,0.056,0.115,0.030,0.000,None_or_Insignificant
2014,6,1.002,5.237,2.214,0.142,0.297,0.150,2427.592,0.141,0.189,0.107,0.000,None_or_Insignificant
NaN,10,0.913,4.982,1.962,0.241,0.037,0.394,879.738,0.302,0.486,0.356,0.000,Slight
2023,7,0.714,5.454,1.903,0.323,0.253,0.198,1117.270,0.154,0.252,0.095,0.000,Slight
1964,4,0.520,4.009,NaN,0.080,0.307,0.203,1768.360,0.402,0.424,0.359,0.000,Slight
NaN,8,0.904,5.317,2.037,0.138,0.620,0.177,3243.734,0.092,0.109,NaN,0.000,Slight
1988,7,0.845,4.507,1.730,0.246,0.209,0.315,700.213,0.056,0.118,0.382,0.000,Moderate
2004,7,1.184,6.293,2.282,0.080,0.312,0.322,2590.853,0.265,NaN,NaN,0.000,Slight
1972,10,1.432,3.490,0.990,0.242,0.203,0.333,3167.835,0.396,0.305,1.119,0.308,Moderate
1992,14,NaN,4.843,1.889,0.376,0.302,0.604,1171.263,0.324,0.480,1.184,0.100,Moderate
2012,8,0.799,4.817,1.488,0.285,0.230,0.226,2270.528,0.157,0.216,0.169,0.000,None_or_Insignificant
2008,9,1.047,4.489,1.655,0.195,0.255,0.549,NaN,0.441,0.846,NaN,0.159,Moderate
2014,4,NaN,5.224,2.227,0.161,0.059,0.164,551.555,0.770,1.704,0.608,0.000,Moderate
1990,5,0.658,4.435,NaN,0.185,0.168,0.174,NaN,0.239,0.227,0.138,0.000,Slight
1979,5,0.586,3.588,NaN,NaN,0.114,0.306,585.312,0.180,0.254,0.363,0.000,Slight
1973,7,0.759,4.568,1.287,0.225,0.268,0.407,806.027,0.336,0.453,1.087,0.258,Moderate
2011,4,0.478,4.736,1.284,0.212,0.185,0.387,729.908,0.411,1.029,0.547,0.000,Slight
NaN,14,1.885,4.594,2.083,0.364,0.401,0.248,1788.606,0.372,0.660,1.529,0.252,Extensive
2016,8,0.952,5.853,2.165,0.265,0.112,0.190,1353.947,0.809,1.333,1.343,0.176,Moderate
2008,6,0.716,4.811,1.846,0.186,0.251,0.109,794.770,0.351,0.462,NaN,0.000,Slight
1955,7,0.865,3.032,1.445,0.234,0.147,0.141,967.818,0.150,0.283,0.690,0.053,Slight
2007,9,0.970,4.498,1.893,NaN,0.126,0.145,NaN,0.532,0.389,0.388,0.000,Slight
1962,13,1.450,3.455,1.249,0.254,0.708,0.824,1045.443,0.213,NaN,2.507,1.662,Complete
2002,13,1.398,5.884,2.050,NaN,0.389,0.454,553.396,NaN,NaN,NaN,0.007,Moderate
1974,5,0.672,4.124,1.232,0.173,0.445,0.439,1804.419,0.715,0.698,1.144,0.206,Moderate
1962,9,0.718,3.223,1.093,0.183,0.364,0.135,908.560,0.547,1.175,2.794,2.009,Complete
1977,4,0.474,3.298,1.723,0.187,0.545,0.486,1037.949,0.346,0.364,0.198,0.000,Slight
1986,6,0.631,3.754,1.464,0.117,0.280,0.766,NaN,0.505,1.286,1.609,0.312,Extensive
1966,NaN,1.205,NaN,1.435,0.295,0.212,0.357,889.475,0.296,0.396,1.219,0.203,Moderate
NaN,6,0.671,NaN,1.937,0.172,0.332,0.495,1052.543,NaN,0.230,0.169,0.000,None_or_Insignificant
1993,6,0.655,5.382,2.292,0.157,0.061,0.229,1498.921,0.127,0.160,NaN,0.000,None_or_Insignificant
2014,5,0.593,5.551,2.001,0.080,0.246,0.429,1074.888,0.111,0.235,0.191,0.000,None_or_Insignificant
1959,10,0.872,3.638,1.306,NaN,0.119,0.694,758.133,0.520,1.307,3.459,2.700,Complete
2014,9,1.202,6.011,1.963,0.214,0.291,0.340,1507.582,0.108,0.230,0.302,0.000,None_or_Insignificant
2022,6,0.662,5.375,NaN,0.226,0.289,0.519,1089.016,0.069,0.114,0.030,0.000,None_or_Insignificant
1986,6,0.838,NaN,1.325,0.185,0.298,NaN,3596.765,0.420,0.568,0.822,0.035,Moderate
1975,8,0.835,2.611,1.298,0.141,0.493,0.350,3302.703,0.538,0.626,1.895,0.737,Extensive
1979,9,1.182,4.686,1.418,0.181,0.281,0.272,523.481,0.200,NaN,0.298,0.000,None_or_Insignificant
NaN,8,0.918,5.045,2.141,0.134,0.651,NaN,NaN,0.082,0.116,0.030,0.000,None_or_Insignificant
1990,7,1.038,4.134,1.739,0.198,0.458,0.172,508.133,0.300,0.390,0.782,0.024,Moderate
1990,6,0.817,4.491,1.384,NaN,0.149,0.177,NaN,0.791,0.930,0.586,0.000,Slight
2014,6,0.695,5.766,2.085,0.159,NaN,0.058,1553.625,0.110,0.203,0.354,NaN,Slight
2013,4,0.432,5.854,2.633,0.200,0.457,NaN,1033.009,0.253,0.523,0.030,NaN,None_or_Insignificant
2021,3,0.298,5.823,1.867,0.150,0.198,0.143,502.014,0.237,0.385,0.303,0.000,Moderate
2007,7,0.880,4.264,2.088,0.204,NaN,0.320,534.698,0.305,1.066,1.284,0.212,Moderate
1997,8,0.786,4.208,1.154,0.272,0.315,0.493,3455.177,0.505,0.825,1.637,0.300,Extensive
2000,10,1.546,5.268,2.072,0.201,0.432,0.565,535.689,0.178,0.347,0.369,0.000,Slight
2010,5,0.535,4.470,1.609,0.080,0.199,0.051,1360.984,0.250,0.612,0.618,0.000,Slight
1979,13,1.524,4.270,1.124,0.204,0.292,0.606,2692.641,0.086,0.092,0.600,0.047,Slight
1978,6,0.755,2.759,1.159,0.274,NaN,0.360,764.439,0.534,0.577,1.901,0.940,Extensive
2011,8,0.936,4.625,1.078,0.219,NaN,0.379,NaN,0.156,0.553,0.673,0.013,Slight
2010,9,NaN,5.442,2.151,0.177,0.102,0.238,493.510,NaN,2.200,1.842,0.214,Extensive
1984,7,0.786,NaN,1.299,0.270,0.521,0.088,2062.769,0.293,0.295,0.243,0.000,None_or_Insignificant
NaN,NaN,0.963,5.283,1.159,0.193,0.270,0.208,NaN,0.522,1.214,1.544,0.203,Extensive
2000,5,0.611,5.019,1.535,0.168,NaN,0.078,1390.417,0.281,0.370,0.088,0.000,None_or_Insignificant
1993,8,0.841,4.412,1.246,0.179,0.318,0.168,1389.724,0.315,NaN,NaN,0.015,Slight
2014,8,0.729,5.211,2.084,0.207,0.020,0.538,1620.912,0.269,0.316,0.258,0.000,None_or_Insignificant
1970,11,1.138,2.854,1.135,0.247,0.389,0.641,646.598,0.279,0.556,2.175,0.508,Complete
1979,12,1.823,4.474,1.843,0.315,0.498,0.236,3583.727,0.229,0.152,NaN,0.000,Slight
2003,5,0.503,4.384,1.849,0.127,0.373,0.340,2290.276,0.197,0.155,0.431,0.000,None_or_Insignificant
1995,8,0.968,4.403,1.912,0.213,0.077,0.157,NaN,0.473,1.064,1.152,0.141,Moderate
1968,7,1.018,3.389,0.990,0.204,0.380,0.077,3500.197,0.351,0.518,1.595,0.351,Extensive
1989,9,0.918,4.161,1.627,0.225,0.334,0.712,2269.869,0.078,0.124,NaN,0.000,None_or_Insignificant
NaN,6,0.581,4.719,1.715,0.279,0.267,0.193,1640.325,0.424,0.810,0.538,0.000,Slight
1975,7,NaN,NaN,1.804,0.151,0.332,0.532,2205.823,0.168,0.278,0.446,0.000,Slight
1982,4,0.358,4.068,1.556,0.176,0.363,0.611,902.625,0.277,0.494,0.425,0.000,None_or_Insignificant
1978,7,0.769,3.752,1.678,0.259,0.519,0.173,3204.318,NaN,0.703,NaN,0.336,Extensive
2017,4,0.684,5.438,1.797,NaN,NaN,0.098,782.589,0.300,0.510,NaN,0.000,Slight
1977,NaN,0.949,3.837,1.670,0.119,NaN,0.383,2224.075,0.055,0.063,0.146,0.000,None_or_Insignificant
2022,NaN,0.801,5.047,2.194,0.168,NaN,NaN,1466.125,0.851,1.599,1.346,NaN,Moderate
1961,5,0.649,3.358,1.283,0.136,0.164,0.168,2390.069,0.622,0.692,1.060,0.153,Moderate
2005,9,0.686,5.137,1.540,0.258,NaN,0.612,760.781,0.528,0.915,0.692,0.000,Moderate
1987,6,0.551,3.984,1.184,0.115,0.240,0.224,1603.852,0.182,0.274,0.523,0.000,Slight
1988,6,0.745,2.924,1.068,0.211,NaN,NaN,1620.125,0.569,0.929,1.803,0.284,Extensive
2016,10,1.013,5.803,2.286,0.275,0.361,0.146,1758.317,0.063,0.098,NaN,0.000,None_or_Insignificant
2013,4,0.568,5.713,1.955,0.243,0.418,0.094,1512.031,0.565,0.895,0.235,0.000,None_or_Insignificant
1990,4,0.398,3.829,1.391,0.184,0.227,0.093,NaN,0.400,0.757,0.699,0.015,Moderate
2007,11,0.900,4.396,1.519,0.170,0.320,0.427,525.476,0.145,0.315,0.347,0.000,Slight
1965,9,1.120,3.467,1.130,NaN,0.493,NaN,2700.118,0.170,NaN,1.016,0.186,Moderate
2022,9,NaN,5.893,1.913,0.172,0.125,0.264,1855.797,NaN,0.964,1.124,0.103,Moderate
2006,3,0.328,5.155,1.707,0.176,0.309,0.097,659.072,0.195,0.242,0.030,0.000,None_or_Insignificant
1976,7,0.931,4.664,1.521,0.216,0.565,0.132,544.114,0.301,0.513,1.269,0.203,Extensive
1976,NaN,0.801,3.969,1.160,0.215,0.237,0.530,2286.368,NaN,0.885,1.900,0.399,Extensive
1976,7,0.779,3.185,1.316,0.244,NaN,0.344,2418.422,0.200,0.283,0.997,0.220,Moderate
1972,6,0.709,4.477,1.308,0.119,0.564,0.300,963.264,NaN,0.355,0.401,0.000,None_or_Insignificant
2017,8,0.920,6.924,2.016,0.286,0.311,0.160,NaN,0.309,0.695,0.566,0.000,Slight
2000,8,1.187,5.446,1.771,0.241,0.520,0.167,2414.400,0.103,0.157,0.058,0.000,None_or_Insignificant
2022,9,1.222,6.760,2.070,0.207,0.493,0.347,532.507,0.157,0.320,0.334,0.000,Slight
1971,6,0.577,2.611,1.071,0.206,0.330,0.039,3186.867,0.330,0.363,NaN,0.151,Moderate
2002,7,0.657,5.000,1.430,0.251,0.113,NaN,754.449,0.333,0.708,0.965,0.093,Moderate
1979,9,1.307,4.810,1.630,0.268,NaN,0.853,523.661,0.160,0.281,0.717,0.028,Moderate
1999,6,0.564,3.185,1.303,NaN,0.575,0.104,498.087,0.614,NaN,1.267,0.112,Moderate
2017,2,0.224,6.367,2.063,0.181,0.082,0.200,693.287,0.609,0.833,0.346,0.000,None_or_Insignificant
2012,7,0.835,4.932,1.448,0.144,0.152,0.181,2539.656,0.455,0.735,NaN,0.057,Moderate
1993,10,0.873,3.905,1.503,0.275,0.281,0.089,2918.586,0.156,0.184,0.287,0.000,None_or_Insignificant
2011,5,0.514,4.254,1.963,0.262,0.158,0.346,586.450,0.280,0.423,0.224,0.000,Slight
1992,9,1.141,4.067,NaN,0.173,0.279,0.522,1174.052,0.140,0.153,0.342,0.000,Slight
1974,6,0.899,4.063,NaN,0.080,0.248,0.399,2907.487,0.159,0.180,0.109,0.000,None_or_Insignificant
1992,4,0.369,3.202,1.229,NaN,0.369,0.125,605.102,0.293,0.479,0.639,0.020,Slight
2018,9,0.969,6.372,2.361,NaN,0.730,0.467,1644.872,0.119,0.231,0.370,0.000,None_or_Insignificant
1970,5,0.431,3.557,0.843,0.146,NaN,0.162,NaN,0.545,0.684,1.315,0.262,Extensive
1991,7,0.774,3.775,1.783,0.263,0.306,0.265,2269.554,0.342,0.404,0.484,0.000,Slight
2004,4,0.431,5.466,2.187,NaN,0.211,0.201,NaN,0.856,0.868,0.284,0.000,Slight
1982,7,1.126,3.980,1.895,0.191,0.370,0.286,1076.076,0.556,1.006,1.746,0.460,Extensive
1955,6,0.779,2.755,1.161,0.250,0.213,0.299,1403.140,0.329,0.600,1.570,0.305,Extensive
2000,5,0.501,4.576,1.921,0.227,0.153,0.123,496.722,0.126,0.201,0.277,0.000,None_or_Insignificant
1996,10,0.926,5.108,1.261,0.313,0.383,0.267,1550.262,0.273,0.505,0.782,0.031,Moderate
2015,NaN,0.979,5.935,2.726,0.252,0.261,0.072,884.967,0.313,0.488,0.538,0.000,None_or_Insignificant
2001,4,0.361,5.497,1.589,0.338,0.195,0.227,NaN,0.310,0.598,0.682,0.000,Slight
1977,11,0.958,2.843,1.403,0.291,0.305,0.406,522.871,0.305,0.357,NaN,0.224,Extensive
1979,8,0.768,2.767,1.385,0.089,0.776,0.175,NaN,0.383,0.451,1.595,0.440,Extensive
1969,NaN,1.017,2.611,1.359,0.183,0.296,0.102,1634.301,0.271,0.443,1.506,0.279,Extensive
2004,6,0.672,4.998,1.793,NaN,0.533,0.232,2041.175,0.802,1.615,1.317,0.346,Moderate
1995,11,0.857,4.282,1.646,0.233,0.301,0.481,566.217,0.159,0.497,0.819,0.030,Moderate
1981,13,1.462,3.967,NaN,0.247,NaN,0.374,501.401,NaN,1.056,3.488,NaN,Complete
2023,5,0.594,5.376,2.448,0.110,0.121,0.431,1093.304,0.255,0.272,0.155,0.000,None_or_Insignificant
2002,NaN,0.597,4.683,1.582,0.174,0.198,NaN,665.617,0.204,0.554,0.719,0.005,Moderate
1985,NaN,0.868,5.325,1.964,0.226,0.364,0.549,3511.900,0.070,0.051,0.030,0.000,None_or_Insignificant
2011,10,1.310,5.531,2.208,0.174,0.792,0.358,2193.369,NaN,0.343,0.428,0.000,None_or_Insignificant
1979,NaN,1.034,4.543,1.387,0.282,0.472,0.659,1603.907,0.201,0.482,1.141,0.188,Extensive
NaN,6,0.508,3.158,1.253,0.145,0.354,0.252,1381.407,0.170,0.266,0.684,0.073,Moderate
1962,9,0.784,3.733,1.134,0.182,NaN,0.523,2351.138,0.176,0.334,1.013,0.105,Moderate
1995,9,1.149,3.915,1.482,0.212,0.136,0.248,1425.010,0.103,0.115,0.215,0.000,None_or_Insignificant
1984,8,0.930,4.428,1.512,0.201,0.051,0.310,1180.564,0.163,0.340,0.743,0.023,Moderate
1984,12,1.317,4.968,2.346,0.322,0.489,0.167,1808.337,0.256,NaN,0.948,0.025,Moderate
2021,7,0.745,NaN,2.460,0.188,0.239,0.074,646.886,0.491,1.459,0.834,0.000,Slight
2024,5,0.758,NaN,1.747,0.203,0.255,0.183,3362.487,0.314,0.324,0.440,0.000,None_or_Insignificant
2015,9,1.035,6.205,2.254,0.191,0.213,0.727,1013.566,0.737,1.180,0.842,0.000,Moderate
NaN,5,0.701,4.140,1.384,0.148,0.488,0.206,1039.216,0.156,0.202,0.405,0.000,None_or_Insignificant
1964,9,NaN,2.726,1.128,0.301,0.312,0.155,539.603,0.143,0.382,1.320,0.157,Moderate
1976,5,0.449,3.122,1.352,0.218,0.671,0.388,2000.623,0.160,0.181,0.182,NaN,None_or_Insignificant
2009,10,1.342,5.859,2.139,0.302,0.236,0.365,1898.543,0.219,0.244,0.358,0.000,Slight
1975,9,1.150,4.881,1.549,0.201,0.328,0.447,2394.199,NaN,0.878,1.735,0.534,Extensive
2001,4,0.390,3.973,2.003,0.231,0.501,0.203,1070.594,0.069,0.107,0.436,NaN,Slight
1964,10,1.225,3.487,1.557,0.344,0.520,0.335,3497.306,0.875,1.004,3.042,1.422,Complete
NaN,3,0.276,5.644,1.525,0.208,0.529,0.086,2404.501,0.748,0.586,0.046,0.000,None_or_Insignificant
2001,5,0.762,5.374,1.604,0.222,NaN,0.445,660.062,0.326,0.541,0.716,NaN,Slight
1971,5,0.733,3.407,1.268,0.142,0.126,0.209,1761.132,NaN,0.289,0.929,0.136,Moderate
1971,8,1.105,2.711,0.800,0.187,NaN,NaN,NaN,0.280,0.707,2.782,1.587,Complete
2015,5,0.566,5.345,1.986,0.176,NaN,0.117,1156.709,0.436,NaN,0.302,0.000,Slight
2010,6,0.742,4.731,1.920,0.222,0.504,0.396,1832.684,0.379,0.500,0.441,0.000,Slight
NaN,15,1.932,5.124,2.261,0.236,0.402,0.274,708.419,0.477,0.590,1.460,0.188,Moderate
2007,5,0.533,4.163,1.741,0.161,0.597,0.430,1603.986,0.545,0.688,0.807,0.033,Moderate
2002,10,1.156,5.403,2.314,NaN,0.315,0.226,2393.402,0.355,NaN,0.917,0.010,Slight
1986,NaN,1.057,4.737,1.692,0.212,0.472,0.297,1925.285,0.836,1.160,1.769,0.269,Extensive
1985,NaN,0.913,4.293,1.358,NaN,0.076,NaN,1957.234,0.155,0.292,0.544,0.000,Slight
2003,6,0.753,NaN,1.310,0.183,0.587,0.242,508.077,0.304,0.865,1.135,0.126,Moderate
1972,8,0.766,4.109,1.068,0.170,0.128,0.084,791.919,0.494,1.294,1.761,0.305,Extensive
2018,4,0.487,6.477,1.971,0.080,0.356,0.112,3492.339,0.128,0.134,0.122,0.000,None_or_Insignificant
1975,6,0.583,2.648,1.273,0.219,0.031,0.357,3079.304,0.559,0.563,1.017,0.162,Moderate
2019,7,1.078,5.444,2.226,0.234,0.381,0.169,564.656,0.672,1.604,1.533,0.237,Extensive
1967,8,1.090,4.336,1.434,0.183,0.318,0.195,1003.924,0.416,NaN,NaN,0.180,Moderate
2003,7,0.847,4.873,1.921,0.178,0.220,0.093,NaN,0.867,1.323,1.227,0.086,Moderate
2012,8,0.868,5.006,2.033,0.178,0.103,0.358,774.321,0.698,1.500,1.478,0.218,Extensive
2003,6,0.913,4.330,1.559,0.262,0.350,0.461,2344.665,0.326,0.458,0.616,0.000,Slight
2015,8,0.653,4.921,1.818,NaN,0.352,0.335,3561.795,0.334,0.316,0.378,0.000,Slight
2010,11,1.140,4.334,1.548,NaN,0.223,0.173,2058.481,0.151,0.260,0.809,0.036,Slight
1985,9,1.093,4.458,1.591,0.192,0.665,0.425,561.663,0.142,0.295,0.828,0.023,Slight
2020,5,0.472,5.974,2.103,0.109,0.520,0.247,1199.026,0.469,0.851,0.401,0.000,Slight
2010,4,0.567,5.967,1.864,0.208,0.371,0.194,2123.747,0.161,0.245,0.030,0.000,None_or_Insignificant
2003,6,0.564,4.846,1.761,0.181,0.167,0.165,708.648,0.374,1.006,0.400,0.000,Slight
1979,6,0.777,3.994,1.317,0.181,0.282,0.050,2244.856,0.089,0.075,0.030,0.000,None_or_Insignificant
2004,10,1.234,5.083,1.965,0.207,0.591,0.261,NaN,NaN,0.709,1.228,0.182,Moderate
NaN,7,1.080,4.441,1.903,NaN,0.195,0.140,681.010,0.188,0.216,0.508,0.000,Slight
NaN,4,0.434,3.760,0.800,0.206,0.436,NaN,946.542,0.345,0.369,0.715,0.113,Slight
1970,7,0.649,3.662,1.178,NaN,0.105,0.358,NaN,0.114,0.277,0.568,0.037,Slight
1996,9,0.917,4.432,2.061,NaN,0.318,0.473,885.768,0.321,NaN,0.930,0.024,Moderate
2023,2,0.242,5.438,1.837,0.080,0.108,0.102,1009.350,0.510,0.457,0.378,0.000,Slight
1980,13,1.234,3.915,1.530,0.320,0.244,0.362,2065.574,0.183,0.251,0.792,0.035,Slight
1978,4,0.479,3.619,0.800,0.211,0.391,0.144,1872.392,0.194,0.182,0.470,0.019,None_or_Insignificant
1959,9,0.793,NaN,1.285,0.267,0.268,0.354,2255.256,NaN,0.800,1.992,1.055,Complete
2018,5,0.552,5.314,1.840,0.200,0.393,0.088,1572.014,0.302,0.423,0.514,0.000,Slight
2001,12,1.397,4.978,1.892,0.285,0.204,0.256,1131.043,0.085,0.117,0.474,0.000,Slight
2011,6,0.544,5.146,1.908,0.192,0.252,NaN,640.866,0.504,0.779,NaN,NaN,Slight
2012,7,0.705,4.570,1.338,0.242,0.185,0.604,2096.509,0.393,0.362,0.425,0.000,None_or_Insignificant
1983,7,0.685,3.809,1.224,NaN,NaN,0.530,656.289,0.334,0.486,0.838,0.053,Moderate
1995,7,0.746,3.792,1.511,0.225,NaN,0.095,2566.640,0.087,0.129,0.158,0.000,None_or_Insignificant
2004,9,NaN,4.068,1.430,0.319,0.037,0.893,942.336,0.413,0.863,1.259,0.202,Moderate
1996,8,1.249,4.174,1.592,0.261,NaN,0.565,1533.609,0.793,1.071,2.451,NaN,Extensive
1982,6,0.613,2.719,1.102,0.264,0.218,0.080,NaN,0.712,1.534,2.752,1.891,Complete
1965,7,0.920,3.884,1.820,0.155,0.252,0.142,496.289,0.220,0.400,NaN,0.095,Moderate
2010,6,0.599,5.499,2.424,0.080,NaN,0.345,538.146,0.238,0.390,0.472,0.000,Slight
1972,7,NaN,3.217,1.052,0.281,0.591,0.183,533.445,0.128,0.287,0.597,0.062,Moderate
1983,6,0.637,5.400,1.387,0.212,0.467,0.113,2951.076,0.244,NaN,0.379,0.000,Slight
1962,7,0.861,4.191,1.405,0.214,NaN,0.057,2733.868,0.621,0.652,1.109,0.142,Moderate
2013,7,0.679,5.927,1.805,NaN,0.073,0.174,672.136,0.531,1.346,0.647,0.000,Moderate
1966,5,0.747,4.059,1.544,0.160,0.323,0.106,NaN,0.142,0.150,NaN,0.000,None_or_Insignificant
1992,5,0.807,3.772,0.840,0.239,0.275,0.534,568.173,0.328,0.759,1.684,0.346,Extensive
2007,6,NaN,4.207,1.835,0.142,0.371,0.203,1208.957,0.317,0.555,0.303,0.000,Slight
2010,8,0.857,5.572,1.870,0.221,0.341,0.272,716.142,0.165,0.339,0.171,0.000,None_or_Insignificant
2009,5,0.588,4.515,1.692,0.265,0.179,0.172,1846.726,0.106,0.154,0.092,0.000,None_or_Insignificant
2003,10,1.044,4.823,2.182,0.230,NaN,0.095,524.393,0.318,0.984,1.372,0.135,Moderate
1991,9,0.947,4.355,1.445,0.170,0.412,0.422,1025.282,0.329,0.431,0.682,0.000,Slight
1970,4,0.417,5.079,1.765,0.141,0.210,0.064,1319.724,0.237,0.344,0.241,0.000,Slight
1999,9,0.841,4.166,1.703,0.241,0.137,0.376,1141.739,0.098,0.081,0.410,0.000,None_or_Insignificant
1977,5,0.510,3.993,NaN,0.216,0.315,0.474,3094.055,0.337,0.323,0.298,NaN,None_or_Insignificant
1971,NaN,0.625,3.545,1.883,0.219,0.223,0.274,2424.019,0.234,0.230,0.241,0.000,Slight
2024,8,1.332,5.602,2.132,0.162,NaN,0.100,886.857,0.338,0.381,0.132,0.000,None_or_Insignificant
2004,2,0.200,4.658,1.979,0.144,0.299,0.279,1624.587,0.228,0.224,0.132,0.000,Slight
1987,9,1.328,4.851,1.275,0.307,0.196,0.350,2225.830,0.189,0.171,0.750,0.018,Moderate
1995,8,0.791,3.446,1.244,0.199,0.222,0.241,1030.823,0.437,0.903,1.633,0.365,Extensive
1961,5,0.564,4.184,1.396,0.150,0.063,0.231,1083.123,0.568,1.156,1.454,0.247,Moderate
NaN,6,NaN,5.458,1.918,0.147,0.200,0.276,1548.284,0.730,0.964,NaN,0.048,Moderate
NaN,5,0.635,3.261,1.038,0.175,0.352,NaN,1413.301,NaN,0.852,1.885,0.705,Extensive
1961,8,0.676,3.512,1.181,0.256,0.177,0.455,2557.365,NaN,0.245,0.630,0.050,Slight
1990,10,1.113,4.537,1.189,0.221,NaN,0.232,2152.743,0.839,NaN,1.471,0.268,Extensive
1991,6,0.624,4.183,1.466,0.178,0.068,0.030,566.549,0.257,0.479,0.416,0.000,Slight
NaN,NaN,0.497,3.072,0.906,0.198,0.362,0.070,1562.825,0.109,0.172,0.355,0.000,None_or_Insignificant
1970,3,0.345,3.197,0.804,0.137,0.377,0.435,3054.715,0.140,0.113,0.491,0.033,Slight
1987,12,1.415,5.603,1.827,0.255,0.359,0.219,1730.161,0.307,0.353,0.516,0.000,Slight
1985,6,0.600,4.655,1.417,0.135,0.168,0.125,663.245,0.817,1.155,1.318,0.090,Moderate
1994,8,0.742,4.117,1.155,0.265,0.104,0.373,1056.476,0.431,0.754,1.163,0.220,Moderate
2002,9,0.856,3.476,1.811,0.212,0.241,0.571,1963.383,0.788,1.202,1.662,0.301,Extensive
1955,7,0.754,2.611,NaN,0.121,0.172,0.510,1037.507,0.681,1.078,2.896,1.163,Complete
2014,NaN,0.858,NaN,1.836,0.272,0.390,0.458,1687.516,0.556,0.847,1.027,0.081,Moderate
1976,8,1.128,4.047,1.237,0.209,0.170,0.361,518.806,0.510,1.298,3.459,3.013,Complete
1961,10,1.130,2.886,1.502,0.193,0.376,0.578,2064.144,0.168,0.101,0.652,0.078,Slight
2001,7,0.784,4.437,1.585,0.166,NaN,0.411,815.157,0.194,0.445,0.588,0.000,Slight
1981,4,0.405,5.508,2.471,0.184,0.230,NaN,732.585,0.502,NaN,0.547,0.000,Slight
1987,3,0.374,4.757,1.345,0.158,0.069,0.134,1356.270,0.172,0.296,0.372,0.000,Slight
NaN,10,NaN,3.572,1.464,0.251,0.282,0.277,NaN,0.421,0.431,0.945,0.126,Moderate
1991,7,0.729,5.639,1.379,0.224,0.064,0.317,533.763,0.332,0.512,1.038,0.080,Moderate
2008,10,1.299,4.951,2.087,NaN,0.442,0.462,528.465,0.620,1.907,3.098,0.502,Complete
1974,6,0.552,3.640,1.209,0.237,NaN,0.310,1047.513,0.178,0.364,0.725,0.085,Moderate
2023,9,1.030,6.147,2.600,0.250,0.319,0.403,1302.083,0.285,0.365,NaN,0.000,Slight
NaN,11,1.289,5.846,2.489,0.236,0.539,0.480,754.951,0.177,0.347,0.512,0.000,Slight
NaN,9,1.063,4.542,NaN,0.178,0.252,NaN,494.186,0.535,1.125,1.732,NaN,Extensive
1971,9,1.073,2.656,0.800,0.190,0.130,0.326,976.214,0.222,0.244,1.317,0.252,Extensive
1981,7,0.646,4.195,1.189,0.173,0.535,0.291,3481.978,0.277,0.388,0.388,0.000,Slight
NaN,10,0.922,3.607,2.102,0.217,0.487,0.319,2442.894,0.788,1.222,2.329,0.778,Complete
2022,9,NaN,NaN,2.075,0.271,0.109,0.387,1904.892,0.369,0.651,0.830,NaN,Moderate
1980,7,0.623,5.023,1.814,0.198,0.516,0.169,1846.804,0.520,0.712,0.474,0.000,Slight
2010,12,0.957,5.238,2.106,0.259,0.356,0.364,655.843,0.435,0.745,1.144,NaN,Moderate
1975,11,NaN,6.008,1.801,0.267,0.152,0.122,562.762,0.152,0.267,0.666,0.000,Slight
2006,8,0.864,5.562,2.162,0.121,NaN,0.302,571.358,0.100,0.277,0.079,NaN,None_or_Insignificant
2005,14,1.093,5.571,2.359,0.218,0.353,0.256,NaN,0.392,0.846,0.915,NaN,Moderate
NaN,6,0.635,5.095,1.055,0.229,0.177,0.530,3480.833,0.141,0.117,0.232,0.000,None_or_Insignificant
1966,11,NaN,2.941,1.276,0.182,0.356,0.121,907.323,0.675,0.863,2.362,0.828,Extensive
1971,NaN,0.508,4.198,1.535,0.221,0.233,0.452,1391.430,0.053,0.069,0.402,0.000,Slight
2016,8,0.883,5.839,1.873,0.243,0.229,0.084,2010.597,0.226,0.235,0.129,0.000,None_or_Insignificant
NaN,12,1.165,2.981,1.439,0.238,0.538,0.109,607.884,0.216,NaN,2.384,1.417,Complete
NaN,7,0.967,5.221,1.867,0.148,0.273,0.625,692.362,0.137,0.273,0.547,0.000,Slight
2018,5,0.622,6.284,2.025,0.174,0.200,0.452,820.787,0.107,0.285,0.848,0.000,Slight
2024,7,0.813,NaN,2.026,0.179,NaN,0.454,NaN,0.322,0.326,NaN,0.000,Slight
2020,5,0.669,5.740,1.588,0.120,0.109,0.118,816.427,0.659,0.876,0.259,0.000,Slight
1984,8,0.748,4.594,1.320,0.224,0.234,0.136,934.895,0.099,0.213,0.129,0.000,None_or_Insignificant
1970,9,0.796,3.169,1.317,0.204,0.234,0.276,3023.399,0.077,0.089,NaN,0.000,None_or_Insignificant
2016,12,1.169,5.785,2.594,0.187,NaN,0.171,1635.135,0.053,0.113,0.092,0.000,None_or_Insignificant
2007,5,0.454,4.946,2.111,0.217,0.481,0.308,870.223,0.628,1.763,1.068,0.099,Moderate
1970,10,1.067,4.632,1.315,0.128,0.247,0.540,1090.180,0.306,0.536,1.245,0.185,Moderate
2000,8,0.614,5.065,1.695,0.242,0.144,0.292,677.881,0.160,0.207,0.710,NaN,Slight
1988,6,0.923,3.779,1.735,0.175,0.163,0.525,1504.117,0.487,0.617,1.481,NaN,Moderate
2004,5,0.722,4.673,1.910,0.080,0.119,0.447,689.196,0.202,0.394,0.558,0.000,Slight
1994,NaN,0.767,NaN,1.331,0.222,0.256,0.225,1258.432,0.493,0.987,0.733,NaN,Slight
1982,NaN,1.095,4.903,1.614,0.181,0.286,0.216,1317.897,0.114,0.176,0.585,0.000,None_or_Insignificant
2006,9,0.997,4.601,NaN,0.319,0.392,0.326,1036.873,0.394,NaN,1.385,0.291,Moderate
1965,7,0.679,2.958,NaN,0.169,0.270,0.129,2213.553,NaN,0.209,0.527,0.027,Slight
1985,6,0.657,4.080,NaN,0.277,0.194,0.422,514.252,0.278,0.416,0.369,NaN,Slight
1961,8,0.933,3.602,1.326,0.232,0.107,0.528,497.818,0.441,0.658,2.093,0.415,Extensive
1994,6,0.590,4.516,1.403,NaN,0.210,0.438,570.646,0.424,0.938,1.131,0.088,Extensive
1997,4,0.414,NaN,1.632,0.155,0.205,0.026,667.438,0.482,0.555,0.230,0.000,Slight
1970,9,1.121,4.364,2.006,0.182,0.020,0.329,2312.923,0.054,0.050,0.089,0.000,None_or_Insignificant
1979,14,1.553,3.784,1.284,0.283,0.307,0.299,613.442,0.128,0.234,1.132,0.348,Moderate
1976,7,0.859,3.130,NaN,NaN,0.212,0.073,1230.180,0.476,0.680,1.373,0.282,Extensive
1986,8,1.040,4.829,1.565,0.182,NaN,0.418,1154.636,0.747,0.670,NaN,0.008,Moderate
2017,7,0.839,5.176,1.439,NaN,0.268,0.475,987.717,0.525,1.113,1.269,0.187,Moderate
1955,7,0.690,3.896,1.419,0.222,0.246,0.604,501.867,0.452,1.444,3.066,0.934,Complete
1973,13,1.653,2.611,1.718,0.265,0.211,0.278,1766.480,0.060,NaN,0.507,0.022,Slight
1981,13,1.812,4.426,1.494,0.256,0.450,NaN,1011.316,0.068,0.097,0.254,0.000,Slight
1996,7,1.332,4.875,NaN,0.262,0.085,0.320,704.459,0.286,0.582,1.340,0.126,Moderate
2008,NaN,0.892,4.874,NaN,0.335,0.645,0.261,1202.211,0.658,0.515,0.560,0.000,Slight
2011,NaN,0.539,5.221,2.084,0.080,0.319,0.043,1020.144,0.164,0.189,0.436,0.000,Slight
2011,10,1.292,5.594,1.441,NaN,0.369,0.276,1064.242,0.134,0.171,0.705,0.000,Slight
1996,3,0.406,3.888,1.804,0.172,0.120,0.195,1002.894,0.480,0.756,0.821,0.039,Moderate
1993,7,0.712,3.521,1.847,0.257,0.221,0.113,791.814,0.831,2.093,2.725,1.020,Complete
1967,6,0.875,3.450,1.201,0.138,0.266,0.469,1020.072,NaN,1.014,2.621,2.096,Complete
1958,9,0.806,2.611,1.363,0.119,0.190,0.219,NaN,0.697,0.938,3.084,1.505,Complete
1998,6,0.771,4.877,1.745,0.140,0.139,0.322,2006.263,0.246,0.451,0.208,0.000,None_or_Insignificant
1962,5,0.630,NaN,1.211,0.208,0.283,0.398,875.295,0.307,0.501,1.296,0.297,Extensive
2001,9,0.776,3.826,1.526,0.362,0.239,0.460,2467.933,0.607,0.968,1.528,0.230,Extensive
1955,8,1.208,3.562,1.599,0.246,0.618,0.433,1537.966,0.231,0.508,1.669,0.558,Extensive
NaN,NaN,1.125,3.465,1.142,0.243,0.345,0.456,2559.203,0.552,0.869,2.801,0.838,Complete
1990,5,0.506,4.872,NaN,0.097,0.150,0.438,1555.886,0.057,0.112,0.149,0.000,None_or_Insignificant
2018,10,1.126,5.891,2.459,0.180,NaN,0.233,3213.228,0.388,0.344,0.259,0.000,None_or_Insignificant
1999,9,1.210,4.216,2.372,0.123,0.073,0.458,3050.561,0.095,0.163,0.319,0.000,None_or_Insignificant
1970,6,0.685,3.016,1.384,0.142,0.167,0.709,561.125,0.432,0.651,1.427,0.331,Extensive
1979,4,0.405,3.031,1.221,0.130,0.036,0.120,NaN,0.438,NaN,1.607,0.346,Extensive
2006,3,0.368,NaN,1.644,0.109,0.384,0.299,1017.749,0.258,0.339,0.338,0.000,Slight
1968,5,0.559,3.723,1.207,0.177,0.315,0.433,1995.709,0.114,0.245,0.532,0.004,Slight
2010,14,NaN,4.813,2.077,0.318,0.365,0.434,1789.121,0.138,0.203,0.562,0.000,Slight
1972,7,0.797,4.938,1.754,0.209,0.118,0.339,2444.311,NaN,0.865,0.847,0.054,Slight
2018,5,0.492,5.162,1.628,0.189,0.075,0.755,998.140,0.134,0.281,0.266,0.000,Slight
1993,7,0.782,4.369,0.991,0.328,0.351,0.286,NaN,0.283,0.495,0.906,0.075,Moderate
1963,5,0.576,3.795,0.967,0.133,0.075,0.374,2375.564,0.363,0.619,1.044,0.141,Moderate
NaN,11,1.280,6.025,2.210,0.256,0.353,0.308,2530.509,0.410,0.610,0.284,0.000,None_or_Insignificant
2011,NaN,0.850,5.322,2.024,0.092,0.742,NaN,529.163,0.410,1.059,1.401,0.106,Moderate
1973,10,NaN,2.611,1.568,0.189,0.078,0.234,1208.074,0.468,0.863,2.831,1.442,Complete
2011,4,0.465,5.436,1.810,0.259,0.318,0.298,501.699,0.423,0.935,0.799,0.003,Moderate
NaN,7,0.700,3.420,1.323,0.228,0.162,0.564,1362.201,0.830,1.380,3.009,2.160,Complete
2009,11,0.996,4.381,1.943,0.294,0.081,0.417,677.280,0.254,0.420,0.931,0.080,Moderate
NaN,11,0.965,3.202,NaN,0.208,NaN,0.224,2006.319,NaN,0.124,0.291,0.000,None_or_Insignificant
1993,5,0.684,3.160,0.852,0.206,0.190,0.182,535.515,0.233,0.421,0.932,0.103,Moderate
2003,5,0.594,5.280,1.549,0.187,0.363,0.010,1747.851,0.224,0.297,0.067,0.000,None_or_Insignificant
1995,NaN,0.952,3.350,1.217,0.222,0.629,0.627,1694.377,NaN,0.187,0.251,NaN,None_or_Insignificant
1991,8,0.954,3.679,1.404,0.227,0.355,0.229,1516.427,0.298,0.625,1.699,0.281,Extensive
2000,4,0.450,5.000,2.082,0.080,0.374,0.299,2277.805,0.699,0.797,0.173,0.000,None_or_Insignificant
2019,7,0.901,5.949,2.307,0.205,0.153,0.137,NaN,0.336,0.800,0.955,0.011,Slight
1988,4,0.328,4.797,1.791,0.172,0.110,0.357,2596.391,0.095,0.083,0.030,0.000,None_or_Insignificant
2015,9,0.954,5.741,2.433,NaN,0.218,0.200,NaN,0.165,0.381,0.424,0.000,Slight
