Span Length (m),Overall Section Depth (mm),Flange Width (mm),Web Thickness (mm),Flange Thickness (mm),Steel Yield Strength (MPa),Elastic Modulus (GPa),Tributary Width (m),Superimposed Dead Load (kPa),Live Load (kPa),Additional Point Load (kN),Point Load Position Ratio (-),Composite Action Ratio (-),Initial Camber (mm),Maximum Midspan Deflection (mm)
8.35,445.0,215.0,12.5,16.0,420.4,203.95,4.83,2.68,3.42,72.1,0.555,0.266,2.5,23.67
6.14,355.0,185.0,12.0,11.5,350.2,200.78,3.09,1.79,2.99,NaN,0.526,0.0,0.0,14.73
6.82,345.0,NaN,9.0,13.0,349.1,198.5,2.87,1.7,2.96,0.0,0.458,0.566,0.5,6.61
8.55,420.0,190.0,9.5,17.0,356.6,197.15,2.85,2.9,3.65,15.0,0.612,0.175,6.5,15.07
10.72,490.0,260.0,10.0,15.0,356.0,199.58,3.44,1.88,3.07,19.9,0.589,0.38,2.0,22.96
5.86,325.0,165.0,9.5,12.0,360.5,NaN,2.83,1.23,2.74,17.3,0.618,0.0,NaN,12.56
11.03,495.0,265.0,10.0,15.0,351.8,196.93,3.9,3.75,5.09,0.0,0.666,0.114,20.5,37.23
5.37,325.0,170.0,8.5,16.5,249.4,NaN,2.51,1.39,2.96,0.0,0.531,0.378,0.0,1.83
8.84,470.0,235.0,11.5,15.0,338.7,198.83,3.39,1.02,3.64,0.0,0.562,0.542,5.0,5.65
5.95,295.0,170.0,8.0,NaN,345.1,204.65,3.13,2.85,NaN,0.0,0.676,0.21,1.0,10.4
10.02,435.0,190.0,12.5,20.0,359.9,198.62,3.03,3.0,4.13,15.4,0.588,0.205,15.0,19.59
6.75,410.0,220.0,8.5,18.0,341.4,198.13,3.3,2.72,7.41,19.1,0.408,NaN,2.5,8.02
NaN,NaN,225.0,9.0,22.5,361.6,196.63,4.2,1.65,3.46,0.0,0.323,0.227,0.0,15.45
5.86,270.0,135.0,9.5,8.0,350.4,197.48,3.33,1.7,3.78,0.0,0.524,0.0,7.5,22.67
10.71,470.0,220.0,18.0,17.0,428.2,196.36,2.73,1.43,5.8,15.3,0.483,NaN,6.5,16.13
8.73,445.0,210.0,14.5,NaN,334.8,199.94,2.9,2.28,5.34,0.0,0.512,0.379,NaN,8.59
7.04,380.0,190.0,14.5,14.0,363.8,200.99,3.43,1.0,2.53,39.1,0.716,0.505,0.0,9.96
8.36,395.0,180.0,8.5,12.5,362.5,202.22,4.2,0.88,3.36,0.0,0.521,0.436,5.0,15.3
9.1,415.0,190.0,10.0,17.0,344.3,204.25,3.13,2.91,NaN,0.0,0.59,0.38,11.5,7.6
11.58,485.0,225.0,9.0,17.5,355.5,NaN,3.82,1.33,4.7,24.8,0.623,NaN,10.5,57.34
12.37,570.0,295.0,NaN,21.5,351.3,197.63,5.36,1.25,5.69,83.1,NaN,0.279,7.5,50.81
6.49,335.0,170.0,NaN,11.0,355.5,200.02,3.34,NaN,4.84,56.6,0.5,0.585,0.0,16.06
9.1,NaN,200.0,7.5,12.0,354.3,199.88,3.12,0.58,2.38,31.0,0.379,0.523,0.0,19.38
6.75,360.0,175.0,NaN,12.0,NaN,201.23,4.27,1.62,3.49,0.0,0.35,0.231,4.0,10.54
NaN,325.0,180.0,7.0,14.5,300.0,203.66,2.69,0.93,NaN,15.5,0.586,0.552,0.0,5.01
10.47,540.0,250.0,18.0,17.0,353.7,198.4,4.58,2.1,5.05,0.0,0.503,0.586,2.0,19.29
10.31,500.0,255.0,13.0,16.5,351.1,204.29,4.26,NaN,4.56,0.0,0.473,0.0,2.0,29.24
10.36,440.0,210.0,11.0,15.5,353.6,199.36,3.12,2.72,2.65,0.0,0.492,0.392,10.5,17.49
8.13,385.0,180.0,8.5,10.0,344.2,205.36,3.49,2.0,4.16,NaN,0.529,0.168,8.0,25.75
8.94,440.0,225.0,13.5,18.0,422.5,202.74,4.35,0.65,1.98,0.0,0.243,0.0,NaN,12.85
5.03,305.0,135.0,10.0,8.0,251.5,195.36,2.88,2.26,3.86,NaN,0.742,0.606,4.5,1.07
8.26,410.0,205.0,14.5,20.0,346.1,204.17,3.56,1.93,3.53,77.8,0.397,0.0,6.5,24.71
7.76,410.0,230.0,12.0,14.5,245.6,203.21,4.23,1.45,2.53,0.0,0.635,0.607,0.0,8.1
10.31,545.0,260.0,16.0,24.0,427.4,NaN,4.99,NaN,9.21,38.3,0.516,0.251,14.5,35.43
4.82,375.0,200.0,9.0,12.5,362.6,204.79,2.81,1.35,3.35,0.0,0.539,0.0,1.5,1.0
5.04,300.0,150.0,8.0,9.5,241.7,NaN,3.45,1.28,2.66,0.0,0.22,0.211,1.5,5.01
8.79,NaN,220.0,9.0,19.5,417.7,205.97,4.52,2.04,3.97,24.8,0.604,0.289,8.0,16.28
7.06,400.0,190.0,8.5,11.5,360.4,193.01,3.54,1.28,5.1,33.1,0.484,NaN,1.0,24.32
5.63,340.0,155.0,9.0,13.0,409.3,197.19,4.07,1.77,3.49,40.9,0.579,0.35,0.0,11.66
7.6,340.0,185.0,9.5,12.0,422.1,204.16,3.36,2.48,4.41,0.0,0.353,0.317,10.0,15.06
6.84,330.0,175.0,8.5,14.0,299.7,200.28,2.82,0.78,2.59,0.0,0.554,0.634,0.0,5.83
11.6,570.0,255.0,17.0,19.0,345.3,199.58,4.49,1.99,6.95,70.9,0.586,0.291,13.0,35.31
7.13,455.0,225.0,11.0,15.0,418.3,194.75,4.86,NaN,9.9,56.6,0.4,0.27,0.0,23.09
10.33,500.0,NaN,11.0,NaN,348.8,199.6,4.41,3.6,7.66,72.2,0.538,0.587,11.5,21.47
7.08,365.0,175.0,9.0,13.0,350.4,197.98,3.83,1.09,4.47,0.0,0.42,0.285,0.0,15.07
7.65,445.0,190.0,8.5,10.5,356.3,196.07,4.43,1.25,4.56,55.6,0.306,0.284,0.5,24.91
8.82,460.0,210.0,15.0,15.5,345.2,196.09,3.7,2.42,3.27,0.0,NaN,0.0,1.0,22.58
5.08,345.0,NaN,12.5,14.5,409.0,202.55,3.04,4.16,7.75,0.0,0.626,0.319,0.0,5.81
6.06,350.0,190.0,13.0,12.0,422.6,NaN,4.61,2.83,2.92,11.1,0.55,0.241,NaN,11.72
10.66,450.0,205.0,9.5,19.5,337.6,192.37,4.42,1.2,4.63,0.0,0.459,0.0,1.5,52.59
8.67,490.0,240.0,14.5,16.5,353.2,NaN,2.92,1.53,8.44,0.0,0.562,0.305,0.0,15.39
10.46,520.0,245.0,12.0,15.0,351.7,199.67,3.34,2.93,5.85,88.6,0.42,0.426,10.5,29.75
7.92,470.0,235.0,10.5,17.5,356.8,203.23,4.09,4.42,5.93,28.3,0.554,0.452,0.0,14.76
5.98,355.0,180.0,12.0,18.0,298.4,200.2,NaN,1.93,2.86,10.8,0.577,0.0,0.0,8.95
11.32,540.0,260.0,14.5,NaN,295.7,202.7,3.73,2.87,6.63,0.0,0.323,0.306,13.0,25.1
5.91,NaN,170.0,9.5,14.5,301.5,NaN,3.57,NaN,3.47,25.4,0.636,0.607,0.5,6.27
8.38,440.0,220.0,9.0,14.0,415.6,197.84,3.01,1.08,7.5,80.4,0.453,0.266,0.5,34.44
5.36,345.0,170.0,10.0,12.5,343.9,200.32,3.61,1.29,3.4,0.0,0.503,0.372,0.0,4.51
11.15,NaN,NaN,10.0,13.5,338.7,199.86,2.69,2.3,NaN,63.6,0.661,0.156,9.5,46.5
8.59,415.0,215.0,7.5,NaN,343.9,198.41,4.78,2.99,2.6,0.0,NaN,0.0,18.5,26.4
7.77,415.0,190.0,9.5,15.5,415.5,198.22,NaN,1.24,5.85,0.0,NaN,0.0,0.5,26.01
7.2,385.0,225.0,9.5,NaN,356.0,203.5,3.95,1.76,3.25,0.0,0.456,0.503,0.5,8.67
9.75,455.0,235.0,13.0,19.0,349.0,198.77,4.46,2.75,4.5,0.0,0.417,0.352,11.5,17.42
9.18,465.0,NaN,14.5,15.5,349.7,195.94,4.91,2.05,4.13,0.0,0.436,0.0,9.5,22.73
7.46,420.0,240.0,9.0,22.0,364.3,198.47,2.87,1.6,3.21,29.9,0.692,0.0,0.0,9.21
9.6,510.0,230.0,12.0,16.5,249.3,200.37,4.21,NaN,6.11,0.0,0.616,0.345,9.0,19.63
10.35,510.0,235.0,12.0,23.0,355.1,205.03,3.94,2.43,4.78,0.0,0.565,0.118,8.5,19.7
5.49,370.0,175.0,11.5,11.0,354.5,201.19,3.89,2.74,4.04,35.7,0.319,0.547,2.0,5.98
7.95,420.0,200.0,9.0,17.0,355.0,203.26,4.57,2.76,2.58,38.0,0.603,0.622,1.5,13.32
7.76,370.0,185.0,8.0,15.0,411.1,200.49,3.2,1.92,4.24,NaN,0.56,0.404,NaN,11.78
11.94,550.0,280.0,18.0,23.5,346.0,NaN,3.02,2.96,6.99,0.0,0.506,0.0,0.0,37.46
9.08,485.0,240.0,16.0,18.0,361.3,198.36,4.49,3.0,3.68,0.0,0.709,0.0,7.0,18.84
8.56,420.0,NaN,14.0,15.0,360.8,201.95,3.95,0.83,NaN,0.0,0.6,0.529,0.0,9.52
6.91,360.0,175.0,9.0,12.0,NaN,195.18,3.03,1.65,NaN,0.0,0.394,0.0,5.5,9.02
9.1,390.0,175.0,NaN,14.0,338.6,193.37,4.09,1.54,4.21,22.5,0.571,0.0,NaN,49.11
NaN,340.0,170.0,10.0,12.0,341.6,195.08,2.83,1.27,4.78,68.2,0.374,0.0,1.0,23.18
5.36,375.0,180.0,8.0,10.5,350.5,NaN,4.01,1.07,3.99,59.3,0.551,0.0,NaN,12.57
6.13,335.0,185.0,6.5,12.0,347.4,199.9,NaN,1.09,3.06,0.0,0.39,0.565,0.0,6.09
10.59,500.0,260.0,16.0,14.5,344.6,208.37,4.2,2.14,5.78,0.0,0.514,0.139,14.5,27.8
6.23,360.0,185.0,8.0,11.0,341.7,NaN,3.8,1.96,NaN,65.0,0.672,0.0,0.5,24.67
7.26,390.0,225.0,8.0,15.5,297.3,196.02,3.31,1.24,4.5,NaN,0.681,0.253,0.0,10.26
7.49,425.0,190.0,9.5,10.5,414.6,200.54,3.14,NaN,2.12,0.0,0.565,0.296,0.5,6.05
8.14,420.0,205.0,10.5,14.0,349.1,201.91,4.21,0.71,2.29,0.0,0.612,0.0,5.0,10.26
8.24,395.0,190.0,12.0,14.0,301.6,196.82,3.15,0.52,2.28,0.0,0.543,NaN,0.0,11.34
5.69,NaN,165.0,12.0,12.5,244.1,194.76,4.02,1.49,4.48,38.4,0.315,0.406,1.5,11.03
6.94,410.0,205.0,13.0,19.0,338.8,203.56,3.03,NaN,2.49,0.0,0.579,0.124,5.0,1.54
8.7,445.0,210.0,9.5,17.0,349.9,195.28,3.44,0.85,4.32,0.0,0.395,0.571,0.0,10.16
10.67,470.0,245.0,11.5,17.5,342.6,206.1,4.13,2.89,4.77,0.0,NaN,0.276,NaN,27.74
10.73,450.0,215.0,9.5,NaN,345.8,NaN,3.43,2.69,4.8,22.2,0.446,0.52,16.5,27.5
NaN,340.0,180.0,8.0,11.0,346.1,NaN,3.46,1.23,4.01,13.4,0.726,0.0,0.0,8.81
10.27,455.0,220.0,9.5,13.5,253.8,199.02,3.54,2.26,4.37,0.0,0.393,NaN,14.5,16.85
11.41,NaN,255.0,12.0,18.5,345.7,199.86,5.02,2.32,4.99,77.9,0.288,0.493,1.0,45.0
7.88,450.0,240.0,9.0,16.5,NaN,192.52,4.99,0.96,4.62,43.2,0.289,0.377,0.5,15.75
8.33,405.0,215.0,9.0,15.0,NaN,201.79,NaN,1.1,3.03,NaN,0.531,0.0,1.5,27.97
NaN,430.0,235.0,NaN,15.5,350.2,NaN,4.76,2.09,4.21,0.0,0.657,0.27,NaN,17.09
8.28,350.0,180.0,7.0,10.5,252.2,199.75,3.14,1.08,2.22,19.0,0.327,0.0,5.0,27.48
7.42,415.0,215.0,11.5,15.5,336.7,205.1,4.21,1.97,5.27,NaN,0.347,0.243,4.5,14.49
11.14,600.0,270.0,16.5,16.5,354.0,195.48,NaN,3.48,6.39,NaN,0.457,0.435,1.5,39.44
5.54,370.0,NaN,10.0,11.0,348.4,193.93,4.38,1.28,4.68,NaN,0.475,0.0,NaN,8.1
10.82,NaN,NaN,14.5,19.0,415.8,199.42,NaN,2.13,6.17,0.0,0.625,0.554,10.0,26.46
7.83,440.0,205.0,9.5,13.5,340.6,202.45,3.72,1.9,3.16,13.1,0.557,0.568,3.5,6.67
9.1,NaN,220.0,15.0,NaN,346.8,202.07,4.21,2.2,3.98,40.5,0.568,0.32,1.0,19.85
9.5,425.0,215.0,11.5,12.5,354.0,194.19,3.27,0.5,3.42,0.0,0.49,0.598,0.5,14.22
9.92,475.0,240.0,15.5,16.5,356.4,196.06,3.92,1.79,4.65,0.0,0.504,0.629,NaN,10.98
7.11,380.0,170.0,8.5,NaN,337.7,195.05,2.81,0.61,2.14,0.0,0.544,0.175,0.0,5.31
7.56,355.0,190.0,NaN,13.5,241.5,194.98,2.95,0.76,3.38,0.0,0.39,0.0,0.0,17.91
9.93,460.0,210.0,16.0,15.5,425.9,197.8,3.77,2.43,2.75,38.8,0.492,0.324,1.0,29.52
4.65,295.0,145.0,5.5,13.5,301.7,196.38,3.25,1.47,2.78,0.0,0.404,0.26,0.0,4.16
10.23,485.0,240.0,12.0,16.0,414.7,196.62,NaN,2.2,4.45,72.8,0.469,0.575,12.5,27.18
8.17,385.0,185.0,9.5,11.5,342.7,203.03,2.87,1.58,3.63,0.0,0.486,NaN,2.0,13.68
9.73,465.0,NaN,12.0,14.5,424.5,207.97,4.02,2.11,4.96,63.9,0.652,0.0,13.5,42.09
10.35,455.0,NaN,13.5,16.0,350.6,197.74,NaN,1.31,3.28,30.2,0.343,0.0,9.0,40.11
5.94,415.0,210.0,9.5,NaN,354.3,193.93,3.05,1.84,6.91,64.1,0.658,0.0,1.0,11.32
NaN,510.0,250.0,10.0,23.0,332.4,197.25,3.93,1.94,6.67,71.8,0.475,0.173,1.0,31.18
8.57,460.0,245.0,13.5,18.0,356.8,201.94,4.46,NaN,4.58,0.0,0.411,0.0,9.0,18.07
5.76,380.0,210.0,8.0,16.0,294.9,196.33,5.32,1.24,7.37,32.4,0.526,0.562,0.0,9.88
8.53,410.0,195.0,8.0,14.5,357.4,198.65,3.12,1.69,3.14,0.0,0.592,0.0,0.0,22.32
6.52,415.0,210.0,11.0,16.0,345.0,200.91,4.62,2.95,6.36,0.0,0.529,0.273,4.0,9.67
5.33,380.0,195.0,NaN,14.0,355.6,203.06,3.78,1.99,2.2,18.3,0.646,0.521,2.0,1.05
5.62,335.0,170.0,7.5,14.0,341.8,NaN,3.78,2.47,5.07,0.0,0.347,0.5,0.0,7.71
8.63,450.0,220.0,16.0,12.5,NaN,201.17,3.91,1.04,6.0,25.6,0.667,0.558,0.0,19.97
5.74,370.0,185.0,8.0,12.5,305.3,197.63,4.04,2.35,NaN,27.2,0.642,0.244,0.0,10.97
11.5,535.0,250.0,18.0,15.5,424.5,196.47,5.17,2.56,6.15,0.0,0.522,NaN,17.5,39.75
8.89,435.0,215.0,15.0,16.5,251.8,196.13,2.92,NaN,4.19,0.0,0.632,0.639,NaN,9.72
5.21,345.0,175.0,7.0,11.5,356.9,201.53,3.42,2.22,2.77,0.0,0.477,0.548,2.5,2.27
9.25,530.0,240.0,17.0,22.0,293.2,198.49,NaN,2.21,7.95,40.6,0.531,0.0,3.5,21.53
5.43,305.0,155.0,6.5,11.5,417.2,197.88,2.88,1.72,4.0,16.6,0.503,0.541,1.0,6.98
5.88,360.0,NaN,7.0,12.0,297.3,201.95,3.78,0.96,3.5,29.7,0.636,0.0,0.0,10.81
7.62,440.0,225.0,12.0,13.5,352.1,NaN,4.07,1.89,4.17,66.4,0.472,0.0,2.0,24.17
6.43,340.0,185.0,7.0,16.5,341.7,200.63,3.77,2.16,3.53,0.0,0.618,0.225,0.0,11.14
8.74,435.0,215.0,13.0,16.0,304.4,199.66,3.35,1.29,6.95,57.9,0.451,0.504,0.5,24.84
6.32,330.0,145.0,8.0,12.5,352.3,199.14,3.92,1.45,2.12,10.0,NaN,0.161,1.5,12.01
6.09,410.0,NaN,14.0,NaN,303.6,202.33,4.23,1.37,2.5,0.0,0.396,0.26,0.0,3.92
6.7,370.0,185.0,11.0,14.5,294.9,199.68,4.03,1.48,2.99,0.0,0.708,0.38,4.0,5.51
8.92,440.0,200.0,12.0,11.5,421.9,205.23,4.0,0.86,2.06,0.0,0.654,0.0,3.5,14.2
7.82,395.0,190.0,8.0,11.5,355.5,192.56,3.32,2.16,4.32,0.0,0.619,0.173,0.0,25.24
9.22,490.0,235.0,9.5,18.0,335.6,199.77,3.38,1.08,8.07,72.3,0.512,0.505,0.0,24.02
10.25,475.0,250.0,11.5,NaN,417.6,196.35,3.9,0.83,2.5,0.0,0.383,NaN,NaN,11.89
6.16,350.0,175.0,7.5,13.0,NaN,198.64,3.9,1.44,3.22,0.0,0.584,0.226,1.5,8.29
5.35,345.0,200.0,7.5,14.0,312.2,NaN,3.36,0.76,1.83,0.0,0.647,0.152,0.0,2.43
9.57,470.0,250.0,11.0,15.0,354.5,198.21,3.08,1.09,4.97,25.4,0.417,0.0,4.5,24.88
5.3,340.0,180.0,NaN,13.5,363.1,202.32,3.52,NaN,4.78,67.4,0.379,0.0,0.0,17.93
NaN,475.0,240.0,12.0,14.5,NaN,210.0,5.18,1.45,4.18,0.0,0.66,0.0,6.5,24.65
7.51,375.0,180.0,14.5,12.0,351.7,198.47,4.33,1.16,2.38,35.5,0.54,NaN,0.5,25.11
9.47,505.0,225.0,12.0,19.5,349.7,202.88,3.75,2.27,9.1,33.1,NaN,0.296,6.5,26.79
9.21,490.0,NaN,10.0,20.5,343.9,200.43,3.66,4.42,7.32,68.2,0.626,0.0,2.5,35.13
7.31,405.0,200.0,15.5,15.5,355.8,200.47,3.88,2.51,2.42,48.8,0.354,0.416,0.0,14.42
9.16,400.0,180.0,8.5,11.0,356.9,203.96,3.51,0.77,2.9,NaN,0.701,NaN,2.5,15.88
6.56,365.0,195.0,11.0,NaN,346.8,199.77,NaN,0.97,2.93,NaN,0.446,0.0,1.0,7.44
5.46,320.0,180.0,6.5,13.5,307.1,193.83,2.71,1.36,2.55,0.0,0.414,0.607,0.0,3.06
6.25,340.0,175.0,8.0,10.0,336.0,201.1,2.77,1.49,NaN,0.0,0.431,0.612,2.0,4.45
11.68,520.0,255.0,10.5,16.0,349.1,201.7,4.08,1.6,5.2,47.0,0.588,0.31,11.0,43.5
NaN,345.0,170.0,NaN,15.0,NaN,197.31,NaN,1.64,5.89,15.8,0.418,0.135,2.0,13.88
7.16,400.0,205.0,13.5,11.5,295.7,202.14,3.44,1.17,4.77,18.0,0.344,0.0,0.5,19.15
7.42,385.0,175.0,11.0,16.0,336.9,205.69,3.28,0.52,1.92,0.0,0.462,0.0,NaN,6.61
10.15,NaN,220.0,11.0,18.0,414.0,200.23,2.81,NaN,9.13,35.3,0.501,0.305,0.5,37.85
9.27,480.0,235.0,13.0,13.0,304.0,194.1,4.43,1.95,1.86,0.0,0.45,NaN,9.0,12.25
9.76,445.0,215.0,8.5,16.0,348.6,196.86,3.46,1.16,3.31,0.0,0.604,NaN,1.0,25.81
NaN,420.0,210.0,16.5,21.0,342.2,203.63,4.76,NaN,2.97,0.0,0.674,0.28,2.5,8.91
6.65,420.0,195.0,12.5,13.0,347.3,201.14,4.45,1.56,4.4,NaN,0.698,0.0,0.0,12.79
7.4,450.0,225.0,13.0,20.5,412.9,198.19,2.95,3.4,3.47,35.4,0.573,0.0,3.0,8.77
10.93,515.0,235.0,16.0,19.5,358.4,203.09,4.4,2.4,3.66,17.8,0.587,0.255,NaN,21.87
10.97,525.0,220.0,13.0,19.0,424.4,203.37,4.93,1.21,4.36,0.0,0.445,0.251,8.5,22.45
NaN,610.0,285.0,12.5,16.5,NaN,204.05,5.07,3.66,8.52,0.0,0.413,0.553,0.5,35.96
5.03,NaN,190.0,8.5,14.0,349.3,204.78,4.51,2.99,3.77,0.0,0.535,0.0,3.0,3.66
9.09,380.0,200.0,14.5,NaN,301.5,202.14,2.51,0.52,2.11,27.4,0.614,0.0,0.0,19.1
6.19,380.0,185.0,NaN,11.0,345.7,205.34,NaN,NaN,3.52,68.8,0.398,0.286,6.5,13.35
6.48,325.0,165.0,7.0,12.0,356.4,NaN,4.91,1.14,2.88,0.0,0.276,0.279,1.5,12.97
NaN,385.0,190.0,8.0,13.5,353.6,201.36,4.34,2.96,3.5,0.0,0.678,0.0,9.5,15.0
6.47,415.0,230.0,9.5,16.5,341.9,196.95,3.8,3.47,5.28,56.9,0.65,0.0,3.5,13.54
7.6,415.0,195.0,8.5,14.5,415.9,200.77,4.8,1.83,4.53,0.0,0.341,0.0,9.0,17.56
6.91,NaN,175.0,9.5,12.0,352.1,198.47,2.92,1.83,2.04,0.0,0.334,0.355,0.5,9.27
6.11,370.0,210.0,9.0,16.5,355.2,202.96,4.66,2.03,3.45,0.0,0.527,0.353,0.0,6.75
8.88,440.0,215.0,13.0,14.5,426.0,200.73,2.94,3.15,NaN,30.4,0.451,0.0,8.5,24.39
5.07,320.0,150.0,NaN,11.5,299.3,202.6,3.23,1.2,2.03,0.0,0.486,0.572,0.0,2.09
9.28,495.0,270.0,16.5,16.5,352.6,194.94,3.29,2.4,4.26,0.0,0.284,0.332,10.0,4.87
8.74,395.0,205.0,10.5,13.0,353.5,197.05,2.43,1.16,NaN,0.0,0.436,0.498,1.5,10.5
7.06,390.0,200.0,15.0,12.5,341.0,200.5,2.58,0.91,3.49,9.9,0.466,0.0,0.0,8.9
8.88,465.0,NaN,12.5,14.0,336.7,199.37,2.88,1.18,2.4,0.0,0.328,0.32,4.5,5.07
8.33,460.0,240.0,10.0,17.0,302.0,200.72,4.69,3.5,4.57,0.0,0.458,0.262,8.5,13.48
9.29,455.0,185.0,13.5,13.5,308.7,202.49,3.12,2.69,6.05,0.0,0.45,0.413,10.0,19.94
6.99,405.0,190.0,12.0,14.0,436.8,202.65,4.74,NaN,4.61,0.0,NaN,0.329,1.5,11.52
11.14,NaN,270.0,13.0,20.0,428.5,195.9,3.87,1.98,6.71,0.0,0.384,0.374,8.0,21.17
9.51,425.0,215.0,12.0,20.5,427.5,205.21,4.07,2.55,3.81,57.8,NaN,0.204,0.5,39.62
10.46,485.0,235.0,10.5,14.0,346.9,199.49,4.29,1.43,4.07,38.5,0.519,0.471,13.5,21.42
9.64,430.0,210.0,8.5,14.0,356.2,202.62,NaN,1.98,2.81,0.0,NaN,0.349,12.5,11.93
10.34,505.0,270.0,15.0,15.5,423.1,195.86,3.88,2.47,4.16,45.1,0.47,0.395,13.0,15.98
8.17,NaN,195.0,16.5,14.5,345.0,198.28,3.58,1.89,2.51,43.8,0.562,0.256,NaN,15.58
7.51,385.0,200.0,11.0,15.0,414.0,195.21,4.39,1.04,2.7,19.7,0.414,0.185,NaN,16.79
9.69,535.0,270.0,14.5,22.5,355.2,199.08,4.44,3.24,5.54,0.0,NaN,0.349,8.5,10.21
6.04,355.0,180.0,8.0,15.0,424.0,NaN,4.11,2.0,4.41,0.0,0.534,0.234,3.0,8.55
10.33,535.0,245.0,17.5,18.5,NaN,199.64,4.94,2.42,5.38,49.1,0.386,0.211,13.5,22.29
11.27,525.0,215.0,11.0,NaN,343.8,199.52,5.01,2.58,3.89,0.0,0.466,0.602,0.0,39.98
NaN,420.0,240.0,13.0,21.0,424.6,196.41,3.39,2.23,6.58,32.1,0.463,0.236,4.0,5.32
5.27,375.0,215.0,NaN,15.0,353.8,199.68,4.21,2.01,3.28,0.0,0.558,0.124,0.0,4.12
9.27,400.0,220.0,NaN,13.5,348.0,198.99,3.14,1.67,4.25,15.7,0.311,0.127,NaN,34.32
9.41,440.0,210.0,13.0,17.5,359.2,194.38,4.23,1.52,2.41,0.0,0.415,0.0,0.5,23.41
7.06,385.0,210.0,9.0,20.0,352.6,198.39,2.81,2.96,3.98,0.0,0.492,0.246,7.0,3.21
8.64,455.0,235.0,NaN,20.0,342.0,199.7,4.52,1.54,4.03,60.8,0.43,0.0,1.5,28.13
7.31,365.0,180.0,12.5,13.0,354.7,199.4,2.51,0.98,2.87,21.2,0.541,0.317,0.5,10.03
9.04,525.0,255.0,17.0,19.0,300.9,199.33,3.75,1.18,2.92,25.7,0.539,0.297,1.0,9.03
7.71,465.0,215.0,10.5,13.5,424.6,202.32,4.47,2.36,9.51,76.3,0.531,0.172,1.0,35.29
5.35,315.0,175.0,9.0,11.5,293.9,202.92,4.05,1.87,3.37,0.0,0.324,0.317,0.0,7.04
10.57,480.0,240.0,NaN,15.0,338.8,200.25,4.63,NaN,4.26,0.0,0.383,NaN,13.5,19.55
12.15,530.0,245.0,14.5,15.5,347.3,197.0,2.51,1.74,5.9,87.8,0.326,0.0,9.5,57.73
7.66,440.0,215.0,8.5,14.5,428.8,NaN,NaN,NaN,3.11,69.9,NaN,0.387,3.0,14.84
5.05,290.0,NaN,6.5,11.0,293.8,200.52,NaN,1.09,1.88,0.0,0.752,0.194,NaN,2.92
9.22,490.0,220.0,18.0,14.5,303.3,200.7,3.69,2.08,5.0,40.8,0.558,0.174,4.5,22.14
NaN,465.0,220.0,13.0,14.0,341.5,197.75,4.75,2.03,NaN,0.0,0.593,0.0,1.0,27.83
11.58,495.0,230.0,15.5,18.0,350.8,199.26,2.98,2.02,6.47,62.4,0.548,0.0,10.5,54.54
6.91,425.0,200.0,14.5,16.0,NaN,194.74,4.63,0.96,3.9,0.0,0.527,0.267,3.5,4.45
6.49,370.0,NaN,9.0,11.5,304.1,200.47,4.3,1.98,4.5,0.0,0.462,0.337,5.5,9.79
6.91,405.0,195.0,11.5,13.5,297.3,202.51,3.34,3.22,NaN,64.6,0.532,0.234,0.5,19.87
7.08,400.0,205.0,13.5,18.0,353.5,204.81,4.88,1.82,4.22,0.0,NaN,0.542,2.5,6.98
6.71,390.0,180.0,8.0,13.5,344.9,199.77,5.11,2.65,3.41,60.3,0.74,0.0,6.5,25.45
10.32,430.0,200.0,11.5,18.5,353.3,NaN,4.19,0.91,3.57,71.0,0.426,0.0,1.5,60.49
9.78,505.0,260.0,11.0,15.5,414.6,198.03,3.99,NaN,3.46,0.0,0.378,0.406,2.0,17.08
9.88,435.0,200.0,12.0,13.5,342.7,NaN,4.07,2.64,2.9,0.0,0.412,NaN,17.5,23.61
6.54,365.0,190.0,11.0,12.5,338.3,208.93,3.03,NaN,NaN,0.0,0.617,0.0,0.0,10.39
9.22,460.0,210.0,11.0,15.5,291.7,195.23,4.39,1.5,3.26,42.9,0.566,0.511,8.5,15.11
NaN,365.0,195.0,10.0,13.0,347.1,204.4,3.29,3.36,4.86,0.0,0.609,0.442,NaN,13.1
7.39,390.0,175.0,8.5,15.5,312.2,198.16,2.66,1.73,3.4,0.0,0.716,0.615,NaN,7.43
7.06,385.0,200.0,8.5,17.5,348.8,197.13,3.49,1.36,3.31,44.0,0.542,0.0,3.0,13.94
6.53,385.0,195.0,7.5,12.5,352.0,207.14,4.46,1.87,2.49,0.0,0.411,0.0,0.5,10.35
11.75,555.0,265.0,18.0,15.0,414.4,202.15,3.71,3.43,6.01,32.8,0.581,0.324,17.5,32.98
7.73,435.0,200.0,11.5,12.5,362.6,205.33,5.33,1.59,5.77,0.0,0.549,0.0,1.0,33.92
7.23,425.0,210.0,12.5,17.5,303.7,201.6,3.57,1.94,6.36,39.1,0.613,0.564,2.0,9.33
7.91,475.0,220.0,9.5,13.5,411.9,202.64,5.12,3.22,4.42,0.0,0.462,NaN,6.0,22.85
6.21,340.0,170.0,7.5,16.5,302.7,202.22,3.64,2.78,NaN,65.4,0.59,0.52,1.5,11.72
8.29,420.0,190.0,10.5,12.0,345.3,201.46,3.25,1.63,4.05,53.4,0.451,0.0,0.0,34.0
6.02,345.0,180.0,9.5,16.0,NaN,202.07,4.09,2.62,4.82,21.3,0.476,0.0,0.0,15.99
8.77,465.0,220.0,NaN,17.5,NaN,203.96,3.61,2.16,5.35,48.6,0.427,0.165,NaN,24.46
5.04,305.0,165.0,10.5,12.0,358.8,198.22,2.84,2.49,2.82,50.9,0.675,0.144,0.5,10.07
7.0,390.0,190.0,10.0,11.0,351.5,193.63,2.89,3.36,3.5,0.0,0.503,0.186,NaN,10.1
9.58,555.0,220.0,16.5,14.0,344.2,198.35,5.05,2.97,4.8,54.3,0.356,0.0,9.5,31.6
8.22,450.0,215.0,12.0,12.5,349.5,200.38,2.91,1.39,4.97,35.1,0.58,0.0,1.0,22.31
8.81,440.0,NaN,11.5,19.0,251.9,202.98,4.05,1.02,8.19,0.0,0.578,0.0,1.0,32.98
7.55,385.0,NaN,8.0,10.5,424.3,202.12,3.4,1.34,4.98,14.6,0.521,0.501,5.0,15.74
4.68,270.0,140.0,8.0,10.0,262.1,205.21,4.06,NaN,2.05,0.0,0.578,0.327,0.0,5.34
12.43,605.0,300.0,12.5,18.0,348.9,202.56,3.58,1.44,6.82,0.0,0.316,0.591,0.5,25.46
6.16,365.0,NaN,11.5,NaN,242.7,196.87,4.11,0.93,3.1,33.9,0.37,0.323,0.0,11.12
9.47,485.0,NaN,13.5,13.5,345.9,199.0,4.03,2.06,3.64,18.1,0.497,0.0,0.0,31.95
12.18,550.0,285.0,10.5,17.5,346.1,202.11,3.26,1.72,6.07,114.6,NaN,0.305,10.0,44.95
5.72,NaN,175.0,9.0,14.0,NaN,198.84,3.33,1.4,3.23,0.0,0.515,0.564,0.0,4.35
7.85,465.0,230.0,10.5,14.5,242.9,202.33,3.55,3.14,6.41,0.0,0.474,0.0,0.0,18.27
9.73,460.0,230.0,8.5,15.5,342.9,197.58,2.61,2.47,4.1,68.0,0.477,0.591,1.0,24.91
6.35,435.0,230.0,9.5,14.0,351.1,201.23,2.92,2.28,NaN,112.8,NaN,0.0,0.0,17.34
10.96,535.0,220.0,18.0,18.5,418.3,199.65,4.8,1.82,4.28,55.7,0.53,0.158,6.0,38.62
11.53,500.0,275.0,16.5,21.5,348.1,203.3,NaN,3.49,3.15,79.3,0.589,0.162,17.0,32.65
7.55,430.0,225.0,15.5,13.0,365.6,197.98,4.26,NaN,2.74,NaN,0.485,0.277,6.0,4.13
9.45,470.0,250.0,10.0,14.0,362.7,197.71,4.56,2.58,5.09,0.0,0.729,0.164,9.5,32.16
9.39,405.0,210.0,12.0,17.5,341.2,197.99,3.09,1.0,2.97,0.0,0.574,0.256,2.5,14.12
10.56,510.0,255.0,16.5,17.0,418.0,196.71,NaN,1.37,5.43,44.4,0.535,NaN,0.0,37.51
9.2,500.0,205.0,16.5,NaN,422.1,197.98,3.71,1.28,7.03,98.9,0.454,0.546,0.5,28.78
7.34,NaN,195.0,NaN,15.5,249.6,197.12,2.95,NaN,5.11,54.0,NaN,0.124,3.5,13.31
7.52,420.0,225.0,8.0,20.0,353.9,196.21,5.16,2.55,5.73,0.0,0.453,0.574,1.5,13.03
7.06,360.0,180.0,11.5,13.5,414.7,201.99,2.63,2.5,6.8,30.8,0.283,0.286,2.5,17.23
7.52,350.0,170.0,7.5,15.0,352.0,198.57,4.04,NaN,2.55,38.9,0.501,0.301,1.0,19.75
7.43,370.0,195.0,9.5,11.5,358.8,202.36,4.44,1.82,1.84,0.0,0.299,NaN,5.5,11.96
9.43,415.0,210.0,11.5,13.0,348.8,202.68,2.75,1.56,5.38,0.0,0.433,NaN,NaN,25.24
8.05,475.0,255.0,13.5,14.0,408.8,195.05,2.98,2.58,3.08,48.3,0.398,0.0,0.0,15.13
6.32,365.0,180.0,14.0,17.5,302.5,198.66,3.74,1.28,NaN,13.2,0.45,0.207,2.0,5.29
8.12,NaN,205.0,NaN,13.0,350.4,202.52,2.6,1.87,2.88,NaN,0.476,0.219,0.0,6.26
10.01,465.0,NaN,15.0,17.0,353.3,207.28,2.97,NaN,4.91,65.4,0.496,0.381,4.5,23.13
7.55,380.0,165.0,NaN,12.5,352.5,201.86,3.14,1.21,2.57,0.0,0.619,0.274,0.5,10.55
NaN,475.0,220.0,14.0,15.5,342.6,197.99,3.19,0.88,3.93,NaN,0.405,0.586,5.5,17.06
8.19,405.0,NaN,8.5,13.0,361.9,209.46,3.35,2.2,4.2,0.0,0.652,0.284,7.5,14.26
5.35,350.0,175.0,9.5,15.5,345.6,NaN,3.69,0.81,3.98,53.9,0.345,0.321,0.5,7.35
6.58,420.0,220.0,9.0,15.5,354.7,205.67,5.0,0.92,6.69,33.7,0.298,0.0,0.0,17.18
6.69,450.0,205.0,10.0,20.5,299.0,199.68,3.11,3.49,7.51,99.4,0.389,0.0,0.5,17.39
NaN,420.0,215.0,8.0,13.5,348.9,202.94,3.01,0.93,2.26,34.1,0.401,0.0,0.0,22.95
NaN,345.0,180.0,NaN,14.0,305.4,NaN,2.53,2.31,8.1,0.0,0.577,0.0,1.0,5.77
11.63,570.0,NaN,16.5,20.5,355.4,NaN,NaN,3.84,5.35,122.1,0.625,0.535,10.5,25.38
11.15,580.0,270.0,13.5,NaN,342.1,202.89,4.32,0.9,7.37,0.0,0.61,0.562,4.0,17.71
6.42,NaN,170.0,NaN,12.0,257.4,195.68,4.25,0.66,NaN,28.6,NaN,0.0,2.5,15.18
6.45,350.0,180.0,11.0,12.0,299.7,202.75,4.06,1.81,5.43,NaN,0.515,0.538,NaN,15.4
7.83,385.0,190.0,11.0,17.5,362.6,203.79,2.8,2.82,2.66,47.7,0.502,0.141,1.0,18.15
10.48,520.0,NaN,10.5,17.5,432.5,197.38,4.64,2.92,2.57,0.0,0.404,0.566,0.5,18.91
10.33,540.0,230.0,16.0,14.5,NaN,201.03,3.65,2.64,3.84,0.0,0.661,0.583,8.5,9.23
8.46,400.0,200.0,10.5,19.5,349.0,199.77,NaN,1.25,3.48,0.0,NaN,0.239,0.5,13.94
10.98,485.0,230.0,18.0,13.5,351.7,191.55,NaN,2.8,4.79,0.0,0.533,0.0,15.5,42.97
7.13,425.0,200.0,16.5,14.0,349.9,203.54,4.84,1.84,3.9,34.1,0.356,0.16,0.0,17.4
9.79,450.0,235.0,10.5,20.5,298.4,201.86,4.61,1.79,3.24,0.0,0.364,0.254,8.5,14.34
7.61,485.0,210.0,9.5,13.0,NaN,NaN,5.03,2.34,5.32,45.1,0.592,0.217,4.5,16.7
11.18,575.0,275.0,18.0,20.5,419.3,205.57,4.66,1.97,NaN,85.1,0.542,NaN,6.0,20.26
NaN,435.0,205.0,13.5,14.0,348.6,199.05,4.27,1.32,2.33,NaN,0.534,0.0,4.5,28.17
7.42,365.0,160.0,12.5,11.0,351.3,200.0,NaN,1.29,3.46,0.0,0.39,0.0,0.0,16.66
8.63,475.0,235.0,9.5,17.0,428.0,201.61,4.73,2.65,4.39,0.0,0.403,0.211,2.0,20.04
8.89,NaN,225.0,14.0,18.5,NaN,202.06,NaN,3.48,9.92,73.7,0.573,0.494,NaN,20.03
9.63,NaN,250.0,11.0,18.5,291.3,200.35,3.36,1.47,4.93,74.7,0.493,0.25,3.0,25.01
5.76,360.0,205.0,7.0,19.0,335.7,NaN,3.25,3.08,5.31,86.4,0.396,0.411,1.0,9.82
7.64,420.0,225.0,11.0,17.5,427.7,202.02,2.8,1.73,6.2,0.0,0.394,0.216,0.0,11.45
4.76,330.0,150.0,11.5,10.5,309.8,203.38,3.86,1.96,2.57,0.0,0.364,0.171,2.0,3.1
8.78,475.0,NaN,16.0,20.0,347.8,197.88,3.61,1.13,NaN,43.3,0.502,0.497,0.0,15.71
8.32,470.0,225.0,14.5,15.5,345.4,200.22,4.67,2.92,3.25,27.1,0.627,0.227,0.5,20.18
8.86,390.0,190.0,8.5,18.5,351.5,203.71,3.09,1.93,2.34,0.0,0.522,0.386,0.0,12.37
8.5,465.0,205.0,12.5,14.0,356.5,196.01,3.35,1.14,2.42,0.0,0.418,0.334,0.0,9.27
6.02,420.0,NaN,14.0,12.5,297.7,199.64,3.52,1.37,4.26,0.0,0.655,0.0,1.0,5.73
NaN,525.0,280.0,14.5,17.5,424.4,200.96,4.86,1.25,8.54,125.4,0.308,0.0,0.5,63.29
4.99,NaN,165.0,6.5,9.5,355.4,202.96,3.94,0.68,2.94,0.0,0.356,0.388,NaN,2.72
10.31,555.0,225.0,12.0,16.0,414.0,206.43,NaN,1.98,6.41,25.3,0.554,0.342,8.0,22.67
5.82,NaN,190.0,10.5,NaN,351.8,204.1,3.08,1.66,4.44,30.3,0.459,NaN,0.5,8.37
8.1,455.0,215.0,13.0,15.5,349.5,NaN,3.75,1.37,5.18,0.0,0.639,0.336,6.0,6.82
9.39,470.0,220.0,18.0,14.5,NaN,198.38,4.05,1.36,2.08,0.0,0.681,0.0,3.5,13.42
4.87,305.0,150.0,6.5,9.5,NaN,204.97,4.26,0.7,1.86,39.4,NaN,0.0,0.0,10.84
5.04,410.0,215.0,14.5,18.5,356.8,195.0,3.98,2.48,8.26,116.7,0.672,0.0,0.0,8.44
9.42,390.0,195.0,11.0,10.5,NaN,198.94,3.03,0.76,2.47,0.0,0.342,0.186,7.0,17.31
9.31,430.0,200.0,9.5,17.5,361.8,202.8,3.91,1.39,3.24,0.0,0.622,0.389,0.0,18.29
6.61,315.0,150.0,NaN,9.5,255.3,200.14,2.9,NaN,2.94,0.0,0.515,0.0,0.0,21.62
6.44,375.0,175.0,13.0,10.5,348.5,200.34,NaN,1.49,3.69,59.3,0.663,0.0,0.0,25.3
10.0,475.0,210.0,9.0,13.5,416.4,196.94,NaN,1.91,3.86,22.8,0.461,0.311,0.5,34.34
9.31,460.0,205.0,12.0,14.5,349.5,NaN,NaN,2.96,2.65,45.6,0.647,0.629,NaN,23.54
5.86,460.0,220.0,14.0,15.0,357.2,200.6,4.37,2.99,8.34,125.7,0.326,0.589,1.0,7.74
5.55,355.0,195.0,12.5,15.5,361.5,203.79,4.24,1.67,6.48,0.0,0.634,0.29,2.0,6.19
5.28,380.0,200.0,9.5,13.5,297.6,200.06,3.8,2.51,3.25,49.3,0.663,0.0,1.0,8.1
6.06,310.0,NaN,8.0,11.5,334.6,197.23,2.93,0.99,3.05,0.0,0.404,NaN,1.0,4.71
10.7,450.0,220.0,13.0,18.0,357.4,198.49,3.49,1.62,4.94,0.0,0.448,0.0,8.5,37.42
8.14,405.0,NaN,NaN,14.0,350.6,200.72,3.76,2.67,3.55,0.0,0.483,0.313,9.0,11.44
6.18,350.0,165.0,11.0,NaN,NaN,200.25,3.19,1.39,2.68,0.0,0.47,0.492,0.0,7.79
9.39,465.0,230.0,11.0,21.5,346.2,196.1,3.15,1.97,NaN,27.2,0.505,0.346,0.5,22.23
4.95,325.0,155.0,12.0,11.0,345.1,202.27,3.32,1.88,2.75,0.0,0.541,0.372,NaN,2.54
10.75,470.0,250.0,11.5,NaN,344.6,196.55,4.39,1.53,5.37,77.5,0.646,0.537,8.5,28.09
6.21,350.0,190.0,9.5,13.5,356.6,197.42,3.22,1.57,2.14,44.9,0.645,0.205,1.5,9.3
8.91,525.0,240.0,14.0,NaN,361.9,207.54,NaN,1.08,6.8,24.0,0.355,0.397,1.5,14.57
NaN,325.0,170.0,9.5,12.0,250.6,198.56,2.71,0.67,2.91,0.0,0.569,0.206,0.0,3.32
8.85,465.0,230.0,13.0,13.5,351.1,NaN,4.44,2.75,3.3,0.0,0.492,NaN,2.0,25.28
5.51,315.0,160.0,9.0,9.5,359.5,NaN,3.08,2.45,2.46,0.0,0.532,0.415,1.0,6.07
8.97,460.0,230.0,14.5,12.5,302.2,196.29,3.82,3.12,5.08,22.8,0.334,0.0,0.0,41.03
5.28,365.0,185.0,9.0,14.0,432.9,197.6,4.34,0.85,3.29,0.0,0.574,0.516,0.0,3.08
NaN,435.0,215.0,13.0,13.5,NaN,NaN,NaN,2.48,3.24,32.9,0.58,0.0,0.0,50.06
10.06,465.0,240.0,9.0,19.0,341.5,198.16,4.21,1.69,2.99,19.8,0.371,0.209,4.5,22.29
10.12,475.0,NaN,16.0,17.5,NaN,NaN,2.51,1.72,6.29,78.5,0.321,0.548,0.0,24.03
7.23,375.0,205.0,7.5,15.0,354.0,197.0,3.31,1.64,3.24,0.0,0.597,0.196,2.0,9.4
6.02,350.0,165.0,8.0,11.5,347.3,198.89,3.47,1.67,7.14,0.0,0.466,0.615,0.0,12.51
8.44,NaN,215.0,12.5,14.0,300.5,204.34,4.95,1.43,2.49,0.0,NaN,0.147,5.0,11.31
NaN,490.0,245.0,NaN,17.0,255.1,195.71,NaN,1.05,3.07,54.0,0.55,0.0,0.0,20.43
5.53,285.0,155.0,6.0,11.5,342.8,197.23,3.62,1.77,1.93,20.7,0.357,0.621,NaN,7.22
5.09,335.0,185.0,11.5,11.0,351.5,200.56,3.83,2.46,2.66,45.1,0.559,0.243,NaN,9.06
5.73,360.0,175.0,7.5,12.0,357.7,203.7,3.29,1.36,4.67,78.4,0.577,0.57,0.0,10.65
7.59,390.0,190.0,12.5,13.0,425.1,203.82,3.89,1.96,2.05,0.0,0.451,0.584,1.5,8.95
7.57,NaN,280.0,10.5,26.5,419.0,192.51,4.85,3.28,6.82,0.0,0.537,0.39,3.0,4.7
8.78,565.0,270.0,12.5,19.0,358.3,204.67,5.01,1.99,8.17,122.0,0.607,0.149,0.0,26.53
8.03,400.0,185.0,9.0,11.5,309.0,200.57,2.94,1.45,5.41,37.5,0.577,0.292,NaN,21.69
NaN,440.0,NaN,9.5,15.0,420.1,199.64,4.81,0.78,4.03,0.0,0.356,0.167,0.5,27.76
7.33,385.0,175.0,7.0,13.5,349.1,NaN,3.25,2.75,3.55,NaN,0.729,0.387,0.0,15.93
6.69,370.0,190.0,12.0,10.0,424.3,200.16,NaN,0.76,3.87,0.0,0.529,0.536,0.0,8.62
5.79,380.0,185.0,7.5,18.0,347.8,199.66,4.7,2.6,3.31,39.5,0.545,0.0,4.5,8.7
8.77,450.0,205.0,11.0,13.0,301.6,202.75,3.21,1.94,3.4,66.0,NaN,0.218,6.5,23.5
8.95,505.0,230.0,16.0,13.5,417.3,197.76,4.8,2.57,3.48,0.0,NaN,0.388,6.5,13.85
NaN,345.0,170.0,9.0,NaN,353.5,206.7,3.01,0.88,4.36,0.0,0.484,0.0,1.5,10.29
10.52,475.0,210.0,14.5,13.0,357.0,194.8,4.92,1.23,4.69,0.0,0.556,0.288,0.0,48.53
7.33,415.0,205.0,13.5,18.0,356.2,198.8,4.19,2.09,5.02,50.2,NaN,NaN,1.0,20.47
8.44,425.0,200.0,NaN,12.5,244.6,200.69,4.3,0.73,4.42,0.0,0.516,0.242,0.0,22.12
4.8,NaN,145.0,8.5,8.5,362.7,197.22,2.73,1.77,3.21,NaN,0.345,0.0,0.0,12.67
7.89,395.0,215.0,8.0,20.0,251.7,197.88,4.37,1.86,2.15,37.3,0.713,0.0,2.5,15.0
6.94,405.0,NaN,7.5,17.5,296.6,199.86,2.77,1.41,2.0,0.0,0.485,0.124,1.5,2.7
6.96,370.0,195.0,7.0,18.0,423.7,202.44,3.06,2.49,2.67,0.0,0.616,0.433,8.0,0.63
5.83,385.0,195.0,9.0,18.5,346.2,200.3,2.93,2.0,5.67,63.5,0.576,0.558,0.0,7.0
6.37,400.0,215.0,10.5,12.0,340.4,202.06,4.63,1.53,6.68,42.7,0.567,0.169,1.5,16.65
5.82,415.0,215.0,11.0,13.0,346.2,201.35,5.43,1.58,6.33,0.0,0.364,NaN,0.0,11.42
NaN,490.0,NaN,9.5,15.0,338.2,198.15,3.53,NaN,4.89,42.5,0.482,0.367,1.5,26.05
7.77,360.0,210.0,8.0,18.0,354.9,203.78,2.42,1.95,2.47,0.0,0.721,0.631,1.0,5.18
10.13,NaN,NaN,10.5,14.5,343.8,202.35,NaN,1.0,4.32,0.0,0.451,0.548,0.0,15.53
8.37,380.0,160.0,13.0,9.5,352.8,198.83,2.53,1.2,3.4,0.0,0.677,0.0,0.0,26.44
8.82,480.0,195.0,17.5,14.5,427.5,203.06,3.56,3.35,5.85,59.9,0.553,NaN,11.5,18.67
10.71,465.0,250.0,10.5,16.0,NaN,202.02,3.67,2.09,NaN,32.1,0.438,0.0,12.0,39.25
7.56,425.0,205.0,9.5,16.0,NaN,204.28,4.61,1.11,5.5,16.7,0.647,0.259,0.0,17.2
10.75,540.0,260.0,11.5,22.0,299.0,204.55,3.57,2.17,5.29,0.0,0.479,0.646,5.5,10.51
7.55,400.0,200.0,10.0,13.0,349.2,207.13,4.77,2.76,NaN,0.0,0.487,0.423,8.0,11.03
5.32,325.0,190.0,6.5,13.0,420.3,197.94,4.86,1.65,3.57,31.9,0.602,0.207,1.5,10.54
9.16,405.0,200.0,9.5,12.5,NaN,197.87,4.76,2.47,3.29,22.4,0.525,0.54,20.0,20.52
5.14,315.0,150.0,6.5,13.0,NaN,203.23,3.75,1.09,4.53,0.0,0.561,0.63,NaN,5.04
9.97,455.0,250.0,17.0,17.0,349.1,197.04,4.39,2.68,4.52,0.0,0.673,0.579,10.0,19.66
7.77,440.0,235.0,10.5,15.5,353.2,201.02,3.67,1.32,3.32,0.0,0.672,0.0,1.0,11.27
12.44,665.0,300.0,18.0,21.0,NaN,202.23,5.09,NaN,8.84,0.0,0.426,0.0,6.0,51.18
11.36,555.0,280.0,18.0,23.0,350.8,198.1,4.21,3.53,7.41,127.3,0.506,0.597,8.0,31.22
9.53,415.0,185.0,NaN,16.5,351.8,205.38,4.0,2.49,4.58,0.0,0.541,0.0,14.0,42.09
8.48,460.0,225.0,11.5,15.0,362.5,202.53,2.82,0.8,2.56,29.7,NaN,0.17,0.0,11.62
9.6,545.0,250.0,17.0,14.5,364.3,203.12,4.0,3.27,6.61,89.7,0.461,0.0,0.0,45.34
7.3,385.0,180.0,7.5,16.0,356.0,202.36,4.41,1.49,2.86,0.0,0.431,0.0,NaN,17.03
5.66,315.0,175.0,9.5,10.0,338.9,201.68,3.7,0.62,1.86,0.0,0.352,0.295,0.5,4.51
6.36,355.0,160.0,8.0,16.5,345.3,200.16,3.1,2.73,3.57,0.0,0.449,0.157,0.5,9.93
10.73,490.0,240.0,10.0,16.0,355.0,201.62,4.88,0.92,6.48,0.0,0.482,0.162,8.0,45.39
9.82,445.0,215.0,12.0,17.0,423.3,202.05,2.94,1.34,4.35,39.5,0.488,0.0,6.0,31.81
8.85,440.0,210.0,14.5,12.5,354.4,202.94,5.0,1.26,3.63,16.2,0.439,0.226,NaN,26.77
5.27,310.0,165.0,6.5,10.0,NaN,198.84,2.84,0.64,2.79,0.0,NaN,0.569,0.0,3.59
10.81,520.0,245.0,NaN,15.5,415.2,196.07,5.25,1.48,8.27,0.0,0.7,0.525,NaN,33.06
6.4,470.0,230.0,14.5,14.0,367.3,199.34,4.78,2.93,8.56,47.3,0.666,0.363,0.0,12.98
6.51,365.0,185.0,9.0,12.0,NaN,202.48,4.22,NaN,4.46,10.9,0.52,0.189,1.0,17.34
6.83,460.0,240.0,16.0,17.0,254.9,198.25,4.63,2.69,3.82,49.6,0.557,0.287,0.0,8.78
5.67,325.0,175.0,NaN,10.5,354.5,204.02,NaN,1.83,4.34,0.0,0.554,0.521,1.0,10.15
7.27,390.0,185.0,9.0,16.5,345.9,197.98,3.98,1.99,2.99,0.0,0.53,0.168,0.5,13.06
8.64,435.0,195.0,13.0,15.0,354.3,200.47,2.91,3.02,NaN,NaN,0.62,0.285,2.0,22.24
10.36,530.0,220.0,10.5,12.0,350.5,196.84,NaN,2.0,4.67,0.0,0.382,0.175,8.5,27.15
7.51,385.0,190.0,11.0,15.0,424.6,196.74,2.99,1.21,3.57,15.2,0.484,0.334,1.5,11.48
5.46,340.0,195.0,12.0,12.5,366.7,198.66,2.83,1.14,8.01,67.3,0.475,0.177,1.0,14.62
6.79,360.0,NaN,9.0,NaN,NaN,NaN,3.24,2.61,2.65,11.6,0.519,0.0,0.0,14.65
6.41,355.0,170.0,NaN,13.5,349.3,202.11,3.09,0.83,NaN,53.8,0.555,NaN,2.5,11.08
9.62,475.0,215.0,10.0,15.0,430.6,196.44,4.72,2.03,2.69,NaN,0.42,0.209,9.0,15.19
9.32,NaN,215.0,15.0,18.0,342.3,196.43,4.9,2.08,3.8,0.0,0.733,0.578,2.0,18.15
9.09,490.0,235.0,16.0,15.5,345.0,193.88,3.03,2.76,8.23,110.3,0.549,0.455,6.5,28.78
10.89,465.0,215.0,17.0,15.5,368.7,196.42,3.17,2.51,4.76,16.8,0.509,0.253,15.5,29.7
8.37,390.0,215.0,9.0,13.5,335.1,196.76,4.04,0.83,3.05,34.7,0.511,0.505,0.0,18.58
10.57,505.0,250.0,NaN,17.0,355.4,197.81,3.17,NaN,5.91,38.5,0.66,NaN,9.5,29.76
10.26,520.0,210.0,13.0,13.5,349.4,196.73,3.34,2.43,6.6,0.0,0.46,0.158,7.5,31.45
9.51,485.0,240.0,10.0,19.0,301.3,197.23,2.95,2.26,4.01,21.0,0.601,0.0,9.0,11.56
5.5,295.0,145.0,8.0,11.0,339.3,194.38,NaN,0.87,2.18,22.8,0.447,0.195,1.5,11.01
5.09,295.0,165.0,10.0,12.5,416.2,201.76,4.16,1.17,4.74,22.6,0.46,0.297,1.5,10.05
6.79,405.0,210.0,10.0,NaN,NaN,201.44,4.73,0.82,4.85,0.0,0.514,0.0,1.0,11.29
10.77,480.0,245.0,10.5,21.0,333.0,197.84,3.39,1.37,3.4,0.0,0.377,0.468,6.0,11.69
9.81,490.0,260.0,14.5,15.5,426.3,199.05,NaN,2.97,3.99,41.2,0.408,0.636,12.0,15.8
5.88,305.0,160.0,5.5,NaN,342.3,201.03,4.89,0.92,3.58,0.0,0.429,0.566,1.0,9.98
7.11,430.0,235.0,15.0,13.5,361.4,NaN,3.14,2.06,4.89,NaN,0.381,0.0,NaN,10.36
9.01,470.0,200.0,13.0,11.5,421.4,200.06,3.69,1.88,2.76,34.7,0.482,0.35,NaN,24.04
5.73,330.0,165.0,9.5,12.5,355.4,200.6,2.69,1.74,6.1,35.9,0.337,0.0,0.5,14.51
7.24,360.0,180.0,8.5,10.5,356.3,202.59,3.35,1.44,3.04,0.0,0.513,0.0,0.0,21.07
5.2,335.0,175.0,13.0,11.5,297.9,204.17,4.14,1.22,4.43,56.4,0.468,0.5,2.5,6.18
6.53,400.0,215.0,NaN,13.5,241.7,192.47,4.94,0.9,2.82,NaN,0.481,0.54,0.0,4.75
5.13,445.0,215.0,12.0,13.5,341.7,197.34,5.08,3.63,9.73,0.0,0.374,0.645,3.5,1.71
8.04,NaN,215.0,13.5,12.5,427.6,NaN,2.97,0.95,3.49,0.0,0.455,0.529,0.0,7.15
12.06,530.0,255.0,NaN,18.0,353.1,204.12,3.07,2.37,8.43,0.0,0.362,NaN,11.5,44.51
8.69,450.0,195.0,10.0,17.0,260.1,199.59,3.76,2.72,4.27,0.0,NaN,0.584,NaN,13.43
NaN,485.0,240.0,11.0,15.5,333.0,205.19,5.14,2.43,9.86,35.1,0.652,0.211,3.0,23.26
10.54,495.0,240.0,18.0,18.0,415.4,200.04,NaN,1.28,3.82,0.0,0.406,0.181,0.0,24.47
9.95,435.0,210.0,11.0,14.5,361.5,200.98,3.59,1.25,5.86,20.8,0.346,0.385,1.5,40.5
11.84,535.0,270.0,13.5,17.5,361.7,197.29,3.51,2.96,5.52,0.0,0.507,0.222,13.5,27.87
10.74,495.0,NaN,10.0,14.0,361.2,195.4,NaN,2.42,3.56,31.9,0.501,0.184,12.0,30.81
10.13,480.0,260.0,11.0,NaN,420.8,NaN,3.31,1.4,3.75,0.0,0.35,0.239,2.0,15.71
7.33,380.0,190.0,9.0,13.0,307.0,196.81,2.67,0.91,4.93,39.0,0.444,0.21,1.0,17.55
6.84,365.0,170.0,8.0,NaN,NaN,196.79,3.61,NaN,3.06,0.0,0.541,0.0,0.5,14.44
8.82,455.0,230.0,13.0,17.5,341.1,194.85,3.11,0.8,2.5,40.2,0.6,0.222,1.0,10.62
4.87,295.0,160.0,6.5,9.5,357.6,203.48,3.67,1.71,2.24,37.3,0.527,0.32,2.0,8.45
NaN,340.0,190.0,7.5,12.0,NaN,200.06,2.92,1.34,2.32,29.0,NaN,0.0,0.0,11.42
10.46,475.0,240.0,10.5,18.5,305.5,202.3,3.1,2.66,NaN,0.0,0.719,0.51,7.0,10.6
NaN,365.0,190.0,10.5,18.0,421.5,202.89,3.22,NaN,3.53,0.0,0.523,0.326,5.0,7.11
7.65,390.0,195.0,12.0,19.5,352.7,197.49,NaN,3.21,5.25,0.0,0.409,0.511,0.0,11.83
7.44,430.0,NaN,9.0,14.0,293.6,195.0,3.41,1.55,4.07,NaN,0.492,0.311,1.0,16.15
6.8,365.0,200.0,10.0,17.5,346.1,203.87,3.47,1.59,4.39,19.2,0.426,0.229,0.0,11.98
6.77,385.0,185.0,11.5,17.0,346.6,192.74,4.79,1.22,4.55,0.0,0.359,0.0,1.5,16.31
6.66,410.0,205.0,NaN,13.5,342.1,202.39,3.63,2.5,2.96,40.8,0.389,NaN,0.0,11.46
NaN,420.0,205.0,9.0,11.5,343.8,194.55,3.34,1.69,NaN,0.0,0.53,0.478,1.0,10.66
NaN,320.0,150.0,9.0,9.5,339.5,203.12,4.25,1.1,1.98,26.5,0.398,0.354,1.0,17.79
7.69,390.0,175.0,12.0,13.0,363.7,199.45,3.91,NaN,2.06,19.9,0.626,0.516,8.0,6.41
9.3,415.0,205.0,10.5,12.0,419.6,199.78,2.99,0.54,3.25,0.0,0.491,0.333,5.0,14.06
6.58,370.0,185.0,11.0,17.0,422.1,200.77,3.31,1.04,2.64,31.7,0.319,0.618,2.5,3.51
6.34,360.0,170.0,14.0,13.5,340.9,NaN,3.49,1.88,3.19,0.0,0.52,0.0,1.5,8.69
NaN,425.0,NaN,9.0,15.0,302.5,198.69,3.71,1.71,NaN,55.6,0.566,0.0,1.5,26.99
7.34,450.0,205.0,11.0,15.5,291.2,195.14,4.88,2.31,4.91,59.0,0.598,0.614,NaN,10.95
6.26,355.0,175.0,9.5,12.5,424.5,203.89,4.39,1.01,4.76,12.9,0.569,0.305,NaN,13.42
7.07,385.0,170.0,8.5,10.5,295.4,198.39,4.72,1.4,3.45,0.0,0.459,0.317,0.5,16.82
9.72,470.0,255.0,NaN,16.0,348.8,206.57,4.06,2.66,2.62,45.4,0.431,0.605,10.0,9.44
11.69,550.0,235.0,16.0,13.5,295.5,205.9,2.76,4.43,5.75,0.0,0.379,0.0,0.0,55.8
9.28,430.0,175.0,13.0,9.5,426.6,203.24,3.47,0.79,3.16,0.0,NaN,0.0,8.0,22.9
7.1,385.0,190.0,12.5,14.5,NaN,197.53,4.46,2.92,2.78,0.0,0.336,0.0,NaN,19.18
7.54,430.0,205.0,10.5,14.5,342.3,199.86,3.96,3.12,7.36,0.0,0.384,NaN,1.0,22.63
5.51,410.0,220.0,9.5,15.0,349.4,190.0,4.86,NaN,4.86,0.0,0.515,0.164,0.0,5.92
10.05,430.0,230.0,9.0,17.5,339.4,202.21,2.9,1.42,6.29,0.0,NaN,0.257,9.5,22.43
7.36,435.0,195.0,8.0,12.0,410.9,201.46,4.79,2.74,2.58,19.2,0.435,0.612,9.0,6.38
NaN,550.0,290.0,12.5,28.0,301.5,NaN,4.74,2.81,NaN,79.4,0.653,0.281,6.5,27.07
5.02,330.0,165.0,7.5,11.5,351.4,204.57,3.42,2.49,NaN,0.0,0.597,0.361,0.5,5.88
5.15,350.0,175.0,6.0,14.5,NaN,202.44,3.38,1.6,3.75,62.7,0.454,NaN,1.0,10.46
6.94,NaN,200.0,9.0,15.0,356.8,200.95,3.28,2.63,2.47,65.3,NaN,0.0,2.0,21.34
5.31,410.0,190.0,8.5,11.5,NaN,195.49,3.11,1.41,8.86,0.0,NaN,0.177,2.0,5.81
7.4,390.0,210.0,12.0,18.0,337.3,206.46,4.3,0.51,3.24,11.9,NaN,0.131,0.5,10.51
6.9,410.0,215.0,10.0,12.0,299.9,202.43,3.2,1.09,2.87,0.0,0.756,0.0,0.0,8.53
8.96,410.0,165.0,NaN,14.0,423.2,198.37,3.01,2.56,3.05,23.9,0.513,0.287,12.0,21.8
7.05,355.0,195.0,9.5,14.5,350.4,200.48,2.95,1.88,3.13,0.0,0.654,0.132,0.0,11.95
8.55,455.0,230.0,11.5,14.0,352.4,208.02,4.25,1.42,2.84,0.0,0.427,0.219,1.5,12.24
5.3,360.0,175.0,14.5,12.0,354.8,198.25,4.88,1.03,3.64,24.2,0.595,0.249,2.0,4.77
6.88,380.0,185.0,11.0,NaN,346.4,201.92,3.18,1.72,5.08,64.8,0.425,0.212,NaN,19.0
9.65,NaN,230.0,13.0,14.5,415.3,198.04,NaN,1.16,NaN,34.2,0.375,0.226,7.0,28.29
5.92,405.0,190.0,11.0,13.5,357.4,202.54,4.55,2.63,7.71,0.0,0.573,0.409,0.5,9.49
8.3,420.0,200.0,8.5,17.0,296.4,202.62,4.8,1.67,4.09,0.0,0.506,0.631,0.0,16.35
NaN,415.0,210.0,8.5,14.0,429.7,202.71,4.52,1.26,7.5,0.0,0.516,0.51,0.0,28.08
10.9,510.0,205.0,NaN,12.0,348.6,203.83,2.65,2.03,5.22,20.6,0.448,0.0,0.5,48.85
9.49,555.0,250.0,18.0,18.0,301.3,199.2,3.37,1.68,8.42,120.8,0.536,0.0,0.5,32.58
9.22,440.0,190.0,18.0,12.5,354.6,200.24,4.39,0.72,3.11,0.0,0.565,0.276,0.0,20.25
9.75,NaN,285.0,15.5,19.0,357.0,199.36,NaN,2.44,7.04,0.0,0.688,0.166,5.5,22.39
10.57,525.0,220.0,15.5,18.5,354.7,199.94,3.67,2.77,NaN,64.9,0.496,0.531,0.5,25.44
4.91,340.0,170.0,8.5,11.5,NaN,202.47,3.74,1.39,3.26,0.0,NaN,0.35,0.0,4.37
7.29,365.0,195.0,8.0,15.0,342.1,199.3,3.8,NaN,NaN,NaN,0.475,0.0,0.0,15.29
6.69,410.0,210.0,13.0,NaN,343.9,196.52,4.22,1.73,3.07,0.0,0.28,0.0,2.5,8.02
5.63,360.0,185.0,8.0,13.0,298.4,198.36,4.26,1.13,2.43,31.3,0.366,0.307,0.0,7.92
10.0,455.0,210.0,11.5,NaN,354.4,NaN,3.43,2.17,3.98,53.3,0.515,0.333,0.0,37.71
7.97,445.0,225.0,9.0,17.0,345.6,205.77,3.47,2.41,4.28,34.0,0.381,0.231,1.0,15.77
8.23,NaN,180.0,7.5,12.0,307.1,195.78,4.63,2.84,2.66,0.0,0.541,0.564,1.5,26.97
10.57,505.0,255.0,NaN,14.5,347.5,206.17,2.97,3.22,5.08,18.9,0.343,0.127,11.5,22.68
7.28,425.0,195.0,13.5,16.0,355.2,197.65,3.97,2.85,6.54,97.7,0.615,0.0,2.5,29.79
8.5,430.0,230.0,16.0,16.0,419.0,197.07,3.77,3.02,3.12,51.4,NaN,0.603,9.5,6.47
5.04,375.0,195.0,11.0,14.5,309.0,196.1,4.75,2.08,4.53,0.0,0.289,0.604,2.5,1.6
6.91,385.0,205.0,12.0,12.5,353.6,199.84,2.81,0.75,3.03,0.0,0.456,0.538,1.0,3.53
7.3,500.0,275.0,12.0,18.5,348.5,199.45,4.91,3.91,5.49,0.0,0.487,0.118,0.0,11.09
8.0,435.0,235.0,14.5,13.5,360.9,195.27,4.34,1.06,7.22,54.0,0.622,0.0,NaN,32.22
10.24,405.0,190.0,8.5,13.5,364.7,NaN,3.28,1.99,2.79,0.0,0.518,0.521,16.5,15.28
7.54,425.0,215.0,9.5,12.0,357.2,203.36,3.63,1.04,7.16,0.0,0.544,0.575,1.0,13.87
5.97,380.0,220.0,9.5,NaN,344.4,204.1,4.33,2.65,4.58,23.6,0.47,0.225,0.0,9.39
5.37,295.0,160.0,9.5,11.0,252.1,196.24,2.89,0.92,NaN,0.0,0.672,0.0,0.0,6.26
NaN,335.0,155.0,8.0,10.5,343.1,195.22,2.82,2.05,3.77,21.2,0.516,0.0,0.0,33.66
8.05,380.0,185.0,12.0,13.0,410.7,198.33,3.47,NaN,3.64,0.0,0.615,0.0,12.5,21.3
11.75,500.0,220.0,17.5,14.5,NaN,196.76,2.66,2.49,3.71,63.1,0.557,0.307,1.0,43.89
10.34,NaN,220.0,13.0,17.5,350.3,201.92,4.56,NaN,3.57,0.0,NaN,0.603,14.5,14.79
5.69,370.0,200.0,10.0,11.5,NaN,198.86,3.76,3.36,4.98,45.7,0.696,0.0,1.0,17.4
7.59,370.0,195.0,7.5,11.0,349.2,202.34,3.32,NaN,3.94,0.0,0.506,0.0,3.5,21.21
6.26,320.0,150.0,8.0,11.5,344.4,199.56,2.93,1.04,3.32,0.0,0.514,0.617,0.0,7.37
8.92,470.0,NaN,17.0,12.0,296.5,202.29,3.11,2.76,3.31,19.0,0.43,0.52,9.0,6.09
7.92,405.0,190.0,12.0,16.0,243.2,197.87,2.63,0.67,2.48,0.0,0.46,0.34,0.0,6.53
9.23,465.0,225.0,11.5,13.0,361.4,196.8,3.35,1.37,4.61,0.0,0.318,0.541,0.5,17.55
9.51,455.0,235.0,12.5,15.5,356.0,202.28,4.5,NaN,2.71,25.7,0.245,NaN,10.5,12.16
9.06,520.0,NaN,13.0,21.5,NaN,202.11,3.97,1.25,NaN,0.0,0.657,0.171,2.0,10.95
9.41,410.0,235.0,NaN,18.5,364.8,199.26,4.38,NaN,2.75,42.1,0.434,0.0,1.0,33.21
9.2,510.0,230.0,12.5,22.5,254.6,204.41,4.01,2.45,4.71,39.7,0.605,0.0,2.0,19.94
6.93,355.0,145.0,8.5,10.0,256.7,197.26,3.38,1.23,1.85,0.0,0.691,0.351,0.0,10.18
6.58,405.0,185.0,13.0,NaN,295.7,197.54,4.33,1.65,4.59,NaN,NaN,0.539,0.0,11.62
7.34,445.0,220.0,10.0,NaN,341.4,199.38,2.88,2.68,5.22,51.1,0.603,0.0,0.0,15.01
NaN,470.0,230.0,11.5,20.0,360.0,199.87,4.64,2.86,3.65,0.0,0.465,0.195,0.0,9.3
9.49,455.0,215.0,11.0,19.0,355.5,207.69,3.03,2.34,4.38,NaN,0.462,0.505,6.5,17.35
8.9,450.0,215.0,9.0,13.0,351.3,203.03,3.52,0.93,4.8,36.3,0.368,0.0,2.5,32.11
9.45,505.0,255.0,NaN,20.5,416.7,206.54,2.64,1.56,6.4,82.6,0.644,0.326,0.0,19.19
9.06,420.0,200.0,9.5,14.0,418.0,194.91,2.4,0.83,NaN,31.8,0.482,0.317,0.5,19.1
10.09,490.0,240.0,15.5,18.0,343.4,197.3,4.92,2.1,3.0,0.0,0.669,0.138,11.0,16.68
7.72,380.0,190.0,10.5,11.5,357.5,197.83,3.71,NaN,3.49,0.0,0.567,0.5,1.0,16.92
7.97,445.0,220.0,9.0,15.5,340.8,199.15,NaN,1.71,7.08,17.7,0.56,0.0,0.0,36.07
10.31,550.0,255.0,16.5,15.0,364.5,199.38,3.4,1.33,9.08,32.6,0.555,0.177,0.0,35.95
7.45,415.0,185.0,11.0,12.0,304.9,207.6,3.4,3.4,5.23,0.0,0.397,0.5,6.0,10.8
10.52,480.0,225.0,11.5,13.0,417.3,201.42,3.09,NaN,5.8,35.0,0.304,0.0,16.0,49.13
5.67,305.0,130.0,10.5,9.0,255.5,197.41,2.43,1.84,3.17,NaN,0.441,0.548,0.0,7.51
5.23,395.0,200.0,8.0,15.5,337.4,203.93,5.0,1.39,3.15,61.2,NaN,0.217,1.5,5.07
5.68,385.0,NaN,NaN,14.0,250.4,194.69,3.77,2.74,3.65,22.6,0.597,0.554,0.5,4.54
8.77,395.0,195.0,15.0,20.5,361.7,NaN,NaN,1.56,6.01,0.0,0.68,0.417,6.0,20.51
8.96,390.0,195.0,11.5,15.0,349.3,202.83,3.5,0.76,4.31,23.1,0.524,NaN,NaN,32.61
9.62,485.0,220.0,14.5,14.5,245.9,203.38,4.04,2.01,4.63,0.0,0.393,0.24,1.5,25.45
5.59,415.0,240.0,11.5,14.5,349.3,206.23,5.05,1.63,8.51,0.0,0.421,0.158,0.0,8.22
10.87,460.0,255.0,NaN,20.5,428.3,200.08,3.21,1.56,4.66,66.3,0.606,0.353,9.5,24.74
5.34,325.0,190.0,10.0,13.5,336.2,199.14,3.92,2.71,4.93,39.4,0.308,0.0,0.0,14.36
7.22,395.0,175.0,13.0,12.5,344.4,195.85,NaN,1.75,2.6,38.8,0.495,0.0,NaN,18.49
5.54,335.0,165.0,10.0,9.5,347.5,197.31,3.14,1.11,9.34,43.7,0.631,0.595,1.0,14.79
7.83,420.0,185.0,NaN,11.5,422.8,NaN,2.83,1.79,3.18,0.0,0.358,0.27,NaN,11.12
5.95,365.0,165.0,8.0,11.0,343.6,204.91,4.32,1.34,2.86,55.0,0.655,0.476,2.0,11.55
5.79,295.0,135.0,8.0,NaN,432.3,196.77,2.61,0.86,5.03,51.1,NaN,0.0,1.0,30.67
5.1,310.0,145.0,6.0,13.5,350.0,202.45,3.19,0.82,4.6,0.0,0.265,0.331,1.0,5.74
8.4,415.0,210.0,13.5,20.5,NaN,207.13,2.89,0.93,3.35,59.9,0.323,0.0,3.0,17.02
8.3,430.0,215.0,10.5,12.5,256.7,NaN,3.09,1.8,NaN,0.0,0.531,0.192,NaN,7.53
7.04,NaN,215.0,9.5,13.5,343.5,198.58,4.3,2.22,3.92,52.3,0.524,NaN,0.0,12.05
6.19,370.0,175.0,11.0,11.5,348.2,204.13,4.85,2.51,2.7,0.0,0.398,0.205,9.0,4.28
9.59,435.0,210.0,11.0,17.5,366.6,195.32,NaN,1.02,3.3,0.0,NaN,0.323,2.0,17.33
6.23,455.0,235.0,16.0,14.0,354.7,201.46,4.18,2.96,6.64,0.0,0.333,0.283,2.0,5.06
9.9,440.0,240.0,NaN,18.0,422.4,201.87,2.84,1.44,4.76,0.0,NaN,0.0,4.5,20.98
6.42,355.0,200.0,7.5,17.5,240.0,201.96,3.51,1.31,3.2,0.0,0.405,0.556,0.5,4.59
11.06,515.0,240.0,9.5,19.5,354.7,201.09,4.21,0.9,4.34,62.0,0.471,0.531,1.0,26.35
9.2,470.0,240.0,16.5,15.5,417.5,198.83,4.46,NaN,3.32,69.1,0.581,0.507,1.0,20.12
10.01,NaN,245.0,10.0,14.0,371.1,201.61,NaN,2.39,2.96,0.0,0.336,0.159,NaN,19.65
6.45,415.0,205.0,9.0,17.5,344.7,202.37,4.49,1.38,2.3,0.0,0.536,0.0,0.5,5.78
8.21,430.0,195.0,NaN,12.5,356.2,198.28,3.79,1.0,3.48,28.0,0.624,0.154,4.5,15.9
7.19,435.0,190.0,15.5,19.0,419.9,201.21,4.0,2.99,3.53,65.2,0.695,0.186,1.5,11.22
5.16,370.0,190.0,10.5,15.5,350.4,199.16,2.97,2.94,4.34,30.4,0.538,NaN,1.5,3.03
7.73,380.0,185.0,9.5,16.5,419.6,201.17,3.33,2.82,4.6,67.9,0.309,0.403,9.5,17.71
10.61,485.0,235.0,13.5,14.0,417.4,204.21,4.28,2.84,4.93,46.6,0.51,0.197,14.5,40.81
9.98,490.0,210.0,9.0,17.0,NaN,198.34,4.61,1.32,4.11,36.6,0.364,0.518,6.5,23.8
11.25,485.0,210.0,13.5,16.0,413.4,199.05,2.85,1.3,9.02,0.0,0.561,0.311,0.0,47.35
6.91,NaN,175.0,14.0,13.5,341.7,197.8,2.94,2.99,4.82,22.1,0.738,NaN,4.0,18.85
5.85,360.0,210.0,8.0,18.5,347.6,201.25,2.82,0.52,2.27,20.4,0.324,0.329,1.5,1.9
8.01,410.0,200.0,8.5,18.5,245.0,193.43,3.01,2.42,3.01,0.0,0.601,0.596,1.5,7.64
6.77,425.0,230.0,7.5,19.0,NaN,202.26,2.94,2.88,3.48,32.5,NaN,0.119,0.5,6.07
10.55,465.0,215.0,9.5,21.5,414.0,200.28,4.65,NaN,4.04,0.0,0.572,0.646,16.0,14.39
6.78,375.0,180.0,10.0,17.0,339.0,202.04,3.73,2.26,4.86,27.7,0.624,0.0,NaN,20.27
5.44,320.0,165.0,7.5,NaN,354.8,201.4,3.73,1.84,1.91,38.3,0.59,0.237,0.5,9.87
5.35,320.0,160.0,7.5,14.0,360.0,203.06,3.9,0.55,3.44,0.0,0.567,0.329,0.0,4.99
9.11,410.0,200.0,12.5,11.5,350.7,200.55,2.64,1.95,2.55,41.8,0.602,0.452,9.5,14.71
9.99,NaN,215.0,8.5,12.5,249.7,197.34,3.17,2.74,NaN,18.3,0.352,0.225,13.0,21.65
9.03,460.0,235.0,11.0,15.0,342.2,193.01,3.14,3.44,8.5,0.0,0.45,NaN,8.0,18.91
7.51,405.0,185.0,15.5,14.0,353.8,NaN,NaN,0.86,3.92,0.0,0.513,0.0,2.0,18.47
7.53,425.0,200.0,15.5,12.5,343.7,NaN,5.04,1.56,4.49,78.0,0.502,0.172,0.0,27.58
6.55,430.0,230.0,NaN,14.0,419.5,197.8,3.53,1.95,2.81,0.0,0.648,0.0,1.0,5.59
9.46,480.0,205.0,11.0,13.5,424.9,199.82,NaN,NaN,4.87,63.1,0.57,NaN,8.0,26.6
9.67,525.0,240.0,18.0,15.0,343.7,203.17,4.83,1.7,4.45,89.2,0.601,0.0,6.5,35.18
6.12,335.0,170.0,11.0,11.5,NaN,200.81,2.97,1.42,4.68,0.0,0.573,0.534,1.0,6.92
11.73,530.0,240.0,NaN,22.0,300.1,193.46,2.84,2.78,6.87,0.0,0.418,0.0,14.5,34.73
11.89,510.0,215.0,13.5,17.5,411.9,203.1,4.41,1.05,3.35,42.1,0.582,0.403,11.0,29.52
7.33,385.0,190.0,11.5,15.0,347.3,197.76,4.33,1.87,NaN,0.0,0.27,0.467,5.0,4.85
7.85,405.0,215.0,9.5,12.0,353.6,205.11,3.7,0.83,3.2,0.0,0.628,0.257,3.5,9.46
7.85,NaN,NaN,9.5,15.5,352.6,196.99,3.56,2.21,3.47,63.1,0.501,0.565,4.5,19.6
NaN,470.0,245.0,13.0,22.0,421.5,199.13,2.85,1.4,5.66,88.2,0.332,0.133,3.5,14.29
5.97,380.0,205.0,8.0,15.0,417.7,196.76,4.47,1.92,3.75,0.0,0.792,0.147,1.0,7.4
7.13,410.0,180.0,11.0,12.0,256.7,197.35,3.51,2.96,3.89,30.6,0.523,0.288,8.0,12.11
8.32,410.0,NaN,12.0,17.5,350.0,199.56,4.41,2.5,2.8,0.0,0.43,0.233,12.0,7.9
7.96,355.0,205.0,11.0,11.5,359.2,199.24,2.69,1.76,3.08,0.0,0.683,0.194,2.5,14.75
9.12,445.0,215.0,16.5,13.0,333.0,199.29,4.36,1.7,2.02,0.0,0.449,0.0,7.5,15.22
6.28,335.0,155.0,8.5,10.0,358.8,199.45,2.87,1.27,2.96,0.0,0.375,0.0,0.0,12.12
7.23,355.0,175.0,13.0,NaN,300.4,197.65,3.63,NaN,2.08,17.0,0.608,0.247,0.0,12.47
5.46,295.0,145.0,8.5,8.5,341.5,196.54,2.93,0.97,4.14,0.0,0.458,0.3,4.5,7.1
NaN,415.0,200.0,9.5,16.0,NaN,203.02,4.41,1.46,2.11,0.0,0.644,0.364,0.0,16.09
5.89,480.0,235.0,12.0,15.5,354.8,199.85,5.36,3.85,8.56,60.6,0.441,0.0,2.5,11.58
5.5,325.0,190.0,10.0,14.5,405.3,NaN,4.09,1.48,3.4,22.9,0.469,0.0,NaN,11.56
7.44,435.0,205.0,14.0,16.0,355.1,202.4,4.82,1.67,4.05,0.0,0.318,NaN,1.0,10.93
5.42,410.0,200.0,9.0,13.0,428.8,200.86,3.35,2.59,6.13,96.3,0.534,0.0,0.0,13.31
7.82,NaN,160.0,8.5,13.0,343.7,202.63,4.04,NaN,2.22,0.0,0.6,0.237,6.0,15.75
7.85,400.0,205.0,11.5,15.0,365.0,NaN,3.72,2.83,3.22,0.0,0.437,0.0,0.5,22.86
9.95,445.0,195.0,12.0,15.0,348.8,196.73,3.35,2.48,6.67,NaN,0.599,0.247,13.5,34.6
7.36,475.0,220.0,NaN,14.0,350.7,202.58,4.52,2.18,8.39,78.6,0.576,NaN,0.0,20.91
8.65,NaN,190.0,11.0,14.0,354.1,NaN,2.98,1.81,2.74,0.0,0.479,0.229,1.0,14.6
6.17,360.0,180.0,8.5,11.5,423.3,201.59,3.96,2.51,4.63,63.1,0.641,0.433,2.0,17.2
NaN,405.0,185.0,10.0,12.5,423.2,199.7,3.25,1.05,9.96,92.6,0.496,NaN,1.5,13.78
8.32,395.0,170.0,8.0,14.5,246.4,198.5,3.66,1.58,2.79,0.0,0.586,NaN,0.5,16.85
11.64,595.0,275.0,18.0,15.5,339.6,196.16,3.62,3.43,6.4,47.2,0.551,0.322,11.5,26.08
6.98,365.0,160.0,10.0,10.0,354.8,199.56,2.46,1.47,2.46,0.0,NaN,0.208,NaN,3.68
5.77,320.0,160.0,7.5,10.5,299.0,193.94,2.41,1.13,2.61,0.0,0.491,0.266,1.0,4.46
6.19,365.0,180.0,10.5,13.0,347.6,200.79,3.49,1.71,3.01,0.0,0.36,NaN,0.5,7.1
10.1,540.0,255.0,13.5,16.5,343.2,204.25,4.37,2.59,3.1,52.5,0.408,0.37,10.5,9.74
NaN,375.0,NaN,13.5,13.0,355.7,200.02,4.86,1.26,4.35,0.0,0.336,0.0,0.0,14.02
10.25,530.0,255.0,12.5,14.5,427.2,197.02,3.96,1.65,4.35,59.0,0.424,0.389,2.5,22.58
10.32,445.0,205.0,11.5,13.5,NaN,204.89,3.04,1.78,NaN,0.0,0.51,0.631,2.0,17.31
NaN,450.0,200.0,10.0,16.0,NaN,201.4,4.65,2.94,5.39,28.1,0.525,0.0,0.0,26.9
7.31,380.0,200.0,NaN,13.5,340.6,206.54,3.04,2.61,4.37,0.0,0.696,0.207,0.0,14.57
8.57,455.0,230.0,11.0,14.0,307.0,194.0,3.09,1.37,1.98,0.0,0.601,0.0,1.0,9.9
6.28,365.0,200.0,10.0,14.5,304.5,199.71,2.79,1.61,9.67,NaN,0.574,0.315,1.0,10.88
10.82,585.0,255.0,16.5,18.0,352.1,201.78,4.74,3.08,6.96,59.6,0.46,0.0,0.5,51.97
9.08,440.0,215.0,NaN,16.5,356.1,197.14,3.82,1.67,2.86,41.1,0.457,0.0,NaN,30.03
5.08,345.0,155.0,10.0,10.5,350.5,200.65,4.61,2.36,2.82,19.6,0.358,0.265,2.0,6.93
11.39,560.0,260.0,15.0,15.5,350.7,197.52,3.11,1.84,6.62,43.4,0.789,0.0,1.0,48.77
11.72,545.0,275.0,14.5,16.5,354.3,198.38,3.89,1.37,5.58,41.1,0.566,0.275,7.5,34.94
7.15,415.0,210.0,14.5,17.0,312.8,195.36,4.34,1.46,2.77,62.5,0.233,0.0,3.0,12.23
9.97,480.0,230.0,14.5,14.0,363.6,200.68,3.07,1.58,4.38,36.1,0.558,0.29,0.5,25.41
NaN,510.0,NaN,11.5,25.0,418.3,206.52,4.64,2.12,3.0,0.0,0.363,0.373,1.0,14.34
NaN,405.0,205.0,10.0,13.5,357.0,195.01,3.76,2.61,3.18,69.5,0.415,0.0,0.5,21.96
10.22,490.0,240.0,13.0,13.5,NaN,204.76,3.3,3.29,6.51,42.2,0.324,0.283,2.0,40.47
8.09,385.0,195.0,NaN,12.5,355.1,202.18,2.84,1.37,3.25,NaN,0.428,NaN,1.0,13.23
5.59,370.0,180.0,9.5,13.0,258.2,198.5,4.92,1.16,7.32,0.0,0.605,0.193,0.0,12.31
7.59,455.0,215.0,13.0,16.0,340.5,195.56,3.45,3.46,8.24,57.5,0.481,0.29,NaN,17.41
6.3,345.0,160.0,13.5,9.0,NaN,197.89,3.04,1.13,2.86,NaN,0.418,0.0,0.0,19.3
5.51,330.0,175.0,NaN,11.0,363.0,194.51,3.01,1.76,1.96,44.0,0.48,0.623,0.0,8.14
10.33,445.0,220.0,11.0,14.5,358.0,204.47,3.87,1.26,5.6,0.0,0.692,0.413,2.5,34.71
10.19,535.0,255.0,18.0,15.0,422.9,197.54,2.91,3.38,8.02,46.9,0.43,0.0,NaN,29.25
8.68,420.0,200.0,11.5,12.5,244.6,NaN,NaN,0.65,2.31,0.0,0.403,0.129,NaN,12.85
10.47,525.0,260.0,13.5,21.5,349.3,200.59,5.01,1.4,NaN,NaN,0.336,0.0,1.0,54.64
9.4,385.0,215.0,9.5,15.0,255.7,198.64,4.42,0.53,2.65,0.0,0.583,0.256,0.0,21.01
NaN,445.0,215.0,9.5,17.5,353.1,194.29,NaN,3.42,5.81,0.0,0.598,0.286,12.0,20.58
8.75,485.0,225.0,11.5,14.0,349.4,201.82,3.87,1.65,2.4,42.5,0.581,0.562,0.0,12.94
8.59,445.0,225.0,9.5,14.5,NaN,196.63,2.98,2.22,6.01,0.0,0.499,0.138,0.0,20.24
4.55,305.0,160.0,6.0,14.0,340.7,198.8,2.71,1.46,2.13,0.0,0.493,0.604,0.0,1.97
5.48,365.0,185.0,9.5,12.5,303.1,202.66,4.92,NaN,4.47,0.0,0.634,0.355,NaN,5.49
8.64,460.0,245.0,11.0,13.5,358.1,196.81,3.94,3.2,3.49,36.2,NaN,0.0,0.0,31.99
9.58,465.0,245.0,9.0,25.0,NaN,204.84,4.99,1.18,3.51,60.3,0.508,0.131,3.0,22.75
8.51,390.0,190.0,10.5,11.5,264.9,200.84,4.64,NaN,3.02,16.4,0.593,0.531,2.5,17.53
10.12,445.0,195.0,14.0,14.5,422.6,196.38,3.05,2.73,2.76,0.0,0.545,0.55,15.0,9.06
9.81,485.0,NaN,11.5,13.0,344.3,197.03,4.94,1.46,4.92,0.0,0.596,0.0,0.5,50.55
11.06,545.0,240.0,11.5,15.0,345.0,199.82,3.23,1.77,4.61,29.0,0.459,0.63,8.5,18.93
6.28,415.0,210.0,9.5,14.0,344.6,197.1,4.48,0.86,4.07,23.4,0.257,0.208,0.0,8.82
9.03,445.0,215.0,9.0,14.0,339.1,198.27,2.92,1.49,NaN,17.0,0.443,0.0,0.0,19.99
6.83,350.0,175.0,11.0,13.0,419.2,203.08,3.98,1.86,4.72,23.1,0.52,0.263,0.0,22.47
7.88,410.0,190.0,8.5,14.5,330.2,197.72,2.94,0.76,4.88,57.2,0.723,0.0,0.0,25.56
8.04,435.0,240.0,8.5,18.0,353.4,196.42,4.23,1.49,3.55,65.4,0.53,0.344,0.0,18.36
NaN,440.0,220.0,10.0,16.0,409.5,192.38,4.1,1.69,3.84,24.2,0.477,0.0,0.0,15.92
8.86,455.0,210.0,12.5,17.0,346.5,199.21,4.6,1.13,4.33,14.8,0.679,0.349,8.5,12.21
10.61,480.0,235.0,10.5,13.5,344.8,199.98,2.63,2.02,3.52,0.0,0.395,0.548,9.5,10.07
8.2,410.0,195.0,12.5,12.5,296.2,203.61,3.36,0.72,4.35,68.4,0.661,0.561,1.0,19.57
11.08,545.0,240.0,14.0,16.5,350.7,200.95,3.99,1.51,6.99,0.0,0.662,0.0,8.5,38.49
10.89,470.0,245.0,11.0,15.0,NaN,200.88,4.44,2.6,3.21,17.5,0.411,0.59,0.0,34.81
6.79,NaN,190.0,9.0,15.0,337.7,NaN,3.2,1.52,3.07,0.0,0.255,0.288,0.0,10.6
8.64,390.0,210.0,11.5,14.5,345.0,203.3,3.25,2.22,4.79,57.5,0.43,0.343,3.5,31.19
NaN,495.0,285.0,11.0,17.0,348.4,200.22,4.5,2.13,4.81,0.0,0.518,0.249,NaN,21.09
5.68,385.0,210.0,13.0,11.5,347.4,199.02,4.43,3.09,5.36,45.0,0.485,0.0,0.0,16.46
6.17,340.0,165.0,7.5,15.0,343.3,204.77,3.51,2.3,NaN,0.0,0.382,0.596,NaN,5.45
5.54,350.0,200.0,9.0,12.5,306.1,200.79,NaN,2.19,2.79,67.7,0.507,0.0,0.0,13.65
5.72,335.0,NaN,7.0,11.0,347.4,196.97,3.41,1.08,2.21,0.0,0.6,0.245,0.0,5.59
8.9,405.0,NaN,9.0,13.0,344.8,193.07,2.82,0.96,2.96,0.0,0.75,0.209,0.0,17.16
8.2,470.0,225.0,8.5,13.0,355.9,203.59,3.07,1.95,5.78,57.1,0.57,0.173,0.0,25.63
6.39,NaN,170.0,9.5,9.5,356.0,197.03,4.23,1.3,4.56,33.2,0.479,0.321,2.0,27.67
11.3,515.0,240.0,10.0,17.5,417.1,203.94,3.42,2.48,NaN,56.6,0.502,0.0,10.0,38.99
NaN,355.0,180.0,7.0,10.0,359.6,202.37,NaN,NaN,NaN,10.6,0.631,0.225,0.0,9.16
6.26,300.0,145.0,6.0,11.0,252.4,203.85,NaN,0.54,2.12,0.0,0.485,0.0,0.5,13.98
8.86,445.0,NaN,8.0,13.5,340.7,198.18,NaN,1.01,2.51,NaN,NaN,0.231,5.0,23.15
11.54,555.0,260.0,18.0,17.5,423.6,201.74,3.84,2.94,4.44,NaN,0.712,0.22,9.5,30.32
7.11,420.0,NaN,15.0,17.5,348.0,196.3,4.94,1.15,5.73,129.4,0.414,0.0,0.5,27.99
6.51,390.0,205.0,9.5,14.5,358.2,198.99,5.13,1.37,4.2,15.4,0.353,0.611,1.0,7.68
5.25,315.0,150.0,8.0,9.0,303.4,197.58,4.1,1.83,3.34,NaN,0.341,0.384,NaN,9.33
9.12,430.0,235.0,10.0,22.0,301.7,202.45,3.1,1.27,2.56,0.0,0.596,0.365,1.0,6.71
7.73,405.0,175.0,11.0,14.0,348.9,NaN,4.34,0.76,2.02,NaN,0.48,0.0,1.5,12.39
7.52,345.0,NaN,NaN,9.5,429.4,NaN,3.69,0.85,2.08,0.0,0.319,0.499,NaN,11.61
9.32,475.0,245.0,18.0,NaN,358.5,197.59,4.43,1.51,3.3,0.0,0.506,NaN,1.0,23.38
11.91,590.0,285.0,18.0,21.5,420.9,198.81,4.73,2.85,9.69,0.0,0.452,NaN,NaN,44.04
9.83,470.0,235.0,13.5,NaN,427.7,204.48,3.46,1.05,8.16,40.4,0.64,0.58,0.0,25.4
5.35,315.0,170.0,6.0,12.0,414.3,193.72,3.15,2.89,3.68,22.4,0.485,0.284,0.0,11.04
6.27,355.0,205.0,NaN,14.0,368.3,192.86,4.94,1.88,2.59,0.0,0.64,0.333,0.0,9.67
7.43,375.0,200.0,12.5,13.0,341.9,200.06,3.15,1.32,2.89,NaN,0.409,0.4,0.0,12.74
6.06,325.0,165.0,8.5,10.5,240.0,199.63,2.71,0.66,2.69,0.0,0.562,0.324,0.0,5.71
NaN,440.0,200.0,13.0,11.5,349.5,205.0,4.82,2.05,6.08,0.0,0.616,0.212,8.5,19.66
8.26,395.0,210.0,10.0,17.0,249.9,201.33,3.78,1.92,3.29,14.0,NaN,0.0,0.0,21.79
9.47,490.0,NaN,14.0,14.0,345.5,199.82,4.97,2.97,3.63,38.0,0.346,0.164,16.5,21.9
6.35,395.0,200.0,9.0,16.5,344.7,196.49,4.0,2.03,5.68,42.1,0.515,0.286,5.0,9.07
10.7,445.0,230.0,9.5,21.5,350.4,NaN,4.29,2.05,3.25,0.0,0.544,0.135,15.0,21.25
11.86,540.0,285.0,10.5,24.5,350.8,198.53,2.91,1.87,6.3,32.5,NaN,0.243,0.5,30.02
10.95,535.0,255.0,NaN,NaN,413.5,203.96,5.0,1.33,5.26,0.0,0.712,0.0,5.0,36.13
9.06,445.0,215.0,12.0,12.5,422.2,199.68,NaN,1.33,4.67,56.8,NaN,NaN,0.5,34.44
7.58,395.0,180.0,8.5,17.0,338.6,200.15,4.07,1.19,2.12,0.0,0.585,0.0,0.0,13.01
10.62,485.0,210.0,15.5,12.0,417.3,195.81,4.65,1.99,3.2,75.2,0.264,0.554,15.0,30.17
9.72,NaN,210.0,16.5,17.0,415.8,201.89,NaN,1.03,5.5,0.0,0.627,0.259,1.5,21.29
8.43,375.0,190.0,9.0,14.0,NaN,201.61,3.15,1.26,3.56,56.3,0.501,0.329,0.0,29.67
9.45,490.0,225.0,9.0,21.0,358.4,200.17,4.89,2.3,3.93,52.7,0.33,0.2,NaN,25.31
NaN,365.0,180.0,7.0,12.0,NaN,199.07,3.6,1.51,3.62,0.0,0.562,0.0,13.0,42.87
10.0,500.0,220.0,13.5,14.0,353.3,201.45,3.6,1.35,3.24,0.0,NaN,0.0,NaN,19.19
6.39,345.0,200.0,8.5,11.5,306.1,202.12,4.73,1.58,2.87,NaN,0.448,0.0,3.0,17.68
11.56,600.0,275.0,16.0,22.5,336.8,200.47,5.05,2.18,6.84,42.0,0.562,0.196,9.0,30.62
8.71,NaN,225.0,9.0,NaN,354.1,196.99,4.79,1.29,5.85,NaN,0.492,0.0,0.0,32.01
4.76,310.0,155.0,7.0,11.0,341.5,196.05,4.17,0.8,1.84,0.0,0.648,0.283,0.0,3.22
8.9,470.0,205.0,15.0,17.0,359.9,199.18,3.85,1.64,3.36,61.7,0.461,0.544,6.0,11.82
9.28,445.0,225.0,8.0,21.0,357.2,202.89,3.84,2.93,4.67,66.4,0.385,0.538,1.0,26.99
6.93,430.0,235.0,10.0,16.5,357.7,200.21,3.73,2.04,3.31,39.8,0.553,0.416,1.5,5.51
10.46,505.0,245.0,NaN,16.5,349.9,203.15,4.57,1.96,6.58,62.7,0.476,0.251,9.5,36.91
11.49,485.0,NaN,13.0,16.0,343.3,202.87,3.62,3.16,7.47,0.0,0.506,0.0,20.5,60.81
7.53,365.0,195.0,7.0,15.5,434.1,200.12,3.49,1.88,NaN,0.0,0.609,0.213,0.0,22.28
9.03,485.0,265.0,12.0,21.5,354.0,197.15,3.31,0.9,4.94,0.0,0.558,0.192,0.5,10.51
7.7,475.0,230.0,9.0,15.0,355.1,202.59,5.2,2.92,5.88,89.7,0.527,0.0,0.5,33.83
5.79,275.0,155.0,9.0,11.0,347.6,201.36,2.57,1.83,2.11,0.0,0.404,0.258,0.0,8.44
10.16,520.0,250.0,14.0,18.0,349.3,205.67,5.05,1.09,5.43,0.0,0.645,0.359,5.5,18.08
10.79,465.0,230.0,10.0,17.5,434.9,201.54,NaN,1.66,4.22,0.0,0.35,0.19,1.5,28.99
11.48,560.0,240.0,11.0,19.5,345.6,198.19,4.89,2.46,3.77,65.0,0.592,0.322,8.5,36.39
10.74,465.0,230.0,9.0,20.0,253.9,197.05,3.24,0.8,2.73,64.4,NaN,0.272,1.5,28.67
7.85,365.0,200.0,6.5,13.0,346.0,200.9,3.72,1.5,1.85,0.0,0.339,0.253,7.5,7.95
8.3,425.0,200.0,10.5,12.0,303.1,206.54,4.15,1.12,2.64,0.0,0.375,0.159,2.0,12.3
9.35,475.0,215.0,16.5,16.0,334.9,201.28,4.67,0.97,2.62,43.6,0.719,NaN,1.5,18.64
8.06,425.0,205.0,9.5,13.0,361.9,200.28,NaN,1.28,3.0,77.3,0.561,0.364,0.0,19.57
9.09,450.0,225.0,10.5,12.5,361.8,205.18,3.51,1.04,2.48,NaN,NaN,0.0,0.0,18.37
7.19,405.0,185.0,8.0,13.0,340.0,195.7,3.69,1.66,2.64,0.0,0.627,0.399,0.0,9.37
11.58,525.0,235.0,16.0,18.0,428.2,197.27,NaN,3.71,9.1,37.6,0.425,0.392,0.0,64.53
10.6,475.0,NaN,10.0,16.5,419.4,196.17,3.55,1.06,2.74,61.4,NaN,0.169,2.5,31.22
NaN,405.0,175.0,10.0,11.5,297.1,202.77,3.58,1.49,3.46,0.0,0.45,0.528,7.0,9.85
5.58,360.0,175.0,8.5,NaN,349.4,199.29,3.6,2.69,4.03,54.0,0.333,0.27,0.5,9.47
7.07,390.0,215.0,8.0,20.5,339.3,204.51,4.39,1.78,2.48,28.2,0.741,0.331,0.0,7.75
9.13,440.0,205.0,12.0,NaN,296.1,198.28,2.57,0.99,2.12,NaN,0.442,NaN,0.5,11.71
6.0,410.0,225.0,13.5,13.5,255.2,201.82,3.8,2.85,5.05,59.3,0.592,0.218,1.0,8.93
8.49,415.0,195.0,12.5,12.0,366.6,197.64,3.97,2.87,4.58,NaN,0.554,0.583,12.0,13.2
8.46,460.0,225.0,NaN,NaN,348.4,202.64,4.97,1.81,2.57,52.6,0.687,0.0,8.0,17.93
9.7,505.0,250.0,11.0,16.0,NaN,203.54,NaN,1.63,3.9,63.7,0.447,0.311,9.0,15.82
5.13,380.0,180.0,12.0,12.0,263.4,199.14,3.93,1.95,2.66,0.0,NaN,0.393,0.0,3.58
7.25,375.0,195.0,NaN,13.5,NaN,203.16,3.26,2.23,4.16,0.0,0.454,0.27,NaN,12.23
5.17,405.0,230.0,12.0,NaN,363.2,202.34,5.37,3.45,5.07,33.7,0.438,NaN,0.0,9.69
9.12,470.0,240.0,18.0,17.0,NaN,197.57,3.54,1.34,3.18,43.6,0.552,0.0,0.5,21.2
8.36,425.0,185.0,11.0,14.0,NaN,NaN,3.28,2.38,4.09,0.0,0.535,0.316,8.5,10.41
7.51,340.0,170.0,8.5,12.0,413.8,198.28,3.11,3.02,3.74,59.0,NaN,0.0,12.0,45.9
9.13,445.0,195.0,14.5,12.0,425.7,NaN,4.37,1.74,4.89,0.0,0.434,0.504,NaN,22.65
10.66,500.0,245.0,12.5,17.5,422.5,200.92,3.54,3.23,NaN,0.0,0.433,0.582,0.5,21.32
7.52,410.0,210.0,7.5,16.0,351.4,196.28,4.03,1.43,1.85,0.0,0.576,0.528,0.5,5.66
5.66,305.0,155.0,7.0,NaN,345.3,198.54,3.11,2.33,2.93,0.0,0.307,0.463,0.0,8.89
9.5,NaN,230.0,10.0,19.0,415.7,200.13,3.94,1.11,3.45,69.8,0.507,0.296,1.5,27.89
7.22,445.0,200.0,11.5,15.5,419.2,195.43,4.19,2.97,4.63,67.1,0.621,0.51,1.0,13.53
5.4,315.0,165.0,6.5,12.5,419.0,202.65,3.99,0.85,NaN,0.0,0.621,0.173,2.0,4.24
8.02,440.0,205.0,9.5,13.0,NaN,196.96,4.41,2.16,3.99,22.1,0.494,0.0,0.0,30.9
10.64,535.0,270.0,11.0,14.5,339.5,202.97,4.9,2.15,3.38,NaN,0.677,NaN,11.0,18.28
6.11,355.0,190.0,11.5,13.5,259.3,199.5,3.13,NaN,4.07,0.0,0.585,0.19,0.0,7.31
NaN,510.0,235.0,15.5,14.0,351.3,NaN,3.96,2.89,3.16,76.7,0.542,0.303,12.0,26.33
5.56,295.0,NaN,6.0,10.5,430.7,198.72,3.72,1.23,1.97,0.0,0.673,NaN,4.0,3.44
7.32,365.0,180.0,10.5,10.0,355.3,196.32,3.84,0.74,2.58,9.8,0.554,0.508,0.0,11.26
9.52,500.0,215.0,14.0,15.5,358.3,204.04,NaN,1.94,4.67,54.6,0.616,0.0,NaN,30.12
10.14,540.0,250.0,14.0,15.0,367.4,194.26,3.25,2.85,NaN,0.0,0.404,0.327,7.0,11.96
8.46,415.0,200.0,8.5,15.5,NaN,NaN,4.07,1.7,2.85,19.9,0.491,0.0,4.5,24.85
7.27,445.0,230.0,10.5,16.5,360.6,203.33,4.47,2.06,3.06,43.8,0.527,0.55,0.5,8.63
10.85,530.0,255.0,10.0,16.5,356.1,201.83,4.81,2.57,2.85,0.0,0.651,0.0,0.0,38.63
6.18,340.0,175.0,8.0,13.0,346.6,194.19,NaN,NaN,4.14,49.0,NaN,NaN,1.0,21.06
5.59,380.0,210.0,10.0,16.5,339.6,200.94,4.13,2.89,6.43,96.0,0.42,0.542,0.0,10.23
7.24,405.0,205.0,11.0,12.5,NaN,201.68,3.82,1.7,3.68,18.5,0.566,0.0,2.0,14.66
7.43,385.0,190.0,9.5,15.0,NaN,198.2,4.15,2.66,4.0,27.6,0.684,0.409,0.0,18.9
7.3,455.0,225.0,15.5,15.5,301.6,203.34,3.58,0.6,2.97,0.0,0.591,NaN,0.0,7.26
10.05,480.0,205.0,11.5,NaN,350.9,195.46,4.8,1.08,4.34,0.0,0.652,0.0,9.0,41.03
8.46,480.0,225.0,14.0,13.0,360.4,197.76,4.99,1.03,3.24,66.7,0.588,0.276,0.5,18.75
7.97,385.0,185.0,9.0,13.5,NaN,201.48,4.98,0.91,3.94,0.0,NaN,0.0,3.0,26.6
5.43,410.0,225.0,10.5,13.5,346.9,198.84,5.04,3.14,5.08,118.2,0.532,0.346,0.5,10.37
9.3,420.0,215.0,11.5,15.0,NaN,204.79,2.96,1.51,5.75,69.3,0.355,0.632,8.0,22.85
11.89,530.0,235.0,15.0,16.0,NaN,197.89,3.22,1.45,5.24,44.6,0.513,0.0,0.0,56.01
7.73,435.0,205.0,8.0,16.0,427.2,202.16,4.03,1.23,3.45,0.0,0.463,0.126,0.0,10.81
6.37,370.0,180.0,8.5,11.0,263.5,NaN,4.01,0.89,2.57,0.0,0.562,0.0,0.0,8.88
9.34,440.0,195.0,15.5,10.5,422.5,202.89,4.66,1.23,NaN,0.0,0.503,0.265,8.0,19.91
6.01,340.0,NaN,9.0,15.0,424.7,200.12,3.94,1.42,3.58,31.3,0.394,0.245,NaN,11.27
5.06,325.0,160.0,8.5,12.0,240.0,194.39,4.25,0.95,2.98,0.0,0.597,0.527,0.0,4.01
11.77,500.0,245.0,13.5,15.5,347.5,197.85,3.58,1.04,3.21,NaN,0.363,0.171,1.0,39.61
4.78,350.0,185.0,NaN,12.5,343.6,198.78,NaN,1.54,2.92,28.0,0.603,0.189,0.5,5.27
10.05,535.0,235.0,10.0,19.0,349.3,192.39,4.93,1.43,5.98,38.1,0.384,NaN,4.5,41.0
6.29,405.0,215.0,11.0,15.5,420.9,199.79,3.96,1.1,6.87,75.8,NaN,0.572,3.5,5.86
7.29,410.0,225.0,8.0,12.5,298.1,197.17,3.59,NaN,3.45,37.3,0.458,0.134,0.0,16.89
4.84,320.0,165.0,9.0,10.5,354.2,206.54,2.79,1.12,2.64,0.0,NaN,0.577,0.5,2.06
6.54,435.0,215.0,10.5,16.0,427.0,195.74,2.77,1.85,NaN,0.0,0.364,0.208,0.0,6.08
7.26,425.0,210.0,10.5,20.5,414.0,197.49,3.52,1.18,3.02,NaN,0.509,0.239,1.5,4.68
5.46,325.0,175.0,9.0,13.5,415.5,195.94,3.17,1.25,4.73,69.0,0.359,0.361,0.0,12.52
8.52,465.0,230.0,11.0,15.0,355.0,203.8,4.54,1.79,4.99,28.5,0.508,0.275,NaN,23.78
5.09,275.0,160.0,7.0,11.5,NaN,200.36,2.78,0.77,3.23,0.0,0.439,NaN,2.0,3.66
11.27,545.0,225.0,12.0,NaN,356.7,204.98,4.82,3.32,3.29,33.6,0.267,0.271,0.0,34.86
9.34,450.0,200.0,14.0,17.0,426.3,203.35,3.73,0.52,2.63,0.0,0.518,0.374,0.0,12.01
5.1,340.0,170.0,6.5,10.5,NaN,195.68,3.07,1.46,NaN,0.0,0.602,0.259,1.5,5.44
NaN,430.0,195.0,11.5,12.0,352.2,194.64,4.04,2.55,4.13,0.0,0.587,0.286,10.0,16.3
11.23,535.0,255.0,13.5,23.0,425.3,200.06,4.06,2.58,8.2,0.0,0.556,0.543,13.0,19.52
6.64,375.0,NaN,8.5,12.0,359.3,NaN,3.42,2.12,2.82,0.0,NaN,0.271,1.0,7.28
8.64,425.0,175.0,11.0,14.0,414.8,199.14,3.37,1.24,2.34,0.0,0.606,NaN,0.0,10.95
8.96,420.0,180.0,10.5,13.0,250.5,197.45,3.63,1.09,3.66,0.0,0.547,0.221,4.0,21.93
6.55,405.0,185.0,8.5,16.5,338.7,200.09,3.26,1.44,4.54,75.9,0.457,0.389,0.0,10.93
8.51,460.0,210.0,9.0,14.5,343.0,199.51,4.19,NaN,4.0,15.9,0.362,0.261,6.0,19.06
8.89,415.0,200.0,8.0,19.0,304.7,201.96,4.34,1.96,2.88,0.0,0.697,0.56,0.0,17.46
5.11,380.0,185.0,10.0,13.0,297.9,200.36,4.36,1.52,4.64,0.0,0.452,0.0,1.0,4.12
6.47,395.0,215.0,13.5,15.5,348.1,204.1,4.48,2.17,3.15,48.7,0.483,0.585,0.0,8.24
11.5,515.0,220.0,13.0,18.0,336.1,197.91,3.64,2.78,4.76,0.0,0.446,0.638,17.0,14.03
8.83,440.0,225.0,9.5,17.0,344.1,192.1,NaN,2.58,3.02,0.0,0.476,0.268,7.0,7.23
NaN,360.0,160.0,NaN,11.5,257.7,201.7,2.92,0.75,3.05,0.0,0.338,0.6,0.0,9.88
10.63,485.0,235.0,10.5,16.5,363.1,198.81,4.71,0.83,3.04,54.6,NaN,0.0,6.5,37.69
4.99,300.0,165.0,NaN,12.0,341.7,203.62,2.92,1.48,1.93,0.0,0.621,0.533,1.0,2.24
8.56,460.0,NaN,18.0,NaN,351.6,194.73,4.8,1.07,5.61,33.5,NaN,0.0,2.0,20.45
9.39,455.0,215.0,13.0,14.0,341.7,200.52,2.67,1.95,1.99,29.3,0.552,0.0,6.0,14.86
10.4,475.0,255.0,10.5,19.5,348.5,199.59,2.99,2.7,NaN,0.0,0.492,0.261,0.0,19.46
8.73,450.0,230.0,15.5,20.5,418.9,194.75,5.39,1.43,7.95,25.3,NaN,0.587,0.0,24.35
6.76,385.0,175.0,8.0,15.0,352.0,198.77,4.63,NaN,2.75,0.0,0.337,0.278,0.5,10.47
9.21,465.0,205.0,11.5,15.5,351.8,196.64,4.41,2.03,3.23,42.7,NaN,0.603,2.0,18.42
6.44,345.0,160.0,10.0,13.0,NaN,201.53,4.04,1.91,2.06,0.0,0.432,NaN,1.5,11.38
8.21,345.0,NaN,8.5,11.5,415.3,200.92,3.31,1.9,3.86,0.0,0.549,0.0,10.5,28.73
9.12,425.0,225.0,9.5,22.0,355.9,198.92,3.98,1.78,3.09,NaN,0.516,0.0,1.0,36.2
9.47,485.0,215.0,10.0,20.0,353.9,203.03,NaN,2.17,4.2,0.0,0.484,0.591,9.0,8.3
6.73,395.0,195.0,9.0,11.0,358.3,196.54,4.56,1.63,4.26,18.1,0.346,0.0,2.5,19.9
8.54,435.0,210.0,15.0,12.0,416.3,198.3,4.11,2.14,3.62,0.0,0.556,0.0,8.0,19.73
10.87,505.0,235.0,10.0,15.0,420.8,201.63,2.7,1.91,5.22,63.8,0.425,0.518,6.0,25.29
7.76,395.0,190.0,9.5,14.0,NaN,206.36,3.53,2.49,4.1,0.0,0.472,0.0,7.0,17.3
NaN,395.0,195.0,11.0,15.5,351.5,200.14,3.92,1.8,3.25,0.0,0.472,0.535,2.0,6.96
5.67,360.0,170.0,11.0,10.0,346.7,203.06,3.9,1.44,2.71,0.0,0.435,0.0,0.0,7.52
NaN,350.0,165.0,8.5,10.5,352.6,203.77,4.16,0.76,3.69,0.0,0.37,0.346,4.5,2.76
5.71,355.0,180.0,12.0,10.5,NaN,196.3,4.18,1.59,4.17,69.1,0.342,0.536,2.5,11.09
7.66,360.0,180.0,6.5,15.0,356.0,197.39,2.91,1.9,2.85,0.0,0.523,0.26,0.0,15.91
5.25,365.0,195.0,9.5,20.5,342.7,199.22,2.97,0.79,3.46,20.9,0.55,0.197,0.0,3.49
7.29,430.0,215.0,11.0,17.5,360.1,192.58,3.66,1.83,NaN,0.0,0.625,NaN,1.5,9.15
6.26,365.0,170.0,9.0,10.5,412.5,204.44,3.62,1.82,2.18,16.4,0.377,0.0,0.0,13.39
8.79,390.0,200.0,10.5,13.0,424.6,197.48,4.3,1.44,3.44,0.0,0.418,0.55,1.5,19.32
12.02,640.0,305.0,13.0,NaN,410.5,200.11,5.49,NaN,8.65,0.0,0.622,0.31,16.0,31.09
8.34,435.0,240.0,12.0,16.0,337.9,194.9,3.51,1.39,2.45,9.3,0.65,0.0,1.5,10.56
8.05,355.0,160.0,NaN,11.0,343.3,204.19,2.57,NaN,2.86,0.0,0.48,0.0,1.0,22.17
5.41,350.0,185.0,NaN,10.5,352.6,200.0,3.57,0.52,2.07,0.0,0.309,0.563,1.0,1.78
4.61,325.0,155.0,8.0,9.5,340.8,199.18,3.41,1.8,NaN,NaN,0.553,0.0,2.5,3.06
6.84,380.0,190.0,8.0,15.5,344.3,201.39,3.94,2.39,4.2,0.0,0.59,0.326,5.5,7.0
5.4,335.0,185.0,8.0,17.0,355.4,NaN,2.53,1.72,1.98,NaN,0.553,0.52,2.0,2.22
5.35,325.0,175.0,9.5,NaN,251.6,200.77,2.64,1.3,2.47,12.3,0.431,0.0,1.0,4.24
6.56,370.0,210.0,12.0,17.5,425.2,NaN,4.47,1.59,3.9,69.1,0.595,0.0,0.5,20.09
NaN,535.0,195.0,12.0,13.5,NaN,195.74,3.55,1.04,5.53,0.0,0.691,0.565,0.0,30.15
7.85,425.0,210.0,14.5,11.0,347.3,200.88,NaN,2.11,3.57,20.3,0.5,NaN,NaN,15.75
8.61,415.0,185.0,12.5,12.0,249.0,203.99,4.0,2.88,3.24,0.0,0.339,0.319,15.5,9.86
7.05,NaN,195.0,7.0,20.5,338.4,200.01,4.86,NaN,4.2,0.0,0.589,0.592,1.0,10.15
9.85,475.0,230.0,9.5,19.0,411.9,201.71,4.33,2.32,4.54,0.0,0.569,0.407,11.0,15.86
5.64,405.0,200.0,14.0,16.0,308.1,200.2,4.22,1.92,2.89,32.3,0.595,0.373,1.0,4.63
8.49,440.0,215.0,8.0,14.0,344.7,197.67,2.99,NaN,2.09,0.0,0.381,0.0,0.0,13.28
6.91,395.0,205.0,15.5,12.0,NaN,198.9,4.45,2.81,3.8,16.1,0.508,0.176,1.0,16.12
9.21,405.0,185.0,10.0,16.0,359.0,192.99,2.47,1.77,1.85,0.0,0.585,0.241,10.5,5.24
6.09,380.0,185.0,10.5,12.0,353.3,197.9,4.58,1.62,3.91,38.8,0.578,0.347,NaN,12.47
5.95,365.0,180.0,12.5,15.0,302.9,202.6,3.02,2.12,3.85,67.5,0.405,0.0,0.5,14.33
5.94,325.0,160.0,8.5,14.0,425.1,199.99,4.91,1.96,2.74,40.0,NaN,0.236,0.0,18.09
8.32,370.0,195.0,NaN,15.5,360.8,200.51,2.77,1.03,2.81,0.0,0.553,0.0,NaN,14.44
5.94,355.0,NaN,NaN,10.0,346.4,NaN,2.82,2.09,4.54,31.4,0.333,0.117,3.0,13.56
6.21,375.0,195.0,10.0,13.5,351.8,203.83,3.01,1.83,3.11,34.6,0.455,0.143,1.0,9.19
8.47,445.0,215.0,9.5,12.5,334.9,205.47,3.44,0.79,3.41,0.0,0.588,0.0,0.0,15.89
8.56,395.0,185.0,11.0,13.0,420.5,202.64,4.82,0.72,3.96,0.0,NaN,0.366,0.0,24.6
9.75,570.0,230.0,14.0,14.0,NaN,201.43,4.29,2.33,7.39,30.8,0.478,0.482,8.5,18.03
9.2,450.0,205.0,17.0,12.5,340.5,193.69,3.43,2.56,6.9,0.0,0.458,0.226,9.0,29.42
9.13,485.0,235.0,18.0,21.0,359.1,198.2,4.35,2.83,5.88,117.9,0.464,0.0,9.0,29.56
7.23,NaN,200.0,13.5,18.0,350.4,200.45,3.68,0.86,3.15,0.0,0.419,0.0,0.0,11.12
7.9,405.0,185.0,12.0,13.5,340.9,197.81,3.48,1.57,2.99,0.0,0.528,0.234,0.0,12.3
8.85,NaN,215.0,12.5,17.0,365.1,196.13,3.36,2.02,3.81,0.0,0.648,0.392,6.0,7.3
6.63,435.0,210.0,11.5,12.0,362.3,201.87,3.01,1.32,3.48,23.0,0.618,0.338,0.5,5.97
5.36,315.0,150.0,6.0,12.5,353.1,206.11,3.26,1.72,3.09,0.0,0.354,0.0,NaN,9.01
NaN,325.0,185.0,NaN,NaN,348.0,201.02,2.64,1.94,6.13,69.1,NaN,0.219,0.0,11.32
6.34,440.0,215.0,10.5,13.0,350.7,NaN,5.03,2.86,NaN,0.0,0.525,0.267,1.0,12.89
9.36,435.0,230.0,10.0,15.5,NaN,201.35,2.77,1.84,2.27,0.0,0.407,NaN,1.0,16.19
11.88,585.0,250.0,11.0,21.0,356.9,203.19,4.92,1.43,9.09,0.0,0.617,0.0,0.0,71.27
8.67,450.0,240.0,12.0,19.5,344.5,198.18,4.04,1.06,3.44,0.0,0.405,0.171,3.0,11.09
8.8,455.0,205.0,12.5,13.0,359.7,197.62,4.4,1.21,3.08,44.9,0.576,0.232,0.5,27.35
6.62,355.0,175.0,8.5,NaN,351.7,200.26,NaN,1.01,3.23,31.7,0.681,0.0,1.0,23.09
6.39,370.0,170.0,9.0,11.5,303.4,197.19,3.08,2.07,2.78,0.0,0.425,0.403,NaN,6.88
6.66,450.0,220.0,13.0,12.5,432.0,NaN,4.9,1.32,5.21,0.0,0.494,0.578,2.0,5.22
9.25,405.0,210.0,10.0,14.0,352.4,NaN,3.48,0.89,NaN,60.5,0.491,0.0,0.0,50.26
7.08,370.0,165.0,9.0,10.5,349.2,192.45,4.46,2.08,2.43,0.0,0.633,0.233,7.0,12.54
6.95,420.0,225.0,13.0,14.0,297.2,204.16,3.81,1.61,3.45,NaN,0.521,0.265,0.0,7.02
6.12,370.0,190.0,12.0,NaN,240.0,206.11,3.57,1.21,3.09,32.6,0.761,0.569,0.0,4.74
9.39,445.0,165.0,12.0,11.5,357.9,199.63,4.12,1.69,2.92,0.0,0.623,0.495,2.5,24.63
8.72,450.0,235.0,12.0,13.0,NaN,201.25,3.61,2.53,4.58,0.0,0.434,0.184,5.0,18.22
NaN,480.0,205.0,14.0,17.0,354.7,203.74,4.25,1.17,6.8,66.1,0.499,0.267,0.0,10.46
8.57,470.0,230.0,11.0,21.5,NaN,203.57,3.69,1.46,6.73,47.3,0.651,0.374,1.0,16.17
6.47,355.0,155.0,8.5,10.0,NaN,203.03,4.1,1.35,3.79,26.0,0.427,0.183,4.0,18.9
6.2,350.0,NaN,9.0,12.0,342.1,195.93,3.37,3.22,6.45,16.6,0.38,0.346,8.0,9.17
7.84,380.0,150.0,7.5,10.0,351.1,201.36,2.99,2.99,2.5,14.8,0.335,0.0,15.0,24.26
6.36,470.0,220.0,11.0,13.0,345.9,NaN,4.79,3.38,7.82,99.5,NaN,0.329,6.0,12.77
6.61,365.0,NaN,11.5,11.0,303.9,198.83,NaN,1.73,3.05,0.0,0.531,0.61,4.0,4.91
5.7,325.0,190.0,5.5,12.0,340.2,205.21,3.51,3.31,NaN,51.3,NaN,0.0,0.0,25.05
8.69,390.0,170.0,9.0,15.5,342.8,199.71,4.32,1.51,NaN,28.4,0.58,0.626,0.0,23.05
NaN,395.0,195.0,8.5,15.5,242.1,199.63,3.19,1.94,NaN,0.0,0.55,0.606,0.0,16.35
8.66,410.0,190.0,12.5,11.0,255.8,199.69,3.27,0.9,3.23,0.0,0.548,0.0,0.0,22.65
11.52,NaN,270.0,17.0,19.5,356.7,200.19,4.44,NaN,5.78,50.1,NaN,0.316,12.0,31.27
5.79,340.0,170.0,8.0,14.0,340.2,NaN,3.44,1.63,4.39,0.0,0.37,0.356,1.5,6.73
5.34,355.0,165.0,7.5,12.5,351.7,204.67,NaN,1.43,2.49,0.0,0.449,0.0,0.0,3.66
5.3,325.0,175.0,9.0,13.5,426.3,200.06,NaN,2.5,3.46,52.0,0.277,0.555,0.0,8.19
8.31,430.0,215.0,11.0,NaN,348.0,NaN,4.48,1.94,4.81,0.0,0.629,0.355,2.5,17.63
6.19,355.0,140.0,NaN,10.0,341.6,198.44,3.44,0.88,3.22,0.0,0.356,0.273,NaN,10.27
8.83,460.0,215.0,12.5,16.0,428.3,200.65,3.66,4.31,NaN,76.1,0.492,0.388,12.0,21.37
7.05,420.0,185.0,11.5,11.5,347.2,193.84,4.9,1.47,4.63,0.0,0.408,0.0,2.0,19.47
5.87,315.0,175.0,7.5,14.0,250.0,197.99,3.19,1.88,2.48,0.0,0.496,0.24,1.5,6.62
5.98,360.0,205.0,8.0,NaN,NaN,203.89,3.32,1.06,4.02,0.0,0.545,0.177,0.0,7.31
7.27,420.0,235.0,9.0,15.0,425.4,NaN,3.19,1.38,6.51,0.0,0.661,0.0,0.5,12.26
6.45,370.0,200.0,8.5,13.5,342.6,198.27,2.82,1.85,2.69,26.0,0.485,0.0,0.0,12.34
9.67,480.0,225.0,14.5,19.0,350.1,197.42,4.37,1.87,4.91,0.0,0.574,0.519,5.5,15.69
5.36,360.0,195.0,NaN,12.5,344.5,198.4,4.17,1.66,5.09,103.7,0.677,0.0,2.0,14.85
8.68,425.0,215.0,17.0,14.0,347.3,196.69,3.16,0.77,2.82,NaN,0.421,0.318,0.5,14.34
9.47,490.0,235.0,9.0,15.0,355.4,195.37,4.86,1.49,3.86,46.9,0.409,0.0,NaN,34.98
7.12,365.0,185.0,10.0,NaN,356.5,200.04,3.18,2.71,6.54,22.8,0.65,0.38,5.5,19.76
9.51,450.0,NaN,13.0,NaN,426.9,200.26,3.58,0.79,2.71,41.3,0.339,0.367,4.0,16.77
8.52,405.0,200.0,8.5,15.5,349.0,199.98,NaN,1.71,4.06,35.1,0.57,0.391,0.0,20.48
8.91,480.0,250.0,10.0,16.5,418.1,193.76,4.31,NaN,6.13,0.0,0.634,0.331,11.5,13.17
8.25,415.0,220.0,8.5,12.5,367.6,198.01,2.86,1.39,2.86,17.8,0.553,NaN,0.0,19.62
9.34,505.0,220.0,9.5,17.0,425.0,200.69,3.98,3.51,6.0,0.0,0.567,0.0,11.0,25.08
8.06,435.0,NaN,8.5,13.0,NaN,200.45,3.52,2.2,4.76,NaN,0.499,0.0,1.5,22.35
6.36,360.0,185.0,9.0,18.0,349.2,196.88,3.09,2.83,2.73,60.4,0.645,0.193,0.5,14.38
8.14,335.0,180.0,9.5,13.5,418.1,195.46,4.03,2.32,2.69,15.0,0.72,0.495,17.0,14.62
5.15,345.0,165.0,6.5,13.0,294.0,202.02,4.11,NaN,4.45,0.0,0.321,NaN,NaN,6.67
8.15,NaN,210.0,14.5,12.5,346.6,201.73,3.05,1.7,NaN,0.0,NaN,0.456,0.5,7.71
9.38,385.0,195.0,8.0,15.0,348.6,195.63,3.4,2.15,2.79,46.2,0.663,0.132,11.0,38.66
8.13,505.0,205.0,9.5,19.0,416.7,199.83,4.83,4.47,9.37,67.2,0.43,0.424,9.0,16.33
9.46,NaN,240.0,NaN,15.5,342.4,196.03,4.42,0.93,3.01,19.9,0.45,0.0,1.0,23.98
6.76,410.0,225.0,10.5,19.0,309.2,202.11,4.7,2.81,2.65,17.8,0.575,0.502,0.5,7.45
8.03,415.0,210.0,13.0,12.5,297.5,203.47,4.06,1.31,2.27,0.0,NaN,0.0,6.5,10.86
5.7,360.0,170.0,11.5,12.5,360.3,206.32,4.45,2.32,3.47,0.0,0.443,0.0,0.0,9.8
6.42,NaN,170.0,9.0,16.0,296.5,198.96,2.62,0.73,2.94,43.0,0.537,0.187,0.5,9.29
9.14,385.0,170.0,8.5,11.0,419.7,198.38,3.13,2.69,4.07,0.0,0.626,0.591,19.5,21.07
10.97,500.0,225.0,11.5,15.5,338.9,201.69,4.55,2.44,4.25,0.0,0.55,0.207,NaN,30.59
6.92,NaN,230.0,10.0,19.5,412.1,199.86,3.84,1.6,3.61,52.8,0.383,0.604,1.5,6.04
6.4,NaN,180.0,8.0,12.0,345.6,206.17,4.3,0.64,2.84,0.0,NaN,0.0,0.0,12.77
6.47,365.0,180.0,10.0,13.5,241.4,200.88,3.07,2.63,NaN,0.0,0.573,0.205,NaN,10.79
6.4,435.0,205.0,12.5,12.0,360.9,200.71,3.42,NaN,4.25,0.0,0.62,0.187,0.0,8.5
9.02,470.0,220.0,10.0,15.5,357.8,200.92,NaN,2.35,4.34,85.9,0.407,0.567,6.5,15.92
NaN,435.0,230.0,12.5,14.0,NaN,198.18,NaN,1.41,2.18,19.2,0.65,0.572,1.5,8.41
12.32,NaN,255.0,11.5,14.0,347.8,197.28,2.73,1.72,7.37,0.0,0.518,0.568,NaN,27.45
6.87,340.0,160.0,7.0,13.5,340.9,205.41,NaN,0.95,3.47,0.0,0.387,0.0,2.0,15.01
10.37,540.0,255.0,15.5,19.0,364.9,195.97,4.26,1.46,NaN,93.1,0.479,0.0,3.5,44.98
9.66,565.0,270.0,12.0,17.5,416.6,195.38,4.1,2.91,6.48,67.0,0.253,0.0,8.5,26.2
10.75,495.0,205.0,12.5,17.0,301.3,199.78,3.57,2.4,4.82,0.0,0.625,0.25,12.5,29.83
5.8,360.0,160.0,8.5,10.0,359.5,199.59,3.69,2.45,3.22,29.7,0.652,0.279,0.0,13.9
5.47,335.0,180.0,11.5,10.5,422.4,193.25,4.1,1.06,4.99,0.0,0.306,0.0,2.5,9.0
NaN,450.0,220.0,11.0,12.0,297.4,197.88,2.58,0.64,2.23,NaN,0.604,NaN,0.5,10.62
6.03,320.0,150.0,6.5,11.0,357.8,205.63,2.46,1.87,2.32,0.0,0.539,0.615,3.5,2.94
8.2,NaN,190.0,11.0,12.5,348.2,201.14,2.54,1.29,2.95,0.0,0.424,0.598,5.0,7.26
10.24,485.0,210.0,NaN,20.0,334.0,201.84,3.92,0.97,NaN,29.2,0.625,0.506,0.0,20.1
8.42,470.0,240.0,10.5,17.5,339.9,197.98,5.16,1.47,4.78,81.4,NaN,0.0,0.0,32.79
8.67,400.0,NaN,8.0,13.5,301.9,202.14,4.4,1.91,2.44,0.0,NaN,0.601,0.0,19.94
6.55,340.0,180.0,7.5,14.0,353.7,203.39,2.48,0.94,3.48,33.3,0.655,0.0,0.5,13.47
5.14,310.0,180.0,7.0,16.0,361.1,206.14,3.36,2.63,3.39,53.8,0.507,0.305,0.0,8.65
6.32,NaN,200.0,11.5,18.5,346.2,196.55,5.09,3.48,4.62,62.7,0.684,0.355,0.0,12.07
9.19,385.0,190.0,9.5,13.5,424.8,199.04,4.16,1.23,2.14,0.0,0.428,0.456,0.0,18.69
9.66,435.0,175.0,11.5,13.0,NaN,201.95,4.58,1.89,NaN,0.0,0.605,0.33,12.0,24.22
6.9,395.0,210.0,12.0,11.5,336.8,194.79,4.26,1.79,6.54,32.7,0.457,0.514,4.0,13.91
8.73,435.0,215.0,9.5,14.5,354.3,198.81,3.9,1.84,3.51,57.5,0.408,0.0,8.5,31.33
7.94,430.0,200.0,14.0,12.0,356.7,201.88,4.26,2.35,3.38,0.0,0.365,0.0,5.5,17.82
5.25,390.0,190.0,13.0,15.5,302.1,197.52,4.89,1.49,5.1,NaN,0.52,NaN,NaN,11.33
8.02,400.0,190.0,9.5,16.5,358.5,194.39,NaN,2.2,2.58,0.0,0.344,0.541,NaN,1.91
7.8,370.0,185.0,9.0,NaN,421.9,207.27,4.27,1.83,2.67,0.0,NaN,0.533,1.0,16.34
7.75,420.0,NaN,10.0,16.0,351.1,NaN,2.81,NaN,4.55,33.6,0.617,0.496,0.0,11.73
10.27,480.0,250.0,15.5,15.5,356.6,195.69,3.28,0.9,4.6,0.0,0.313,0.264,1.0,19.9
8.54,430.0,230.0,NaN,13.0,342.2,204.53,NaN,2.01,7.23,56.9,0.717,0.121,0.5,32.57
10.97,NaN,220.0,NaN,16.5,416.1,197.16,3.79,0.97,2.87,0.0,0.554,0.486,8.0,12.87
5.82,400.0,215.0,13.0,18.0,417.7,197.61,2.51,2.15,NaN,54.4,0.548,0.0,0.5,8.71
6.68,425.0,NaN,7.5,NaN,309.0,198.21,3.13,3.73,7.96,115.6,0.692,0.0,2.5,22.02
7.48,460.0,235.0,17.0,23.0,NaN,203.26,5.03,1.26,6.75,51.9,0.564,0.206,0.5,12.65
11.18,530.0,255.0,13.5,15.0,348.5,202.37,4.46,1.18,5.43,29.7,NaN,0.242,7.0,36.75
7.06,415.0,185.0,10.5,15.5,354.9,196.91,3.76,2.73,7.0,33.2,0.542,0.536,0.5,15.68
5.75,345.0,185.0,10.0,11.0,359.3,197.58,3.28,NaN,7.09,0.0,0.387,0.0,NaN,13.97
NaN,395.0,205.0,12.0,15.5,352.9,200.99,3.79,3.0,3.3,NaN,0.6,0.223,0.0,12.94
8.83,425.0,225.0,12.0,14.0,301.2,NaN,3.36,1.37,3.4,0.0,0.355,0.0,2.5,19.98
10.67,460.0,205.0,15.0,15.5,297.4,199.86,NaN,2.02,4.82,28.5,0.519,0.263,12.5,35.2
8.71,405.0,215.0,9.0,NaN,424.0,205.1,4.3,0.7,2.44,38.9,0.429,0.0,1.5,28.01
5.89,335.0,165.0,6.5,10.0,344.4,NaN,4.73,1.23,3.97,0.0,0.62,0.503,0.0,10.55
9.31,505.0,NaN,13.5,18.0,NaN,197.21,3.79,3.93,NaN,0.0,0.625,0.0,10.5,30.6
6.22,335.0,165.0,7.0,11.0,359.2,201.77,2.68,1.16,3.09,0.0,0.43,0.206,2.0,7.77
5.17,355.0,170.0,11.5,11.0,344.0,199.78,3.46,1.44,5.92,0.0,0.428,0.195,1.5,5.75
6.76,345.0,195.0,7.0,12.0,306.3,196.3,5.03,1.29,3.69,0.0,0.576,0.57,NaN,10.04
8.18,390.0,210.0,NaN,13.0,342.7,195.46,3.03,1.7,3.56,12.9,0.653,0.173,7.0,13.73
6.57,370.0,210.0,12.0,21.5,354.9,200.3,4.56,1.54,4.9,42.6,0.459,NaN,4.0,9.67
11.0,540.0,285.0,12.0,21.0,NaN,198.03,3.55,2.93,3.28,43.2,NaN,NaN,13.0,17.3
8.3,445.0,250.0,NaN,13.5,NaN,198.26,NaN,NaN,2.67,0.0,0.678,NaN,0.0,7.68
4.65,355.0,180.0,7.0,11.0,348.4,199.45,4.03,1.87,3.23,28.3,0.542,0.57,NaN,3.74
9.06,470.0,235.0,10.5,18.0,344.9,198.9,4.25,2.83,4.23,49.0,0.401,0.192,7.5,20.59
10.31,445.0,230.0,8.0,17.0,334.7,193.64,2.89,2.45,6.24,0.0,0.567,0.318,13.5,23.37
NaN,335.0,160.0,9.0,11.0,350.3,NaN,4.26,1.98,2.98,0.0,0.596,0.347,NaN,5.3
9.67,475.0,235.0,9.5,22.0,342.3,202.45,3.04,0.87,2.66,65.6,0.504,0.0,0.0,22.65
7.14,380.0,190.0,8.0,13.5,305.7,200.28,3.45,1.09,3.49,0.0,0.472,0.271,1.0,8.56
5.76,345.0,185.0,8.5,13.5,303.3,NaN,2.9,2.62,NaN,58.1,0.507,0.402,2.5,8.74
8.22,430.0,230.0,12.5,15.0,302.2,NaN,3.49,1.95,5.27,0.0,0.532,0.546,0.5,12.67
9.11,440.0,185.0,14.0,11.0,358.6,195.55,3.13,1.39,2.61,52.5,0.438,0.385,0.0,25.52
7.47,385.0,190.0,12.5,14.5,346.4,202.71,2.99,1.17,3.16,41.0,0.47,0.203,2.0,14.58
8.96,465.0,220.0,13.0,20.0,NaN,199.43,4.52,2.4,3.43,0.0,0.62,0.0,1.0,21.04
6.73,360.0,180.0,9.5,11.0,362.4,202.9,NaN,1.81,2.05,0.0,0.585,0.0,3.5,11.34
9.75,565.0,NaN,18.0,NaN,412.2,207.1,4.81,4.17,8.07,NaN,0.531,0.0,9.5,35.26
5.57,305.0,140.0,8.5,9.5,304.0,196.71,3.73,1.36,NaN,35.9,0.68,0.336,1.0,14.16
9.3,450.0,210.0,11.5,16.5,254.3,200.04,3.38,1.24,4.07,0.0,0.691,0.477,1.0,14.68
10.23,NaN,210.0,10.0,13.0,420.8,193.44,2.72,1.7,5.63,38.3,0.437,0.0,13.0,58.18
6.1,380.0,200.0,9.5,17.0,354.0,201.32,4.05,1.67,1.92,39.7,0.533,0.554,0.0,5.59
9.9,515.0,225.0,11.0,17.0,253.9,198.0,4.61,2.68,3.75,0.0,0.665,0.0,12.0,25.54
7.02,410.0,205.0,10.5,15.5,337.4,198.33,4.89,1.53,3.58,26.6,0.624,0.0,1.5,16.74
9.13,445.0,225.0,10.0,17.0,354.6,200.16,4.19,1.68,3.4,29.3,0.637,0.323,0.5,22.97
8.73,495.0,NaN,13.5,12.5,NaN,191.39,4.67,NaN,2.76,38.1,0.395,0.184,2.0,16.69
8.58,390.0,200.0,8.5,14.5,346.1,195.07,3.05,2.07,2.67,54.6,NaN,0.268,7.5,19.04
7.39,405.0,195.0,11.0,16.5,361.9,196.19,3.81,1.39,NaN,22.3,0.355,0.201,0.0,16.45
10.93,545.0,290.0,17.5,23.5,300.5,203.8,3.82,4.17,6.23,0.0,0.509,NaN,11.0,17.68
7.26,360.0,170.0,10.0,NaN,345.6,NaN,3.71,3.19,3.84,0.0,NaN,NaN,9.5,9.41
8.97,400.0,185.0,11.0,15.0,423.1,196.83,3.0,0.83,2.27,17.9,0.32,0.0,4.5,19.38
