Span Length (ft),Overall Section Depth (in),Flange Width (in),Web Thickness (in),Flange Thickness (in),Steel Yield Strength (ksi),Elastic Modulus (ksi),Tributary Width (ft),Superimposed Dead Load (psf),Live Load (psf),Additional Point Load (kip),Point Load Position Ratio (-),Composite Action Ratio (-),Initial Camber (in),Maximum Midspan Deflection (in)
27.395,17.520,8.465,0.492,0.630,60.974,29580.447,15.846,55.973,71.428,16.209,0.555,0.266,0.098,0.932
20.144,13.976,7.283,0.472,0.453,50.792,29120.677,10.138,37.385,62.447,NaN,0.526,0.000,0.000,0.580
22.375,13.583,NaN,0.354,0.512,50.633,28789.991,9.416,35.505,61.821,0.000,0.458,0.566,0.020,0.260
28.051,16.535,7.480,0.374,0.669,51.720,28594.190,9.350,60.568,76.232,3.372,0.612,0.175,0.256,0.593
35.171,19.291,10.236,0.394,0.591,51.633,28946.632,11.286,39.265,64.118,4.474,0.589,0.380,0.079,0.904
19.226,12.795,6.496,0.374,0.472,52.286,NaN,9.285,25.689,57.226,3.889,0.618,0.000,NaN,0.494
36.188,19.488,10.433,0.394,0.591,51.024,28562.282,12.795,78.320,106.307,0.000,0.666,0.114,0.807,1.466
17.618,12.795,6.693,0.335,0.650,36.172,NaN,8.235,29.031,61.821,0.000,0.531,0.378,0.000,0.072
29.003,18.504,9.252,0.453,0.591,49.124,28837.853,11.122,21.303,76.023,0.000,0.562,0.542,0.197,0.222
19.521,11.614,6.693,0.315,NaN,50.053,29681.973,10.269,59.523,NaN,0.000,0.676,0.210,0.039,0.409
32.874,17.126,7.480,0.492,0.787,52.199,28807.395,9.941,62.656,86.257,3.462,0.588,0.205,0.591,0.771
22.146,16.142,8.661,0.335,0.709,49.516,28736.327,10.827,56.808,154.761,4.294,0.408,NaN,0.098,0.316
NaN,NaN,8.858,0.354,0.886,52.446,28518.770,13.780,34.461,72.264,0.000,0.323,0.227,0.000,0.608
19.226,10.630,5.315,0.374,0.315,50.821,28642.052,10.925,35.505,78.947,0.000,0.524,0.000,0.295,0.893
35.138,18.504,8.661,0.709,0.669,62.105,28479.610,8.957,29.866,121.136,3.440,0.483,NaN,0.256,0.635
28.642,17.520,8.268,0.571,NaN,48.559,28998.845,9.514,47.619,111.528,0.000,0.512,0.379,NaN,0.338
23.097,14.961,7.480,0.571,0.551,52.765,29151.135,11.253,20.885,52.840,8.790,0.716,0.505,0.000,0.392
27.428,15.551,7.087,0.335,0.492,52.576,29329.531,13.780,18.379,70.175,0.000,0.521,0.436,0.197,0.602
29.856,16.339,7.480,0.394,0.669,49.936,29623.958,10.269,60.777,NaN,0.000,0.590,0.380,0.453,0.299
37.992,19.094,8.858,0.354,0.689,51.561,NaN,12.533,27.778,98.162,5.575,0.623,NaN,0.413,2.257
40.584,22.441,11.614,NaN,0.846,50.952,28663.808,17.585,26.107,118.838,18.682,NaN,0.279,0.295,2.000
21.293,13.189,6.693,NaN,0.433,51.561,29010.448,10.958,NaN,101.086,12.724,0.500,0.585,0.000,0.632
29.856,NaN,7.874,0.295,0.472,51.387,28990.143,10.236,12.114,49.707,6.969,0.379,0.523,0.000,0.763
22.146,14.173,6.890,NaN,0.472,NaN,29185.944,14.009,33.834,72.890,0.000,0.350,0.231,0.157,0.415
NaN,12.795,7.087,0.276,0.571,43.511,29538.386,8.825,19.423,NaN,3.485,0.586,0.552,0.000,0.197
34.350,21.260,9.843,0.709,0.669,51.300,28775.487,15.026,43.859,105.471,0.000,0.503,0.586,0.079,0.759
33.825,19.685,10.039,0.512,0.650,50.923,29629.759,13.976,NaN,95.238,0.000,0.473,0.000,0.079,1.151
33.990,17.323,8.268,0.433,0.610,51.285,28914.723,10.236,56.808,55.346,0.000,0.492,0.392,0.413,0.689
26.673,15.157,7.087,0.335,0.394,49.922,29784.950,11.450,41.771,86.883,NaN,0.529,0.168,0.315,1.014
29.331,17.323,8.858,0.531,0.709,61.278,29404.951,14.272,13.576,41.353,0.000,0.243,0.000,NaN,0.506
16.503,12.008,5.315,0.394,0.315,36.477,28334.572,9.449,47.201,80.618,NaN,0.742,0.606,0.177,0.042
27.100,16.142,8.071,0.571,0.787,50.198,29612.355,11.680,40.309,73.726,17.490,0.397,0.000,0.256,0.973
25.459,16.142,9.055,0.472,0.571,35.621,29473.119,13.878,30.284,52.840,0.000,0.635,0.607,0.000,0.319
33.825,21.457,10.236,0.630,0.945,61.989,NaN,16.371,NaN,192.355,8.610,0.516,0.251,0.571,1.395
15.814,14.764,7.874,0.354,0.492,52.591,29702.278,9.219,28.195,69.966,0.000,0.539,0.000,0.059,0.039
16.535,11.811,5.906,0.315,0.374,35.056,NaN,11.319,26.733,55.555,0.000,0.220,0.211,0.059,0.197
28.839,NaN,8.661,0.354,0.768,60.582,29873.423,14.829,42.606,82.915,5.575,0.604,0.289,0.315,0.641
23.163,15.748,7.480,0.335,0.453,52.272,27993.734,11.614,26.733,106.516,7.441,0.484,NaN,0.039,0.957
18.471,13.386,6.102,0.354,0.512,59.364,28599.992,13.353,36.967,72.890,9.195,0.579,0.350,0.000,0.459
24.934,13.386,7.283,0.374,0.472,61.220,29610.905,11.024,51.796,92.105,0.000,0.353,0.317,0.394,0.593
22.441,12.992,6.890,0.335,0.551,43.468,29048.158,9.252,16.291,54.093,0.000,0.554,0.634,0.000,0.230
38.058,22.441,10.039,0.669,0.748,50.082,28946.632,14.731,41.562,145.154,15.939,0.586,0.291,0.512,1.390
23.392,17.913,8.858,0.433,0.591,60.669,28246.099,15.945,NaN,206.766,12.724,0.400,0.270,0.000,0.909
33.891,19.685,NaN,0.433,NaN,50.589,28949.532,14.469,75.188,159.982,16.231,0.538,0.587,0.453,0.845
23.228,14.370,6.890,0.354,0.512,50.821,28714.571,12.566,22.765,93.358,0.000,0.420,0.285,0.000,0.593
25.098,17.520,7.480,0.335,0.413,51.677,28437.549,14.534,26.107,95.238,12.499,0.306,0.284,0.020,0.981
28.937,18.110,8.268,0.591,0.610,50.067,28440.450,12.139,50.543,68.295,0.000,NaN,0.000,0.039,0.889
16.667,13.583,NaN,0.492,0.571,59.320,29377.394,9.974,86.883,161.862,0.000,0.626,0.319,0.000,0.229
19.882,13.780,7.480,0.512,0.472,61.293,NaN,15.125,59.106,60.985,2.495,0.550,0.241,NaN,0.461
34.974,17.717,8.071,0.374,0.768,48.965,27900.910,14.501,25.063,96.700,0.000,0.459,0.000,0.059,2.070
28.445,19.291,9.449,0.571,0.650,51.227,NaN,9.580,31.955,176.273,0.000,0.562,0.305,0.000,0.606
34.318,20.472,9.646,0.472,0.591,51.010,28959.685,10.958,61.194,122.180,19.918,0.420,0.426,0.413,1.171
25.984,18.504,9.252,0.413,0.689,51.749,29476.019,13.419,92.314,123.851,6.362,0.554,0.452,0.000,0.581
19.619,13.976,7.087,0.472,0.709,43.279,29036.555,NaN,40.309,59.732,2.428,0.577,0.000,0.000,0.352
37.139,21.260,10.236,0.571,NaN,42.888,29399.149,12.238,59.941,138.470,0.000,0.323,0.306,0.512,0.988
19.390,NaN,6.693,0.374,0.571,43.729,NaN,11.713,NaN,72.472,5.710,0.636,0.607,0.020,0.247
27.493,17.323,8.661,0.354,0.551,60.278,28694.266,9.875,22.556,156.641,18.075,0.453,0.266,0.020,1.356
17.585,13.583,6.693,0.394,0.492,49.878,29053.960,11.844,26.942,71.010,0.000,0.503,0.372,0.000,0.178
36.581,NaN,NaN,0.394,0.531,49.124,28987.242,8.825,48.036,NaN,14.298,0.661,0.156,0.374,1.831
28.182,16.339,8.465,0.295,NaN,49.878,28776.938,15.682,62.447,54.302,0.000,NaN,0.000,0.728,1.039
25.492,16.339,7.480,0.374,0.610,60.263,28749.380,NaN,25.898,122.180,0.000,NaN,0.000,0.020,1.024
23.622,15.157,8.858,0.374,NaN,51.633,29515.180,12.959,36.758,67.878,0.000,0.456,0.503,0.020,0.341
31.988,17.913,9.252,0.512,0.748,50.618,28829.151,14.633,57.435,93.984,0.000,0.417,0.352,0.453,0.686
30.118,18.307,NaN,0.571,0.610,50.720,28418.694,16.109,42.815,86.257,0.000,0.436,0.000,0.374,0.895
24.475,16.535,9.449,0.354,0.866,52.837,28785.640,9.416,33.417,67.042,6.722,0.692,0.000,0.000,0.363
31.496,20.079,9.055,0.472,0.650,36.158,29061.212,13.812,NaN,127.610,0.000,0.616,0.345,0.354,0.773
33.957,20.079,9.252,0.472,0.906,51.503,29737.087,12.927,50.752,99.832,0.000,0.565,0.118,0.335,0.776
18.012,14.567,6.890,0.453,0.433,51.416,29180.142,12.762,57.226,84.377,8.026,0.319,0.547,0.079,0.235
26.083,16.535,7.874,0.354,0.669,51.488,29480.371,14.993,57.644,53.884,8.543,0.603,0.622,0.059,0.524
25.459,14.567,7.283,0.315,0.591,59.625,29078.616,10.499,40.100,88.554,NaN,0.560,0.404,NaN,0.464
39.173,21.654,11.024,0.709,0.925,50.183,NaN,9.908,61.821,145.989,0.000,0.506,0.000,0.000,1.475
29.790,19.094,9.449,0.630,0.709,52.402,28769.686,14.731,62.656,76.858,0.000,0.709,0.000,0.276,0.742
28.084,16.535,NaN,0.551,0.591,52.330,29290.371,12.959,17.335,NaN,0.000,0.600,0.529,0.000,0.375
22.671,14.173,6.890,0.354,0.472,NaN,28308.466,9.941,34.461,NaN,0.000,0.394,0.000,0.217,0.355
29.856,15.354,6.890,NaN,0.551,49.110,28045.947,13.419,32.164,87.928,5.058,0.571,0.000,NaN,1.933
NaN,13.386,6.693,0.394,0.472,49.545,28293.962,9.285,26.525,99.832,15.332,0.374,0.000,0.039,0.913
17.585,14.764,7.087,0.315,0.413,50.836,NaN,13.156,22.347,83.333,13.331,0.551,0.000,NaN,0.495
20.112,13.189,7.283,0.256,0.472,50.386,28993.044,NaN,22.765,63.909,0.000,0.390,0.565,0.000,0.240
34.744,19.685,10.236,0.630,0.571,49.980,30221.513,13.780,44.695,120.718,0.000,0.514,0.139,0.571,1.094
20.440,14.173,7.283,0.315,0.433,49.559,NaN,12.467,40.935,NaN,14.613,0.672,0.000,0.020,0.971
23.819,15.354,8.858,0.315,0.610,43.120,28430.297,10.860,25.898,93.984,NaN,0.681,0.253,0.000,0.404
24.573,16.732,7.480,0.374,0.413,60.133,29085.868,10.302,NaN,44.277,0.000,0.565,0.296,0.020,0.238
26.706,16.535,8.071,0.413,0.551,50.633,29284.570,13.812,14.829,47.828,0.000,0.612,0.000,0.197,0.404
27.034,15.551,7.480,0.472,0.551,43.743,28546.328,10.335,10.860,47.619,0.000,0.543,NaN,0.000,0.446
18.668,NaN,6.496,0.472,0.492,35.404,28247.550,13.189,31.119,93.567,8.633,0.315,0.406,0.059,0.434
22.769,16.142,8.071,0.512,0.748,49.139,29523.882,9.941,NaN,52.005,0.000,0.579,0.124,0.197,0.061
28.543,17.520,8.268,0.374,0.669,50.749,28322.969,11.286,17.753,90.225,0.000,0.395,0.571,0.000,0.400
35.007,18.504,9.646,0.453,0.689,49.690,29892.278,13.550,60.359,99.624,0.000,NaN,0.276,NaN,1.092
35.203,17.717,8.465,0.374,NaN,50.154,NaN,11.253,56.182,100.250,4.991,0.446,0.520,0.650,1.083
NaN,13.386,7.087,0.315,0.433,50.198,NaN,11.352,25.689,83.751,3.012,0.726,0.000,0.000,0.347
33.694,17.913,8.661,0.374,0.531,36.811,28865.411,11.614,47.201,91.269,0.000,0.393,NaN,0.571,0.663
37.434,NaN,10.039,0.472,0.728,50.140,28987.242,16.470,48.454,104.218,17.513,0.288,0.493,0.039,1.772
25.853,17.717,9.449,0.354,0.650,NaN,27922.665,16.371,20.050,96.491,9.712,0.289,0.377,0.020,0.620
27.329,15.945,8.465,0.354,0.591,NaN,29267.165,NaN,22.974,63.283,NaN,0.531,0.000,0.059,1.101
NaN,16.929,9.252,NaN,0.610,50.792,NaN,15.617,43.651,87.928,0.000,0.657,0.270,NaN,0.673
27.165,13.780,7.087,0.276,0.413,36.579,28971.288,10.302,22.556,46.366,4.271,0.327,0.000,0.197,1.082
24.344,16.339,8.465,0.453,0.610,48.834,29747.240,13.812,41.144,110.066,NaN,0.347,0.243,0.177,0.570
36.549,23.622,10.630,0.650,0.650,51.343,28351.977,NaN,72.681,133.458,NaN,0.457,0.435,0.059,1.553
18.176,14.567,NaN,0.394,0.433,50.531,28127.168,14.370,26.733,97.744,NaN,0.475,0.000,NaN,0.319
35.499,NaN,NaN,0.571,0.748,60.307,28923.426,NaN,44.486,128.863,0.000,0.625,0.554,0.394,1.042
25.689,17.323,8.071,0.374,0.531,49.400,29362.890,12.205,39.682,65.998,2.945,0.557,0.568,0.138,0.263
29.856,NaN,8.661,0.591,NaN,50.299,29307.776,13.812,45.948,83.124,9.105,0.568,0.320,0.039,0.781
31.168,16.732,8.465,0.453,0.492,51.343,28164.878,10.728,10.443,71.428,0.000,0.490,0.598,0.020,0.560
32.546,18.701,9.449,0.610,0.650,51.691,28436.099,12.861,37.385,97.117,0.000,0.504,0.629,NaN,0.432
23.327,14.961,6.693,0.335,NaN,48.979,28289.611,9.219,12.740,44.695,0.000,0.544,0.175,0.000,0.209
24.803,13.976,7.480,NaN,0.531,35.027,28279.458,9.678,15.873,70.593,0.000,0.390,0.000,0.000,0.705
32.579,18.110,8.268,0.630,0.610,61.772,28688.465,12.369,50.752,57.435,8.723,0.492,0.324,0.039,1.162
15.256,11.614,5.709,0.217,0.531,43.758,28482.511,10.663,30.702,58.062,0.000,0.404,0.260,0.000,0.164
33.563,19.094,9.449,0.472,0.630,60.147,28517.320,NaN,45.948,92.940,16.366,0.469,0.575,0.492,1.070
26.804,15.157,7.283,0.374,0.453,49.704,29447.012,9.416,32.999,75.814,0.000,0.486,NaN,0.079,0.539
31.923,18.307,NaN,0.472,0.571,61.569,30163.498,13.189,44.068,103.592,14.365,0.652,0.000,0.531,1.657
33.957,17.913,NaN,0.531,0.630,50.850,28679.762,NaN,27.360,68.504,6.789,0.343,0.000,0.354,1.579
19.488,16.339,8.268,0.374,NaN,51.387,28127.168,10.007,38.429,144.318,14.410,0.658,0.000,0.039,0.446
NaN,20.079,9.843,0.394,0.906,48.211,28608.694,12.894,40.518,139.306,16.141,0.475,0.173,0.039,1.228
28.117,18.110,9.646,0.531,0.709,51.749,29288.921,14.633,NaN,95.655,0.000,0.411,0.000,0.354,0.711
18.898,14.961,8.268,0.315,0.630,42.772,28475.259,17.454,25.898,153.926,7.284,0.526,0.562,0.000,0.389
27.986,16.142,7.677,0.315,0.571,51.836,28811.747,10.236,35.296,65.580,0.000,0.592,0.000,0.000,0.879
21.391,16.339,8.268,0.433,0.630,50.038,29139.532,15.157,61.612,132.831,0.000,0.529,0.273,0.157,0.381
17.487,14.961,7.677,NaN,0.551,51.575,29451.363,12.402,41.562,45.948,4.114,0.646,0.521,0.079,0.041
18.438,13.189,6.693,0.295,0.551,49.574,NaN,12.402,51.587,105.889,0.000,0.347,0.500,0.000,0.304
28.314,17.717,8.661,0.630,0.492,NaN,29177.242,12.828,21.721,125.313,5.755,0.667,0.558,0.000,0.786
18.832,14.567,7.283,0.315,0.492,44.280,28663.808,13.255,49.081,NaN,6.115,0.642,0.244,0.000,0.432
37.730,21.063,9.843,0.709,0.610,61.569,28495.564,16.962,53.467,128.445,0.000,0.522,NaN,0.689,1.565
29.167,17.126,8.465,0.591,0.650,36.521,28446.252,9.580,NaN,87.510,0.000,0.632,0.639,NaN,0.383
17.093,13.583,6.890,0.276,0.453,51.764,29229.455,11.220,46.366,57.853,0.000,0.477,0.548,0.098,0.089
30.348,20.866,9.449,0.669,0.866,42.525,28788.541,NaN,46.157,166.039,9.127,0.531,0.000,0.138,0.848
17.815,12.008,6.102,0.256,0.453,60.510,28700.068,9.449,35.923,83.542,3.732,0.503,0.541,0.039,0.275
19.291,14.173,NaN,0.276,0.472,43.120,29290.371,12.402,20.050,73.099,6.677,0.636,0.000,0.000,0.426
25.000,17.323,8.858,0.472,0.531,51.068,NaN,13.353,39.473,87.092,14.927,0.472,0.000,0.079,0.952
21.096,13.386,7.283,0.276,0.650,49.559,29098.921,12.369,45.113,73.726,0.000,0.618,0.225,0.000,0.439
28.675,17.126,8.465,0.512,0.630,44.149,28958.235,10.991,26.942,145.154,13.016,0.451,0.504,0.020,0.978
20.735,12.992,5.709,0.315,0.492,51.097,28882.815,12.861,30.284,44.277,2.248,NaN,0.161,0.059,0.473
19.980,16.142,NaN,0.551,NaN,44.033,29345.485,13.878,28.613,52.214,0.000,0.396,0.260,0.000,0.154
21.982,14.567,7.283,0.433,0.571,42.772,28961.135,13.222,30.910,62.447,0.000,0.708,0.380,0.157,0.217
29.265,17.323,7.874,0.472,0.453,61.191,29766.095,13.123,17.961,43.024,0.000,0.654,0.000,0.138,0.559
25.656,15.551,7.480,0.315,0.453,51.561,27928.467,10.892,45.113,90.225,0.000,0.619,0.173,0.000,0.994
30.249,19.291,9.252,0.374,0.709,48.675,28974.189,11.089,22.556,168.545,16.254,0.512,0.505,0.000,0.946
33.629,18.701,9.843,0.453,NaN,60.568,28478.160,12.795,17.335,52.214,0.000,0.383,NaN,NaN,0.468
20.210,13.780,6.890,0.295,0.512,NaN,28810.296,12.795,30.075,67.251,0.000,0.584,0.226,0.059,0.326
17.552,13.583,7.874,0.295,0.551,45.281,NaN,11.024,15.873,38.220,0.000,0.647,0.152,0.000,0.096
31.398,18.504,9.843,0.433,0.591,51.416,28747.930,10.105,22.765,103.801,5.710,0.417,0.000,0.177,0.980
17.388,13.386,7.087,NaN,0.531,52.663,29344.035,11.549,NaN,99.832,15.152,0.379,0.000,0.000,0.706
NaN,18.701,9.449,0.472,0.571,NaN,30457.925,16.995,30.284,87.301,0.000,0.660,0.000,0.256,0.970
24.639,14.764,7.087,0.571,0.472,51.010,28785.640,14.206,24.227,49.707,7.981,0.540,NaN,0.020,0.989
31.070,19.882,8.858,0.472,0.768,50.720,29425.256,12.303,47.410,190.057,7.441,NaN,0.296,0.256,1.055
30.217,19.291,NaN,0.394,0.807,49.878,29069.914,12.008,92.314,152.881,15.332,0.626,0.000,0.098,1.383
23.983,15.945,7.874,0.610,0.610,51.604,29075.715,12.730,52.422,50.543,10.971,0.354,0.416,0.000,0.568
30.052,15.748,7.087,0.335,0.433,51.764,29581.897,11.516,16.082,60.568,NaN,0.701,NaN,0.098,0.625
21.522,14.370,7.677,0.433,NaN,50.299,28974.189,NaN,20.259,61.194,NaN,0.446,0.000,0.039,0.293
17.913,12.598,7.087,0.256,0.531,44.541,28112.665,8.891,28.404,53.258,0.000,0.414,0.607,0.000,0.120
20.505,13.386,6.890,0.315,0.394,48.733,29167.089,9.088,31.119,NaN,0.000,0.431,0.612,0.079,0.175
38.320,20.472,10.039,0.413,0.630,50.633,29254.112,13.386,33.417,108.604,10.566,0.588,0.310,0.433,1.713
NaN,13.583,6.693,NaN,0.591,NaN,28617.396,NaN,34.252,123.015,3.552,0.418,0.135,0.079,0.546
23.491,15.748,8.071,0.531,0.453,42.888,29317.928,11.286,24.436,99.624,4.047,0.344,0.000,0.020,0.754
24.344,15.157,6.890,0.433,0.630,48.863,29832.812,10.761,10.860,40.100,0.000,0.462,0.000,NaN,0.260
33.301,NaN,8.661,0.433,0.709,60.046,29040.906,9.219,NaN,190.684,7.936,0.501,0.305,0.020,1.490
30.413,18.898,9.252,0.512,0.512,44.091,28151.825,14.534,40.727,38.847,0.000,0.450,NaN,0.354,0.482
32.021,17.520,8.465,0.335,0.630,50.560,28552.129,11.352,24.227,69.131,0.000,0.604,NaN,0.039,1.016
NaN,16.535,8.268,0.650,0.827,49.632,29534.035,15.617,NaN,62.030,0.000,0.674,0.280,0.098,0.351
21.818,16.535,7.677,0.492,0.512,50.372,29172.891,14.600,32.581,91.896,NaN,0.698,0.000,0.000,0.504
24.278,17.717,8.858,0.512,0.807,59.886,28745.029,9.678,71.010,72.472,7.958,0.573,0.000,0.118,0.345
35.860,20.276,9.252,0.630,0.768,51.982,29455.714,14.436,50.125,76.441,4.002,0.587,0.255,NaN,0.861
35.991,20.669,8.661,0.512,0.748,61.554,29496.325,16.175,25.271,91.060,0.000,0.445,0.251,0.335,0.884
NaN,24.016,11.220,0.492,0.650,NaN,29594.950,16.634,76.441,177.944,0.000,0.413,0.553,0.020,1.416
16.503,NaN,7.480,0.335,0.551,50.662,29700.828,14.797,62.447,78.738,0.000,0.535,0.000,0.118,0.144
29.823,14.961,7.874,0.571,NaN,43.729,29317.928,8.235,10.860,44.068,6.160,0.614,0.000,0.000,0.752
20.308,14.961,7.283,NaN,0.433,50.140,29782.049,NaN,NaN,73.517,15.467,0.398,0.286,0.256,0.526
21.260,12.795,6.496,0.276,0.472,51.691,NaN,16.109,23.809,60.150,0.000,0.276,0.279,0.059,0.511
NaN,15.157,7.480,0.315,0.531,51.285,29204.799,14.239,61.821,73.099,0.000,0.678,0.000,0.374,0.591
21.227,16.339,9.055,0.374,0.650,49.588,28565.182,12.467,72.472,110.275,12.792,0.650,0.000,0.138,0.533
24.934,16.339,7.677,0.335,0.571,60.321,29119.227,15.748,38.220,94.611,0.000,0.341,0.000,0.354,0.691
22.671,NaN,6.890,0.374,0.472,51.068,28785.640,9.580,38.220,42.606,0.000,0.334,0.355,0.020,0.365
20.046,14.567,8.268,0.354,0.650,51.517,29436.859,15.289,42.397,72.055,0.000,0.527,0.353,0.000,0.266
29.134,17.323,8.465,0.512,0.571,61.786,29113.425,9.646,65.789,NaN,6.834,0.451,0.000,0.335,0.960
16.634,12.598,5.906,NaN,0.453,43.410,29384.646,10.597,25.063,42.397,0.000,0.486,0.572,0.000,0.082
30.446,19.488,10.630,0.650,0.650,51.140,28273.657,10.794,50.125,88.972,0.000,0.284,0.332,0.394,0.192
28.675,15.551,8.071,0.413,0.512,51.271,28579.686,7.972,24.227,NaN,0.000,0.436,0.498,0.059,0.413
23.163,15.354,7.874,0.591,0.492,49.458,29080.066,8.465,19.006,72.890,2.226,0.466,0.000,0.000,0.350
29.134,18.307,NaN,0.492,0.551,48.834,28916.174,9.449,24.645,50.125,0.000,0.328,0.320,0.177,0.200
27.329,18.110,9.449,0.394,0.669,43.801,29111.975,15.387,73.099,95.446,0.000,0.458,0.262,0.335,0.531
30.479,17.913,7.283,0.531,0.531,44.773,29368.692,10.236,56.182,126.357,0.000,0.450,0.413,0.394,0.785
22.933,15.945,7.480,0.472,0.551,63.352,29391.898,15.551,NaN,96.282,0.000,NaN,0.329,0.059,0.454
36.549,NaN,10.630,0.512,0.787,62.149,28412.893,12.697,41.353,140.141,0.000,0.384,0.374,0.315,0.833
31.201,16.732,8.465,0.472,0.807,62.004,29763.194,13.353,53.258,79.574,12.994,NaN,0.204,0.020,1.560
34.318,19.094,9.252,0.413,0.551,50.314,28933.578,14.075,29.866,85.004,8.655,0.519,0.471,0.531,0.843
31.627,16.929,8.268,0.335,0.551,51.662,29387.546,NaN,41.353,58.688,0.000,NaN,0.349,0.492,0.470
33.924,19.882,10.630,0.591,0.610,61.365,28407.091,12.730,51.587,86.883,10.139,0.470,0.395,0.512,0.629
26.804,NaN,7.677,0.650,0.571,50.038,28758.083,11.745,39.473,52.422,9.847,0.562,0.256,NaN,0.613
24.639,15.157,7.874,0.433,0.591,60.046,28312.817,14.403,21.721,56.391,4.429,0.414,0.185,NaN,0.661
31.791,21.063,10.630,0.571,0.886,51.517,28874.113,14.567,67.669,115.705,0.000,NaN,0.349,0.335,0.402
19.816,13.976,7.087,0.315,0.591,61.496,NaN,13.484,41.771,92.105,0.000,0.534,0.234,0.118,0.337
33.891,21.063,9.646,0.689,0.728,NaN,28955.334,16.207,50.543,112.364,11.038,0.386,0.211,0.531,0.878
36.975,20.669,8.465,0.433,NaN,49.864,28937.929,16.437,53.884,81.244,0.000,0.466,0.602,0.000,1.574
NaN,16.535,9.449,0.512,0.827,61.583,28486.862,11.122,46.575,137.426,7.216,0.463,0.236,0.157,0.209
17.290,14.764,8.465,NaN,0.591,51.314,28961.135,13.812,41.980,68.504,0.000,0.558,0.124,0.000,0.162
30.413,15.748,8.661,NaN,0.531,50.473,28861.059,10.302,34.879,88.763,3.530,0.311,0.127,NaN,1.351
30.873,17.323,8.268,0.512,0.689,52.098,28192.435,13.878,31.746,50.334,0.000,0.415,0.000,0.020,0.922
23.163,15.157,8.268,0.354,0.787,51.140,28774.037,9.219,61.821,83.124,0.000,0.492,0.246,0.276,0.126
28.346,17.913,9.252,NaN,0.787,49.603,28964.036,14.829,32.164,84.168,13.668,0.430,0.000,0.059,1.107
23.983,14.370,7.087,0.492,0.512,51.445,28920.525,8.235,20.468,59.941,4.766,0.541,0.317,0.020,0.395
29.659,20.669,10.039,0.669,0.748,43.642,28910.372,12.303,24.645,60.985,5.778,0.539,0.297,0.039,0.356
25.295,18.307,8.465,0.413,0.531,61.583,29344.035,14.665,49.290,198.620,17.153,0.531,0.172,0.039,1.389
17.552,12.402,6.890,0.354,0.453,42.627,29431.058,13.287,39.056,70.384,0.000,0.324,0.317,0.000,0.277
34.678,18.898,9.449,NaN,0.591,49.139,29043.807,15.190,NaN,88.972,0.000,0.383,NaN,0.531,0.770
39.862,20.866,9.646,0.571,0.610,50.372,28572.434,8.235,36.341,123.224,19.738,0.326,0.000,0.374,2.273
25.131,17.323,8.465,0.335,0.571,62.192,NaN,NaN,NaN,64.954,15.714,NaN,0.387,0.118,0.584
16.568,11.417,NaN,0.256,0.433,42.612,29082.967,NaN,22.765,39.265,0.000,0.752,0.194,NaN,0.115
30.249,19.291,8.661,0.709,0.571,43.990,29109.074,12.106,43.442,104.427,9.172,0.558,0.174,0.177,0.872
NaN,18.307,8.661,0.512,0.551,49.530,28681.213,15.584,42.397,NaN,0.000,0.593,0.000,0.039,1.096
37.992,19.488,9.055,0.610,0.709,50.879,28900.220,9.777,42.189,135.129,14.028,0.548,0.000,0.413,2.147
22.671,16.732,7.874,0.571,0.630,NaN,28244.649,15.190,20.050,81.453,0.000,0.527,0.267,0.138,0.175
21.293,14.567,NaN,0.354,0.453,44.106,29075.715,14.108,41.353,93.984,0.000,0.462,0.337,0.217,0.385
22.671,15.945,7.677,0.453,0.531,43.120,29371.592,10.958,67.251,NaN,14.523,0.532,0.234,0.020,0.782
23.228,15.748,8.071,0.531,0.709,51.271,29705.179,16.010,38.011,88.137,0.000,NaN,0.542,0.098,0.275
22.014,15.354,7.087,0.315,0.531,50.024,28974.189,16.765,55.346,71.219,13.556,0.740,0.000,0.256,1.002
33.858,16.929,7.874,0.453,0.728,51.242,NaN,13.747,19.006,74.561,15.961,0.426,0.000,0.059,2.381
32.087,19.882,10.236,0.433,0.610,60.133,28721.823,13.091,NaN,72.264,0.000,0.378,0.406,0.079,0.672
32.415,17.126,7.874,0.472,0.531,49.704,NaN,13.353,55.138,60.568,0.000,0.412,NaN,0.689,0.930
21.457,14.370,7.480,0.433,0.492,49.066,30302.735,9.941,NaN,NaN,0.000,0.617,0.000,0.000,0.409
30.249,18.110,8.268,0.433,0.610,42.308,28315.718,14.403,31.328,68.087,9.644,0.566,0.511,0.335,0.595
NaN,14.370,7.677,0.394,0.512,50.343,29645.714,10.794,70.175,101.503,0.000,0.609,0.442,NaN,0.516
24.245,15.354,6.890,0.335,0.610,45.281,28740.678,8.727,36.132,71.010,0.000,0.716,0.615,NaN,0.293
23.163,15.157,7.874,0.335,0.689,50.589,28591.289,11.450,28.404,69.131,9.892,0.542,0.000,0.118,0.549
21.424,15.157,7.677,0.295,0.492,51.053,30043.117,14.633,39.056,52.005,0.000,0.411,0.000,0.020,0.407
38.550,21.850,10.433,0.709,0.591,60.104,29319.379,12.172,71.637,125.521,7.374,0.581,0.324,0.689,1.298
25.361,17.126,7.874,0.453,0.492,52.591,29780.599,17.487,33.208,120.509,0.000,0.549,0.000,0.039,1.335
23.720,16.732,8.268,0.492,0.689,44.048,29239.608,11.713,40.518,132.831,8.790,0.613,0.564,0.079,0.367
25.951,18.701,8.661,0.374,0.531,59.741,29390.447,16.798,67.251,92.314,0.000,0.462,NaN,0.236,0.900
20.374,13.386,6.693,0.295,0.650,43.903,29329.531,11.942,58.062,NaN,14.703,0.590,0.520,0.059,0.461
27.198,16.535,7.480,0.413,0.472,50.082,29219.303,10.663,34.043,84.586,12.005,0.451,0.000,0.000,1.339
19.751,13.583,7.087,0.374,0.630,NaN,29307.776,13.419,54.720,100.668,4.788,0.476,0.000,0.000,0.630
28.773,18.307,8.661,NaN,0.689,NaN,29581.897,11.844,45.113,111.737,10.926,0.427,0.165,NaN,0.963
16.535,12.008,6.496,0.413,0.472,52.040,28749.380,9.318,52.005,58.897,11.443,0.675,0.144,0.020,0.396
22.966,15.354,7.480,0.394,0.433,50.981,28083.657,9.482,70.175,73.099,0.000,0.503,0.186,NaN,0.398
31.430,21.850,8.661,0.650,0.551,49.922,28768.235,16.568,62.030,100.250,12.207,0.356,0.000,0.374,1.244
26.969,17.717,8.465,0.472,0.492,50.691,29062.662,9.547,29.031,103.801,7.891,0.580,0.000,0.039,0.878
28.904,17.323,NaN,0.453,0.748,36.535,29439.760,13.287,21.303,171.052,0.000,0.578,0.000,0.039,1.298
24.770,15.157,NaN,0.315,0.413,61.540,29315.028,11.155,27.986,104.009,3.282,0.521,0.501,0.197,0.620
15.354,10.630,5.512,0.315,0.394,38.014,29763.194,13.320,NaN,42.815,0.000,0.578,0.327,0.000,0.210
40.781,23.819,11.811,0.492,0.709,50.604,29378.844,11.745,30.075,142.439,0.000,0.316,0.591,0.020,1.002
20.210,14.370,NaN,0.453,NaN,35.201,28553.579,13.484,19.423,64.745,7.621,0.370,0.323,0.000,0.438
31.070,19.094,NaN,0.531,0.531,50.169,28862.510,13.222,43.024,76.023,4.069,0.497,0.000,0.000,1.258
39.961,21.654,11.220,0.413,0.689,50.198,29313.577,10.696,35.923,126.775,25.763,NaN,0.305,0.394,1.770
18.766,NaN,6.890,0.354,0.551,NaN,28839.304,10.925,29.240,67.460,0.000,0.515,0.564,0.000,0.171
25.755,18.307,9.055,0.413,0.571,35.230,29345.485,11.647,65.580,133.876,0.000,0.474,0.000,0.000,0.719
31.923,18.110,9.055,0.335,0.610,49.733,28656.556,8.563,51.587,85.630,15.287,0.477,0.591,0.039,0.981
20.833,17.126,9.055,0.374,0.551,50.923,29185.944,9.580,47.619,NaN,25.358,NaN,0.000,0.000,0.683
35.958,21.063,8.661,0.709,0.728,60.669,28956.784,15.748,38.011,89.390,12.522,0.530,0.158,0.236,1.520
37.828,19.685,10.827,0.650,0.846,50.488,29486.172,NaN,72.890,65.789,17.827,0.589,0.162,0.669,1.285
24.770,16.929,8.858,0.610,0.512,53.026,28714.571,13.976,NaN,57.226,NaN,0.485,0.277,0.236,0.163
31.004,18.504,9.843,0.394,0.551,52.605,28675.411,14.961,53.884,106.307,0.000,0.729,0.164,0.374,1.266
30.807,15.945,8.268,0.472,0.689,49.487,28716.022,10.138,20.885,62.030,0.000,0.574,0.256,0.098,0.556
34.646,20.079,10.039,0.650,0.669,60.626,28530.373,NaN,28.613,113.408,9.982,0.535,NaN,0.000,1.477
30.184,19.685,8.071,0.650,NaN,61.220,28714.571,12.172,26.733,146.825,22.234,0.454,0.546,0.020,1.133
24.081,NaN,7.677,NaN,0.610,36.201,28589.839,9.678,NaN,106.725,12.140,NaN,0.124,0.138,0.524
24.672,16.535,8.858,0.315,0.787,51.329,28457.855,16.929,53.258,119.674,0.000,0.453,0.574,0.059,0.513
23.163,14.173,7.087,0.453,0.531,60.147,29296.173,8.629,52.214,142.021,6.924,0.283,0.286,0.098,0.678
24.672,13.780,6.693,0.295,0.591,51.053,28800.144,13.255,NaN,53.258,8.745,0.501,0.301,0.039,0.778
24.377,14.567,7.677,0.374,0.453,52.040,29349.837,14.567,38.011,38.429,0.000,0.299,NaN,0.217,0.471
30.938,16.339,8.268,0.453,0.512,50.589,29396.249,9.022,32.581,112.364,0.000,0.433,NaN,NaN,0.994
26.411,18.701,10.039,0.531,0.551,59.291,28289.611,9.777,53.884,64.327,10.858,0.398,0.000,0.000,0.596
20.735,14.370,7.087,0.551,0.689,43.874,28813.197,12.270,26.733,NaN,2.967,0.450,0.207,0.079,0.208
26.640,NaN,8.071,NaN,0.512,50.821,29373.043,8.530,39.056,60.150,NaN,0.476,0.219,0.000,0.246
32.841,18.307,NaN,0.591,0.669,51.242,30063.422,9.744,NaN,102.547,14.703,0.496,0.381,0.177,0.911
24.770,14.961,6.496,NaN,0.492,51.126,29277.318,10.302,25.271,53.676,0.000,0.619,0.274,0.020,0.415
NaN,18.701,8.661,0.551,0.610,49.690,28716.022,10.466,18.379,82.080,NaN,0.405,0.586,0.217,0.672
26.870,15.945,NaN,0.335,0.512,52.489,30379.605,10.991,45.948,87.719,0.000,0.652,0.284,0.295,0.561
17.552,13.780,6.890,0.374,0.610,50.125,NaN,12.106,16.917,83.124,12.117,0.345,0.321,0.020,0.289
21.588,16.535,8.661,0.354,0.610,51.445,29829.912,16.404,19.215,139.724,7.576,0.298,0.000,0.000,0.676
21.949,17.717,8.071,0.394,0.807,43.366,28961.135,10.203,72.890,156.850,22.346,0.389,0.000,0.020,0.685
NaN,16.535,8.465,0.315,0.531,50.604,29433.958,9.875,19.423,47.201,7.666,0.401,0.000,0.000,0.904
NaN,13.583,7.087,NaN,0.551,44.295,NaN,8.301,48.245,169.172,0.000,0.577,0.000,0.039,0.227
38.156,22.441,NaN,0.650,0.807,51.546,NaN,NaN,80.200,111.737,27.449,0.625,0.535,0.413,0.999
36.581,22.835,10.630,0.531,NaN,49.617,29426.707,14.173,18.797,153.926,0.000,0.610,0.562,0.157,0.697
21.063,NaN,6.693,NaN,0.472,37.333,28380.985,13.944,13.784,NaN,6.430,NaN,0.000,0.098,0.598
21.161,13.780,7.087,0.433,0.472,43.468,29406.401,13.320,37.803,113.408,NaN,0.515,0.538,NaN,0.606
25.689,15.157,7.480,0.433,0.689,52.591,29557.241,9.186,58.897,55.555,10.723,0.502,0.141,0.039,0.715
34.383,20.472,NaN,0.413,0.689,62.729,28627.549,15.223,60.985,53.676,0.000,0.404,0.566,0.020,0.744
33.891,21.260,9.055,0.630,0.571,NaN,29156.936,11.975,55.138,80.200,0.000,0.661,0.583,0.335,0.363
27.756,15.748,7.874,0.413,0.768,50.618,28974.189,NaN,26.107,72.681,0.000,NaN,0.239,0.020,0.549
36.024,19.094,9.055,0.709,0.531,51.010,27781.979,NaN,58.479,100.041,0.000,0.533,0.000,0.610,1.692
23.392,16.732,7.874,0.650,0.551,50.749,29520.981,15.879,38.429,81.453,7.666,0.356,0.160,0.000,0.685
32.119,17.717,9.252,0.413,0.807,43.279,29277.318,15.125,37.385,67.669,0.000,0.364,0.254,0.335,0.565
24.967,19.094,8.268,0.374,0.512,NaN,NaN,16.503,48.872,111.111,10.139,0.592,0.217,0.177,0.657
36.680,22.638,10.827,0.709,0.807,60.814,29815.408,15.289,41.144,NaN,19.131,0.542,NaN,0.236,0.798
NaN,17.126,8.071,0.531,0.551,50.560,28869.762,14.009,27.569,48.663,NaN,0.534,0.000,0.177,1.109
24.344,14.370,6.299,0.492,0.433,50.952,29007.548,NaN,26.942,72.264,0.000,0.390,0.000,0.000,0.656
28.314,18.701,9.252,0.374,0.669,62.076,29241.058,15.518,55.346,91.687,0.000,0.403,0.211,0.079,0.789
29.167,NaN,8.858,0.551,0.728,NaN,29306.325,NaN,72.681,207.184,16.568,0.573,0.494,NaN,0.789
31.594,NaN,9.843,0.433,0.728,42.249,29058.311,11.024,30.702,102.965,16.793,0.493,0.250,0.118,0.985
18.898,14.173,8.071,0.276,0.748,48.689,NaN,10.663,64.327,110.902,19.423,0.396,0.411,0.039,0.387
25.066,16.535,8.858,0.433,0.689,62.033,29300.524,9.186,36.132,129.490,0.000,0.394,0.216,0.000,0.451
15.617,12.992,5.906,0.453,0.413,44.933,29497.775,12.664,40.935,53.676,0.000,0.364,0.171,0.079,0.122
28.806,18.701,NaN,0.630,0.787,50.444,28700.068,11.844,23.601,NaN,9.734,0.502,0.497,0.000,0.619
27.297,18.504,8.858,0.571,0.610,50.096,29039.456,15.322,60.985,67.878,6.092,0.627,0.227,0.020,0.794
29.068,15.354,7.480,0.335,0.728,50.981,29545.638,10.138,40.309,48.872,0.000,0.522,0.386,0.000,0.487
27.887,18.307,8.071,0.492,0.551,51.706,28428.847,10.991,23.809,50.543,0.000,0.418,0.334,0.000,0.365
19.751,16.535,NaN,0.551,0.492,43.178,28955.334,11.549,28.613,88.972,0.000,0.655,0.000,0.039,0.226
NaN,20.669,11.024,0.571,0.689,61.554,29146.784,15.945,26.107,178.362,28.191,0.308,0.000,0.020,2.492
16.371,NaN,6.496,0.256,0.374,51.546,29436.859,12.927,14.202,61.403,0.000,0.356,0.388,NaN,0.107
33.825,21.850,8.858,0.472,0.630,60.046,29940.140,NaN,41.353,133.876,5.688,0.554,0.342,0.315,0.893
19.094,NaN,7.480,0.413,NaN,51.024,29602.202,10.105,34.670,92.731,6.812,0.459,NaN,0.020,0.330
26.575,17.913,8.465,0.512,0.610,50.691,NaN,12.303,28.613,108.187,0.000,0.639,0.336,0.236,0.269
30.807,18.504,8.661,0.709,0.571,NaN,28772.586,13.287,28.404,43.442,0.000,0.681,0.000,0.138,0.528
15.978,12.008,5.906,0.256,0.374,NaN,29728.385,13.976,14.620,38.847,8.857,NaN,0.000,0.000,0.427
16.535,16.142,8.465,0.571,0.728,51.749,28282.359,13.058,51.796,172.514,26.235,0.672,0.000,0.000,0.332
30.906,15.354,7.677,0.433,0.413,NaN,28853.808,9.941,15.873,51.587,0.000,0.342,0.186,0.276,0.681
30.545,16.929,7.874,0.374,0.689,52.475,29413.653,12.828,29.031,67.669,0.000,0.622,0.389,0.000,0.720
21.686,12.402,5.906,NaN,0.374,37.028,29027.853,9.514,NaN,61.403,0.000,0.515,0.000,0.000,0.851
21.129,14.764,6.890,0.512,0.413,50.546,29056.860,NaN,31.119,77.067,13.331,0.663,0.000,0.000,0.996
32.808,18.701,8.268,0.354,0.531,60.394,28563.732,NaN,39.891,80.618,5.126,0.461,0.311,0.020,1.352
30.545,18.110,8.071,0.472,0.571,50.691,NaN,NaN,61.821,55.346,10.251,0.647,0.629,NaN,0.927
19.226,18.110,8.661,0.551,0.591,51.807,29094.570,14.337,62.447,174.185,28.258,0.326,0.589,0.039,0.305
18.209,13.976,7.677,0.492,0.610,52.431,29557.241,13.911,34.879,135.338,0.000,0.634,0.290,0.079,0.244
17.323,14.961,7.874,0.374,0.531,43.163,29016.250,12.467,52.422,67.878,11.083,0.663,0.000,0.039,0.319
19.882,12.205,NaN,0.315,0.453,48.530,28605.793,9.613,20.677,63.701,0.000,0.404,NaN,0.039,0.185
35.105,17.717,8.661,0.512,0.709,51.836,28788.541,11.450,33.834,103.174,0.000,0.448,0.000,0.335,1.473
26.706,15.945,NaN,NaN,0.551,50.850,29111.975,12.336,55.764,74.143,0.000,0.483,0.313,0.354,0.450
20.276,13.780,6.496,0.433,NaN,NaN,29043.807,10.466,29.031,55.973,0.000,0.470,0.492,0.000,0.307
30.807,18.307,9.055,0.433,0.846,50.212,28441.900,10.335,41.144,NaN,6.115,0.505,0.346,0.020,0.875
16.240,12.795,6.102,0.472,0.433,50.053,29336.783,10.892,39.265,57.435,0.000,0.541,0.372,NaN,0.100
35.269,18.504,9.843,0.453,NaN,49.980,28507.167,14.403,31.955,112.155,17.423,0.646,0.537,0.335,1.106
20.374,13.780,7.480,0.374,0.531,51.720,28633.350,10.564,32.790,44.695,10.094,0.645,0.205,0.059,0.366
29.232,20.669,9.449,0.551,NaN,52.489,30101.132,NaN,22.556,142.021,5.395,0.355,0.397,0.059,0.574
NaN,12.795,6.693,0.374,0.472,36.346,28798.693,8.891,13.993,60.777,0.000,0.569,0.206,0.000,0.131
29.035,18.307,9.055,0.512,0.531,50.923,NaN,14.567,57.435,68.922,0.000,0.492,NaN,0.079,0.995
18.077,12.402,6.299,0.354,0.374,52.141,NaN,10.105,51.169,51.378,0.000,0.532,0.415,0.039,0.239
29.429,18.110,9.055,0.571,0.492,43.830,28469.458,12.533,65.163,106.098,5.126,0.334,0.000,0.000,1.615
17.323,14.370,7.283,0.354,0.551,62.787,28659.457,14.239,17.753,68.713,0.000,0.574,0.516,0.000,0.121
NaN,17.126,8.465,0.512,0.531,NaN,NaN,NaN,51.796,67.669,7.396,0.580,0.000,0.000,1.971
33.005,18.307,9.449,0.354,0.748,49.530,28740.678,13.812,35.296,62.447,4.451,0.371,0.209,0.177,0.878
33.202,18.701,NaN,0.630,0.689,NaN,NaN,8.235,35.923,131.369,17.648,0.321,0.548,0.000,0.946
23.720,14.764,8.071,0.295,0.591,51.343,28572.434,10.860,34.252,67.669,0.000,0.597,0.196,0.079,0.370
19.751,13.780,6.496,0.315,0.453,50.372,28846.556,11.385,34.879,149.122,0.000,0.466,0.615,0.000,0.493
27.690,NaN,8.465,0.492,0.551,43.584,29637.011,16.240,29.866,52.005,0.000,NaN,0.147,0.197,0.445
NaN,19.291,9.646,NaN,0.669,36.999,28385.336,NaN,21.930,64.118,12.140,0.550,0.000,0.000,0.804
18.143,11.220,6.102,0.236,0.453,49.719,28605.793,11.877,36.967,40.309,4.654,0.357,0.621,NaN,0.284
16.699,13.189,7.283,0.453,0.433,50.981,29088.769,12.566,51.378,55.555,10.139,0.559,0.243,NaN,0.357
18.799,14.173,6.890,0.295,0.472,51.880,29544.187,10.794,28.404,97.535,17.625,0.577,0.570,0.000,0.419
24.902,15.354,7.480,0.492,0.512,61.656,29561.592,12.762,40.935,42.815,0.000,0.451,0.584,0.059,0.352
24.836,NaN,11.024,0.413,1.043,60.771,27921.215,15.912,68.504,142.439,0.000,0.537,0.390,0.118,0.185
28.806,22.244,10.630,0.492,0.748,51.967,29684.874,16.437,41.562,170.634,27.427,0.607,0.149,0.000,1.044
26.345,15.748,7.283,0.354,0.453,44.817,29090.219,9.646,30.284,112.990,8.430,0.577,0.292,NaN,0.854
NaN,17.323,NaN,0.374,0.591,60.930,28955.334,15.781,16.291,84.168,0.000,0.356,0.167,0.020,1.093
24.049,15.157,6.890,0.276,0.531,50.633,NaN,10.663,57.435,74.143,NaN,0.729,0.387,0.000,0.627
21.949,14.567,7.480,0.472,0.394,61.540,29030.754,NaN,15.873,80.827,0.000,0.529,0.536,0.000,0.339
18.996,14.961,7.283,0.295,0.709,50.444,28958.235,15.420,54.302,69.131,8.880,0.545,0.000,0.177,0.343
28.773,17.717,8.071,0.433,0.512,43.743,29406.401,10.531,40.518,71.010,14.837,NaN,0.218,0.256,0.925
29.364,19.882,9.055,0.630,0.531,60.524,28682.663,15.748,53.676,72.681,0.000,NaN,0.388,0.256,0.545
NaN,13.583,6.693,0.354,NaN,51.271,29979.300,9.875,18.379,91.060,0.000,0.484,0.000,0.059,0.405
34.514,18.701,8.268,0.571,0.512,51.778,28253.351,16.142,25.689,97.953,0.000,0.556,0.288,0.000,1.911
24.049,16.339,8.071,0.531,0.709,51.662,28833.502,13.747,43.651,104.845,11.285,NaN,NaN,0.039,0.806
27.690,16.732,7.874,NaN,0.492,35.476,29107.624,14.108,15.246,92.314,0.000,0.516,0.242,0.000,0.871
15.748,NaN,5.709,0.335,0.335,52.605,28604.343,8.957,36.967,67.042,NaN,0.345,0.000,0.000,0.499
25.886,15.551,8.465,0.315,0.787,36.506,28700.068,14.337,38.847,44.904,8.385,0.713,0.000,0.098,0.591
22.769,15.945,NaN,0.295,0.689,43.018,28987.242,9.088,29.448,41.771,0.000,0.485,0.124,0.059,0.106
22.835,14.567,7.677,0.276,0.709,61.452,29361.440,10.039,52.005,55.764,0.000,0.616,0.433,0.315,0.025
19.127,15.157,7.677,0.354,0.728,50.212,29051.059,9.613,41.771,118.420,14.275,0.576,0.558,0.000,0.276
20.899,15.748,8.465,0.413,0.472,49.371,29306.325,15.190,31.955,139.515,9.599,0.567,0.169,0.059,0.656
19.094,16.339,8.465,0.433,0.512,50.212,29203.348,17.815,32.999,132.205,0.000,0.364,NaN,0.000,0.450
NaN,19.291,NaN,0.374,0.591,49.052,28739.228,11.581,NaN,102.130,9.554,0.482,0.367,0.059,1.026
25.492,14.173,8.268,0.315,0.709,51.474,29555.790,7.940,40.727,51.587,0.000,0.721,0.631,0.039,0.204
33.235,NaN,NaN,0.413,0.571,49.864,29348.386,NaN,20.885,90.225,0.000,0.451,0.548,0.000,0.611
27.461,14.961,6.299,0.512,0.374,51.169,28837.853,8.301,25.063,71.010,0.000,0.677,0.000,0.000,1.041
28.937,18.898,7.677,0.689,0.571,62.004,29451.363,11.680,69.966,122.180,13.466,0.553,NaN,0.453,0.735
35.138,18.307,9.843,0.413,0.630,NaN,29300.524,12.041,43.651,NaN,7.216,0.438,0.000,0.472,1.545
24.803,16.732,8.071,0.374,0.630,NaN,29628.309,15.125,23.183,114.870,3.754,0.647,0.259,0.000,0.677
35.269,21.260,10.236,0.453,0.866,43.366,29667.469,11.713,45.321,110.484,0.000,0.479,0.646,0.217,0.414
24.770,15.748,7.874,0.394,0.512,50.647,30041.667,15.650,57.644,NaN,0.000,0.487,0.423,0.315,0.434
17.454,12.795,7.480,0.256,0.512,60.959,28708.770,15.945,34.461,74.561,7.171,0.602,0.207,0.059,0.415
30.052,15.945,7.874,0.374,0.492,NaN,28698.617,15.617,51.587,68.713,5.036,0.525,0.540,0.787,0.808
16.864,12.402,5.906,0.256,0.512,NaN,29476.019,12.303,22.765,94.611,0.000,0.561,0.630,NaN,0.198
32.710,17.913,9.843,0.669,0.669,50.633,28578.236,14.403,55.973,94.402,0.000,0.673,0.579,0.394,0.774
25.492,17.323,9.252,0.413,0.610,51.227,29155.486,12.041,27.569,69.340,0.000,0.672,0.000,0.039,0.444
40.814,26.181,11.811,0.709,0.827,NaN,29330.982,16.699,NaN,184.627,0.000,0.426,0.000,0.236,2.015
37.270,21.850,11.024,0.709,0.906,50.879,28731.976,13.812,73.726,154.761,28.618,0.506,0.597,0.315,1.229
31.266,16.339,7.283,NaN,0.650,51.024,29787.851,13.123,52.005,95.655,0.000,0.541,0.000,0.551,1.657
27.822,18.110,8.858,0.453,0.591,52.576,29374.493,9.252,16.708,53.467,6.677,NaN,0.170,0.000,0.457
31.496,21.457,9.843,0.669,0.571,52.837,29460.065,13.123,68.295,138.053,20.165,0.461,0.000,0.000,1.785
23.950,15.157,7.087,0.295,0.630,51.633,29349.837,14.469,31.119,59.732,0.000,0.431,0.000,NaN,0.670
18.570,12.402,6.890,0.374,0.394,49.153,29251.211,12.139,12.949,38.847,0.000,0.352,0.295,0.020,0.178
20.866,13.976,6.299,0.315,0.650,50.082,29030.754,10.171,57.017,74.561,0.000,0.449,0.157,0.020,0.391
35.203,19.291,9.449,0.394,0.630,51.488,29242.509,16.010,19.215,135.338,0.000,0.482,0.162,0.315,1.787
32.218,17.520,8.465,0.472,0.669,61.394,29304.875,9.646,27.986,90.852,8.880,0.488,0.000,0.236,1.252
29.035,17.323,8.268,0.571,0.492,51.401,29433.958,16.404,26.316,75.814,3.642,0.439,0.226,NaN,1.054
17.290,12.205,6.496,0.256,0.394,NaN,28839.304,9.318,13.367,58.270,0.000,NaN,0.569,0.000,0.141
35.466,20.472,9.646,NaN,0.610,60.220,28437.549,17.224,30.910,172.723,0.000,0.700,0.525,NaN,1.302
20.997,18.504,9.055,0.571,0.551,53.272,28911.823,15.682,61.194,178.779,10.633,0.666,0.363,0.000,0.511
21.358,14.370,7.283,0.354,0.472,NaN,29367.241,13.845,NaN,93.149,2.450,0.520,0.189,0.039,0.683
22.408,18.110,9.449,0.630,0.669,36.970,28753.732,15.190,56.182,79.782,11.151,0.557,0.287,0.000,0.346
18.602,12.795,6.890,NaN,0.413,51.416,29590.599,NaN,38.220,90.643,0.000,0.554,0.521,0.039,0.400
23.852,15.354,7.283,0.354,0.650,50.169,28714.571,13.058,41.562,62.447,0.000,0.530,0.168,0.020,0.514
28.346,17.126,7.677,0.512,0.591,51.387,29075.715,9.547,63.074,NaN,NaN,0.620,0.285,0.079,0.876
33.990,20.866,8.661,0.413,0.472,50.836,28549.228,NaN,41.771,97.535,0.000,0.382,0.175,0.335,1.069
24.639,15.157,7.480,0.433,0.591,61.583,28534.725,9.810,25.271,74.561,3.417,0.484,0.334,0.059,0.452
17.913,13.386,7.677,0.472,0.492,53.185,28813.197,9.285,23.809,167.292,15.130,0.475,0.177,0.039,0.576
22.277,14.173,NaN,0.354,NaN,NaN,NaN,10.630,54.511,55.346,2.608,0.519,0.000,0.000,0.577
21.030,13.976,6.693,NaN,0.531,50.662,29313.577,10.138,17.335,NaN,12.095,0.555,NaN,0.098,0.436
31.562,18.701,8.465,0.394,0.591,62.453,28491.213,15.486,42.397,56.182,NaN,0.420,0.209,0.354,0.598
30.577,NaN,8.465,0.591,0.709,49.646,28489.763,16.076,43.442,79.365,0.000,0.733,0.578,0.079,0.715
29.823,19.291,9.252,0.630,0.610,50.038,28119.917,9.941,57.644,171.887,24.796,0.549,0.455,0.256,1.133
35.728,18.307,8.465,0.669,0.610,53.475,28488.312,10.400,52.422,99.415,3.777,0.509,0.253,0.610,1.169
27.461,15.354,8.465,0.354,0.531,48.602,28537.625,13.255,17.335,63.701,7.801,0.511,0.505,0.000,0.731
34.678,19.882,9.843,NaN,0.669,51.546,28689.915,10.400,NaN,123.433,8.655,0.660,NaN,0.374,1.172
33.661,20.472,8.268,0.512,0.531,50.676,28533.274,10.958,50.752,137.844,0.000,0.460,0.158,0.295,1.238
31.201,19.094,9.449,0.394,0.748,43.700,28605.793,9.678,47.201,83.751,4.721,0.601,0.000,0.354,0.455
18.045,11.614,5.709,0.315,0.433,49.211,28192.435,NaN,18.170,45.530,5.126,0.447,0.195,0.059,0.433
16.699,11.614,6.496,0.394,0.492,60.365,29262.814,13.648,24.436,98.997,5.081,0.460,0.297,0.059,0.396
22.277,15.945,8.268,0.394,NaN,NaN,29216.402,15.518,17.126,101.294,0.000,0.514,0.000,0.039,0.444
35.335,18.898,9.646,0.413,0.827,48.298,28694.266,11.122,28.613,71.010,0.000,0.377,0.468,0.236,0.460
32.185,19.291,10.236,0.571,0.610,61.830,28869.762,NaN,62.030,83.333,9.262,0.408,0.636,0.472,0.622
19.291,12.008,6.299,0.217,NaN,49.646,29156.936,16.043,19.215,74.770,0.000,0.429,0.566,0.039,0.393
23.327,16.929,9.252,0.591,0.531,52.417,NaN,10.302,43.024,102.130,NaN,0.381,0.000,NaN,0.408
29.560,18.504,7.874,0.512,0.453,61.119,29016.250,12.106,39.265,57.644,7.801,0.482,0.350,NaN,0.946
18.799,12.992,6.496,0.374,0.492,51.546,29094.570,8.825,36.341,127.401,8.071,0.337,0.000,0.020,0.571
23.753,14.173,7.087,0.335,0.413,51.677,29383.195,10.991,30.075,63.492,0.000,0.513,0.000,0.000,0.830
17.060,13.189,6.890,0.512,0.453,43.207,29612.355,13.583,25.480,92.522,12.679,0.468,0.500,0.098,0.243
21.424,15.748,8.465,NaN,0.531,35.056,27915.413,16.207,18.797,58.897,NaN,0.481,0.540,0.000,0.187
16.831,17.520,8.465,0.472,0.531,49.559,28621.747,16.667,75.814,203.215,0.000,0.374,0.645,0.138,0.067
26.378,NaN,8.465,0.531,0.492,62.018,NaN,9.744,19.841,72.890,0.000,0.455,0.529,0.000,0.281
39.567,20.866,10.039,NaN,0.709,51.213,29605.103,10.072,49.498,176.064,0.000,0.362,NaN,0.453,1.752
28.510,17.717,7.677,0.394,0.669,37.724,28948.082,12.336,56.808,89.181,0.000,NaN,0.584,NaN,0.529
NaN,19.094,9.449,0.433,0.610,48.298,29760.293,16.864,50.752,205.930,7.891,0.652,0.211,0.118,0.916
34.580,19.488,9.449,0.709,0.709,60.249,29013.349,NaN,26.733,79.782,0.000,0.406,0.181,0.000,0.963
32.644,17.126,8.268,0.433,0.571,52.431,29149.685,11.778,26.107,122.389,4.676,0.346,0.385,0.059,1.594
38.845,21.063,10.630,0.531,0.689,52.460,28614.495,11.516,61.821,115.288,0.000,0.507,0.222,0.531,1.097
35.236,19.488,NaN,0.394,0.551,52.388,28340.374,NaN,50.543,74.352,7.171,0.501,0.184,0.472,1.213
33.235,18.898,10.236,0.433,NaN,61.032,NaN,10.860,29.240,78.320,0.000,0.350,0.239,0.079,0.619
24.049,14.961,7.480,0.354,0.512,44.527,28544.877,8.760,19.006,102.965,8.768,0.444,0.210,0.039,0.691
22.441,14.370,6.693,0.315,NaN,NaN,28541.976,11.844,NaN,63.909,0.000,0.541,0.000,0.020,0.569
28.937,17.913,9.055,0.512,0.689,49.472,28260.603,10.203,16.708,52.214,9.037,0.600,0.222,0.039,0.418
15.978,11.614,6.299,0.256,0.374,51.865,29512.279,12.041,35.714,46.783,8.385,0.527,0.320,0.079,0.333
NaN,13.386,7.480,0.295,0.472,NaN,29016.250,9.580,27.986,48.454,6.519,NaN,0.000,0.000,0.450
34.318,18.701,9.449,0.413,0.728,44.309,29341.134,10.171,55.555,NaN,0.000,0.719,0.510,0.276,0.417
NaN,14.370,7.480,0.413,0.709,61.133,29426.707,10.564,NaN,73.726,0.000,0.523,0.326,0.197,0.280
25.098,15.354,7.677,0.472,0.768,51.155,28643.503,NaN,67.042,109.649,0.000,0.409,0.511,0.000,0.466
24.409,16.929,NaN,0.354,0.551,42.583,28282.359,11.188,32.372,85.004,NaN,0.492,0.311,0.039,0.636
22.310,14.370,7.874,0.394,0.689,50.198,29568.844,11.385,33.208,91.687,4.316,0.426,0.229,0.000,0.472
22.211,15.157,7.283,0.453,0.669,50.270,27954.574,15.715,25.480,95.029,0.000,0.359,0.000,0.059,0.642
21.850,16.142,8.071,NaN,0.531,49.617,29354.188,11.909,52.214,61.821,9.172,0.389,NaN,0.000,0.451
NaN,16.535,8.071,0.354,0.453,49.864,28217.092,10.958,35.296,NaN,0.000,0.530,0.478,0.039,0.420
NaN,12.598,5.906,0.354,0.374,49.240,29460.065,13.944,22.974,41.353,5.957,0.398,0.354,0.039,0.700
25.230,15.354,6.890,0.472,0.512,52.750,28927.777,12.828,NaN,43.024,4.474,0.626,0.516,0.315,0.252
30.512,16.339,8.071,0.413,0.472,60.858,28975.639,9.810,11.278,67.878,0.000,0.491,0.333,0.197,0.554
21.588,14.567,7.283,0.433,0.669,61.220,29119.227,10.860,21.721,55.138,7.126,0.319,0.618,0.098,0.138
20.801,14.173,6.693,0.551,0.531,49.443,NaN,11.450,39.265,66.625,0.000,0.520,0.000,0.059,0.342
NaN,16.732,NaN,0.354,0.591,43.874,28817.548,12.172,35.714,NaN,12.499,0.566,0.000,0.059,1.063
24.081,17.717,8.071,0.433,0.610,42.235,28302.664,16.010,48.245,102.547,13.264,0.598,0.614,NaN,0.431
20.538,13.976,6.890,0.374,0.492,61.569,29571.744,14.403,21.094,99.415,2.900,0.569,0.305,NaN,0.528
23.196,15.157,6.693,0.335,0.413,42.844,28774.037,15.486,29.240,72.055,0.000,0.459,0.317,0.020,0.662
31.890,18.504,10.039,NaN,0.630,50.589,29960.445,13.320,55.555,54.720,10.206,0.431,0.605,0.394,0.372
38.353,21.654,9.252,0.630,0.531,42.859,29863.270,9.055,92.522,120.091,0.000,0.379,0.000,0.000,2.197
30.446,16.929,6.890,0.512,0.374,61.873,29477.470,11.385,16.499,65.998,0.000,NaN,0.000,0.315,0.902
23.294,15.157,7.480,0.492,0.571,NaN,28649.304,14.633,60.985,58.062,0.000,0.336,0.000,NaN,0.755
24.738,16.929,8.071,0.413,0.571,49.646,28987.242,12.992,65.163,153.717,0.000,0.384,NaN,0.039,0.891
18.077,16.142,8.661,0.374,0.591,50.676,27557.170,15.945,NaN,101.503,0.000,0.515,0.164,0.000,0.233
32.972,16.929,9.055,0.354,0.689,49.226,29328.081,9.514,29.657,131.369,0.000,NaN,0.257,0.374,0.883
24.147,17.126,7.677,0.315,0.472,59.596,29219.303,15.715,57.226,53.884,4.316,0.435,0.612,0.354,0.251
NaN,21.654,11.417,0.492,1.102,43.729,NaN,15.551,58.688,NaN,17.850,0.653,0.281,0.256,1.066
16.470,12.992,6.496,0.295,0.453,50.966,29670.370,11.220,52.005,NaN,0.000,0.597,0.361,0.020,0.231
16.896,13.780,6.890,0.236,0.571,NaN,29361.440,11.089,33.417,78.320,14.096,0.454,NaN,0.039,0.412
22.769,NaN,7.874,0.354,0.591,51.749,29145.333,10.761,54.929,51.587,14.680,NaN,0.000,0.079,0.840
17.421,16.142,7.480,0.335,0.453,NaN,28353.427,10.203,29.448,185.045,0.000,NaN,0.177,0.079,0.229
24.278,15.354,8.268,0.472,0.709,48.921,29944.491,14.108,10.652,67.669,2.675,NaN,0.131,0.020,0.414
22.638,16.142,8.465,0.394,0.472,43.497,29359.989,10.499,22.765,59.941,0.000,0.756,0.000,0.000,0.336
29.396,16.142,6.496,NaN,0.551,61.380,28771.136,9.875,53.467,63.701,5.373,0.513,0.287,0.472,0.858
23.130,13.976,7.677,0.374,0.571,50.821,29077.166,9.678,39.265,65.371,0.000,0.654,0.132,0.000,0.470
28.051,17.913,9.055,0.453,0.551,51.111,30170.750,13.944,29.657,59.315,0.000,0.427,0.219,0.059,0.482
17.388,14.173,6.890,0.571,0.472,51.459,28753.732,16.010,21.512,76.023,5.440,0.595,0.249,0.079,0.188
22.572,14.961,7.283,0.433,NaN,50.241,29286.020,10.433,35.923,106.098,14.568,0.425,0.212,NaN,0.748
31.660,NaN,9.055,0.512,0.571,60.234,28723.274,NaN,24.227,NaN,7.688,0.375,0.226,0.276,1.114
19.423,15.945,7.480,0.433,0.531,51.836,29375.943,14.928,54.929,161.027,0.000,0.573,0.409,0.020,0.374
27.231,16.535,7.874,0.335,0.669,42.989,29387.546,15.748,34.879,85.421,0.000,0.506,0.631,0.000,0.644
NaN,16.339,8.268,0.335,0.551,62.323,29400.600,14.829,26.316,156.641,0.000,0.516,0.510,0.000,1.106
35.761,20.079,8.071,NaN,0.472,50.560,29563.042,8.694,42.397,109.022,4.631,0.448,0.000,0.020,1.923
31.135,21.850,9.843,0.709,0.709,43.700,28891.517,11.056,35.088,175.855,27.157,0.536,0.000,0.020,1.283
30.249,17.323,7.480,0.709,0.492,51.430,29042.357,14.403,15.038,64.954,0.000,0.565,0.276,0.000,0.797
31.988,NaN,11.220,0.610,0.748,51.778,28914.723,NaN,50.960,147.033,0.000,0.688,0.166,0.217,0.881
34.678,20.669,8.661,0.610,0.728,51.445,28998.845,12.041,57.853,NaN,14.590,0.496,0.531,0.020,1.002
16.109,13.386,6.693,0.335,0.453,NaN,29365.791,12.270,29.031,68.087,0.000,NaN,0.350,0.000,0.172
23.917,14.370,7.677,0.315,0.591,49.617,28906.021,12.467,NaN,NaN,NaN,0.475,0.000,0.000,0.602
21.949,16.142,8.268,0.512,NaN,49.878,28502.816,13.845,36.132,64.118,0.000,0.280,0.000,0.098,0.316
18.471,14.173,7.283,0.315,0.512,43.279,28769.686,13.976,23.601,50.752,7.037,0.366,0.307,0.000,0.312
32.808,17.913,8.268,0.453,NaN,51.401,NaN,11.253,45.321,83.124,11.982,0.515,0.333,0.000,1.485
26.148,17.520,8.858,0.354,0.669,50.125,29844.415,11.385,50.334,89.390,7.644,0.381,0.231,0.039,0.621
27.001,NaN,7.087,0.295,0.472,44.541,28395.488,15.190,59.315,55.555,0.000,0.541,0.564,0.059,1.062
34.678,19.882,10.039,NaN,0.571,50.401,29902.430,9.744,67.251,106.098,4.249,0.343,0.127,0.453,0.893
23.885,16.732,7.677,0.531,0.630,51.517,28666.709,13.025,59.523,136.591,21.964,0.615,0.000,0.098,1.173
27.887,16.929,9.055,0.630,0.630,60.771,28582.587,12.369,63.074,65.163,11.555,NaN,0.603,0.374,0.255
16.535,14.764,7.677,0.433,0.571,44.817,28441.900,15.584,43.442,94.611,0.000,0.289,0.604,0.098,0.063
22.671,15.157,8.071,0.472,0.492,51.285,28984.342,9.219,15.664,63.283,0.000,0.456,0.538,0.039,0.139
23.950,19.685,10.827,0.472,0.728,50.546,28927.777,16.109,81.662,114.661,0.000,0.487,0.118,0.000,0.437
26.247,17.126,9.252,0.571,0.531,52.344,28321.519,14.239,22.139,150.793,12.140,0.622,0.000,NaN,1.269
33.596,15.945,7.480,0.335,0.531,52.895,NaN,10.761,41.562,58.270,0.000,0.518,0.521,0.650,0.602
24.738,16.732,8.465,0.374,0.472,51.807,29494.874,11.909,21.721,149.540,0.000,0.544,0.575,0.039,0.546
19.587,14.961,8.661,0.374,NaN,49.951,29602.202,14.206,55.346,95.655,5.305,0.470,0.225,0.000,0.370
17.618,11.614,6.299,0.374,0.433,36.564,28462.206,9.482,19.215,NaN,0.000,0.672,0.000,0.000,0.246
NaN,13.189,6.102,0.315,0.413,49.762,28314.267,9.252,42.815,78.738,4.766,0.516,0.000,0.000,1.325
26.411,14.961,7.283,0.472,0.512,59.567,28765.335,11.385,NaN,76.023,0.000,0.615,0.000,0.492,0.839
38.550,19.685,8.661,0.689,0.571,NaN,28537.625,8.727,52.005,77.485,14.185,0.557,0.307,0.039,1.728
33.924,NaN,8.661,0.512,0.689,50.807,29286.020,14.961,NaN,74.561,0.000,NaN,0.603,0.571,0.582
18.668,14.567,7.874,0.394,0.453,NaN,28842.205,12.336,70.175,104.009,10.274,0.696,0.000,0.039,0.685
24.902,14.567,7.677,0.295,0.433,50.647,29346.936,10.892,NaN,82.289,0.000,0.506,0.000,0.138,0.835
20.538,12.598,5.906,0.315,0.453,49.951,28943.731,9.613,21.721,69.340,0.000,0.514,0.617,0.000,0.290
29.265,18.504,NaN,0.669,0.472,43.004,29339.684,10.203,57.644,69.131,4.271,0.430,0.520,0.354,0.240
25.984,15.945,7.480,0.472,0.630,35.273,28698.617,8.629,13.993,51.796,0.000,0.460,0.340,0.000,0.257
30.282,18.307,8.858,0.453,0.512,52.417,28543.427,10.991,28.613,96.282,0.000,0.318,0.541,0.020,0.691
31.201,17.913,9.252,0.492,0.610,51.633,29338.234,14.764,NaN,56.600,5.778,0.245,NaN,0.413,0.479
29.724,20.472,NaN,0.512,0.846,NaN,29313.577,13.025,26.107,NaN,0.000,0.657,0.171,0.079,0.431
30.873,16.142,9.252,NaN,0.728,52.910,28900.220,14.370,NaN,57.435,9.464,0.434,0.000,0.039,1.307
30.184,20.079,9.055,0.492,0.886,36.927,29647.164,13.156,51.169,98.370,8.925,0.605,0.000,0.079,0.785
22.736,13.976,5.709,0.335,0.394,37.231,28610.144,11.089,25.689,38.638,0.000,0.691,0.351,0.000,0.401
21.588,15.945,7.283,0.512,NaN,42.888,28650.755,14.206,34.461,95.864,NaN,NaN,0.539,0.000,0.457
24.081,17.520,8.661,0.394,NaN,49.516,28917.624,9.449,55.973,109.022,11.488,0.603,0.000,0.000,0.591
NaN,18.504,9.055,0.453,0.787,52.214,28988.693,15.223,59.732,76.232,0.000,0.465,0.195,0.000,0.366
31.135,17.913,8.465,0.433,0.748,51.561,30122.888,9.941,48.872,91.478,NaN,0.462,0.505,0.256,0.683
29.199,17.717,8.465,0.354,0.512,50.952,29447.012,11.549,19.423,100.250,8.161,0.368,0.000,0.098,1.264
31.004,19.882,10.039,NaN,0.807,60.437,29956.094,8.661,32.581,133.667,18.569,0.644,0.326,0.000,0.756
29.724,16.535,7.874,0.374,0.551,60.626,28269.305,7.874,17.335,NaN,7.149,0.482,0.317,0.020,0.752
33.104,19.291,9.449,0.610,0.709,49.806,28615.946,16.142,43.859,62.656,0.000,0.669,0.138,0.433,0.657
25.328,14.961,7.480,0.413,0.453,51.851,28692.816,12.172,NaN,72.890,0.000,0.567,0.500,0.039,0.666
26.148,17.520,8.661,0.354,0.610,49.429,28884.265,NaN,35.714,147.869,3.979,0.560,0.000,0.000,1.420
33.825,21.654,10.039,0.650,0.591,52.866,28917.624,11.155,27.778,189.640,7.329,0.555,0.177,0.000,1.415
24.442,16.339,7.283,0.433,0.472,44.222,30109.834,11.155,71.010,109.231,0.000,0.397,0.500,0.236,0.425
34.514,18.898,8.858,0.453,0.512,60.524,29213.501,10.138,NaN,121.136,7.868,0.304,0.000,0.630,1.934
18.602,12.008,5.118,0.413,0.354,37.057,28631.900,7.972,38.429,66.207,NaN,0.441,0.548,0.000,0.296
17.159,15.551,7.874,0.315,0.610,48.936,29577.546,16.404,29.031,65.789,13.758,NaN,0.217,0.059,0.200
18.635,15.157,NaN,NaN,0.551,36.317,28237.397,12.369,57.226,76.232,5.081,0.597,0.554,0.020,0.179
28.773,15.551,7.677,0.591,0.807,52.460,NaN,NaN,32.581,125.521,0.000,0.680,0.417,0.236,0.807
29.396,15.354,7.677,0.453,0.591,50.662,29418.004,11.483,15.873,90.016,5.193,0.524,NaN,NaN,1.284
31.562,19.094,8.661,0.571,0.571,35.665,29497.775,13.255,41.980,96.700,0.000,0.393,0.240,0.059,1.002
18.340,16.339,9.449,0.453,0.571,50.662,29911.133,16.568,34.043,177.735,0.000,0.421,0.158,0.000,0.324
35.663,18.110,10.039,NaN,0.807,62.120,29019.151,10.531,32.581,97.326,14.905,0.606,0.353,0.374,0.974
17.520,12.795,7.480,0.394,0.531,48.762,28882.815,12.861,56.600,102.965,8.857,0.308,0.000,0.000,0.565
23.688,15.551,6.890,0.512,0.492,49.951,28405.641,NaN,36.550,54.302,8.723,0.495,0.000,NaN,0.728
18.176,13.189,6.496,0.394,0.374,50.401,28617.396,10.302,23.183,195.070,9.824,0.631,0.595,0.039,0.582
25.689,16.535,7.283,NaN,0.453,61.322,NaN,9.285,37.385,66.416,0.000,0.358,0.270,NaN,0.438
19.521,14.370,6.496,0.315,0.433,49.835,29719.683,14.173,27.986,59.732,12.364,0.655,0.476,0.079,0.455
18.996,11.614,5.315,0.315,NaN,62.700,28539.076,8.563,17.961,105.054,11.488,NaN,0.000,0.039,1.207
16.732,12.205,5.709,0.236,0.531,50.763,29362.890,10.466,17.126,96.073,0.000,0.265,0.331,0.039,0.226
27.559,16.339,8.268,0.531,0.807,NaN,30041.667,9.482,19.423,69.966,13.466,0.323,0.000,0.118,0.670
27.231,16.929,8.465,0.413,0.492,37.231,NaN,10.138,37.594,NaN,0.000,0.531,0.192,NaN,0.296
23.097,NaN,8.465,0.374,0.531,49.820,28801.594,14.108,46.366,81.871,11.758,0.524,NaN,0.000,0.474
20.308,14.567,6.890,0.433,0.453,50.502,29606.553,15.912,52.422,56.391,0.000,0.398,0.205,0.354,0.169
31.463,17.126,8.268,0.433,0.689,53.171,28328.771,NaN,21.303,68.922,0.000,NaN,0.323,0.079,0.682
20.440,17.913,9.252,0.630,0.551,51.445,29219.303,13.714,61.821,138.679,0.000,0.333,0.283,0.079,0.199
32.480,17.323,9.449,NaN,0.709,61.264,29278.768,9.318,30.075,99.415,0.000,NaN,0.000,0.177,0.826
21.063,13.976,7.874,0.295,0.689,34.809,29291.822,11.516,27.360,66.833,0.000,0.405,0.556,0.020,0.181
36.286,20.276,9.449,0.374,0.768,51.445,29165.639,13.812,18.797,90.643,13.938,0.471,0.531,0.039,1.037
30.184,18.504,9.449,0.650,0.610,60.553,28837.853,14.633,NaN,69.340,15.534,0.581,0.507,0.039,0.792
32.841,NaN,9.646,0.394,0.551,53.824,29241.058,NaN,49.916,61.821,0.000,0.336,0.159,NaN,0.774
21.161,16.339,8.071,0.354,0.689,49.995,29351.287,14.731,28.822,48.036,0.000,0.536,0.000,0.020,0.228
26.936,16.929,7.677,NaN,0.492,51.662,28758.083,12.434,20.885,72.681,6.295,0.624,0.154,0.177,0.626
23.589,17.126,7.480,0.610,0.748,60.901,29183.043,13.123,62.447,73.726,14.658,0.695,0.186,0.059,0.442
16.929,14.567,7.480,0.413,0.610,50.821,28885.716,9.744,61.403,90.643,6.834,0.538,NaN,0.059,0.119
25.361,14.961,7.283,0.374,0.650,60.858,29177.242,10.925,58.897,96.073,15.265,0.309,0.403,0.374,0.697
34.810,19.094,9.252,0.531,0.551,60.539,29618.156,14.042,59.315,102.965,10.476,0.510,0.197,0.571,1.607
32.743,19.291,8.268,0.354,0.669,NaN,28766.785,15.125,27.569,85.839,8.228,0.364,0.518,0.256,0.937
36.909,19.094,8.268,0.531,0.630,59.959,28869.762,9.350,27.151,188.387,0.000,0.561,0.311,0.000,1.864
22.671,NaN,6.890,0.551,0.531,49.559,28688.465,9.646,62.447,100.668,4.968,0.738,NaN,0.157,0.742
19.193,14.173,8.268,0.315,0.728,50.415,29188.845,9.252,10.860,47.410,4.586,0.324,0.329,0.059,0.075
26.280,16.142,7.874,0.335,0.728,35.534,28054.650,9.875,50.543,62.865,0.000,0.601,0.596,0.059,0.301
22.211,16.732,9.055,0.295,0.748,NaN,29335.333,9.646,60.150,72.681,7.306,NaN,0.119,0.020,0.239
34.613,18.307,8.465,0.374,0.846,60.046,29048.158,15.256,NaN,84.377,0.000,0.572,0.646,0.630,0.567
22.244,14.764,7.087,0.394,0.669,49.168,29303.425,12.238,47.201,101.503,6.227,0.624,0.000,NaN,0.798
17.848,12.598,6.496,0.295,NaN,51.459,29210.600,12.238,38.429,39.891,8.610,0.590,0.237,0.020,0.389
17.552,12.598,6.299,0.295,0.551,52.214,29451.363,12.795,11.487,71.846,0.000,0.567,0.329,0.000,0.196
29.888,16.142,7.874,0.492,0.453,50.865,29087.318,8.661,40.727,53.258,9.397,0.602,0.452,0.374,0.579
32.776,NaN,8.465,0.335,0.492,36.216,28621.747,10.400,57.226,NaN,4.114,0.352,0.225,0.512,0.852
29.626,18.110,9.252,0.433,0.591,49.632,27993.734,10.302,71.846,177.526,0.000,0.450,NaN,0.315,0.744
24.639,15.945,7.283,0.610,0.551,51.314,NaN,NaN,17.961,81.871,0.000,0.513,0.000,0.079,0.727
24.705,16.732,7.874,0.610,0.492,49.849,NaN,16.535,32.581,93.776,17.535,0.502,0.172,0.000,1.086
21.490,16.929,9.055,NaN,0.551,60.843,28688.465,11.581,40.727,58.688,0.000,0.648,0.000,0.039,0.220
31.037,18.898,8.071,0.433,0.531,61.627,28981.441,NaN,NaN,101.712,14.185,0.570,NaN,0.315,1.047
31.726,20.669,9.449,0.709,0.591,49.849,29467.317,15.846,35.505,92.940,20.053,0.601,0.000,0.256,1.385
20.079,13.189,6.693,0.433,0.453,NaN,29125.028,9.744,29.657,97.744,0.000,0.573,0.534,0.039,0.272
38.484,20.866,9.449,NaN,0.866,43.526,28059.001,9.318,58.062,143.483,0.000,0.418,0.000,0.571,1.367
39.009,20.079,8.465,0.531,0.689,59.741,29457.165,14.469,21.930,69.966,9.464,0.582,0.403,0.433,1.162
24.049,15.157,7.480,0.453,0.591,50.372,28682.663,14.206,39.056,NaN,0.000,0.270,0.467,0.197,0.191
25.755,15.945,8.465,0.374,0.472,51.285,29748.690,12.139,17.335,66.833,0.000,0.628,0.257,0.138,0.372
25.755,NaN,NaN,0.374,0.610,51.140,28570.984,11.680,46.157,72.472,14.185,0.501,0.565,0.177,0.772
NaN,18.504,9.646,0.512,0.866,61.133,28881.365,9.350,29.240,118.212,19.828,0.332,0.133,0.138,0.563
19.587,14.961,8.071,0.315,0.591,60.582,28537.625,14.665,40.100,78.320,0.000,0.792,0.147,0.039,0.291
23.392,16.142,7.087,0.433,0.472,37.231,28623.198,11.516,61.821,81.244,6.879,0.523,0.288,0.315,0.477
27.297,16.142,NaN,0.472,0.689,50.763,28943.731,14.469,52.214,58.479,0.000,0.430,0.233,0.472,0.311
26.115,13.976,8.071,0.433,0.453,52.098,28897.319,8.825,36.758,64.327,0.000,0.683,0.194,0.098,0.581
29.921,17.520,8.465,0.650,0.512,48.298,28904.571,14.304,35.505,42.189,0.000,0.449,0.000,0.295,0.599
20.604,13.189,6.102,0.335,0.394,52.040,28927.777,9.416,26.525,61.821,0.000,0.375,0.000,0.000,0.477
23.720,13.976,6.890,0.512,NaN,43.569,28666.709,11.909,NaN,43.442,3.822,0.608,0.247,0.000,0.491
17.913,11.614,5.709,0.335,0.335,49.530,28505.717,9.613,20.259,86.466,0.000,0.458,0.300,0.177,0.280
NaN,16.339,7.874,0.374,0.630,NaN,29445.562,14.469,30.493,44.068,0.000,0.644,0.364,0.000,0.633
19.324,18.898,9.252,0.472,0.610,51.459,28985.792,17.585,80.409,178.779,13.623,0.441,0.000,0.098,0.456
18.045,12.795,7.480,0.394,0.571,58.784,NaN,13.419,30.910,71.010,5.148,0.469,0.000,NaN,0.455
24.409,17.126,8.071,0.551,0.630,51.503,29355.638,15.814,34.879,84.586,0.000,0.318,NaN,0.039,0.430
17.782,16.142,7.874,0.354,0.512,62.192,29132.280,10.991,54.093,128.028,21.649,0.534,0.000,0.000,0.524
25.656,NaN,6.299,0.335,0.512,49.849,29388.997,13.255,NaN,46.366,0.000,0.600,0.237,0.236,0.620
25.755,15.748,8.071,0.453,0.591,52.939,NaN,12.205,59.106,67.251,0.000,0.437,0.000,0.020,0.900
32.644,17.520,7.677,0.472,0.591,50.589,28533.274,10.991,51.796,139.306,NaN,0.599,0.247,0.531,1.362
24.147,18.701,8.661,NaN,0.551,50.865,29381.745,14.829,45.530,175.229,17.670,0.576,NaN,0.000,0.823
28.379,NaN,7.480,0.433,0.551,51.358,NaN,9.777,37.803,57.226,0.000,0.479,0.229,0.039,0.575
20.243,14.173,7.087,0.335,0.453,61.394,29238.158,12.992,52.422,96.700,14.185,0.641,0.433,0.079,0.677
NaN,15.945,7.283,0.394,0.492,61.380,28964.036,10.663,21.930,208.019,20.817,0.496,NaN,0.059,0.543
27.297,15.551,6.693,0.315,0.571,35.737,28789.991,12.008,32.999,58.270,0.000,0.586,NaN,0.020,0.663
38.189,23.425,10.827,0.709,0.610,49.255,28450.603,11.877,71.637,133.667,10.611,0.551,0.322,0.453,1.027
22.900,14.370,6.299,0.394,0.394,51.459,28943.731,8.071,30.702,51.378,0.000,NaN,0.208,NaN,0.145
18.930,12.598,6.299,0.295,0.413,43.366,28128.619,7.907,23.601,54.511,0.000,0.491,0.266,0.039,0.176
20.308,14.370,7.087,0.413,0.512,50.415,29122.127,11.450,35.714,62.865,0.000,0.360,NaN,0.020,0.280
33.136,21.260,10.039,0.531,0.650,49.777,29623.958,14.337,54.093,64.745,11.802,0.408,0.370,0.413,0.383
NaN,14.764,NaN,0.531,0.512,51.590,29010.448,15.945,26.316,90.852,0.000,0.336,0.000,0.000,0.552
33.629,20.866,10.039,0.492,0.571,61.960,28575.335,12.992,34.461,90.852,13.264,0.424,0.389,0.098,0.889
33.858,17.520,8.071,0.453,0.531,NaN,29716.782,9.974,37.176,NaN,0.000,0.510,0.631,0.079,0.681
NaN,17.717,7.874,0.394,0.630,NaN,29210.600,15.256,61.403,112.572,6.317,0.525,0.000,0.000,1.059
23.983,14.961,7.874,NaN,0.531,49.400,29956.094,9.974,54.511,91.269,0.000,0.696,0.207,0.000,0.574
28.117,17.913,9.055,0.433,0.551,44.527,28137.321,10.138,28.613,41.353,0.000,0.601,0.000,0.039,0.390
20.604,14.370,7.874,0.394,0.571,44.164,28965.487,9.154,33.626,201.962,NaN,0.574,0.315,0.039,0.428
35.499,23.031,10.039,0.650,0.709,51.068,29265.715,15.551,64.327,145.363,13.399,0.460,0.000,0.020,2.046
29.790,17.323,8.465,NaN,0.650,51.648,28592.740,12.533,34.879,59.732,9.240,0.457,0.000,NaN,1.182
16.667,13.583,6.102,0.394,0.413,50.836,29101.822,15.125,49.290,58.897,4.406,0.358,0.265,0.079,0.273
37.369,22.047,10.236,0.591,0.610,50.865,28647.854,10.203,38.429,138.262,9.757,0.789,0.000,0.039,1.920
38.451,21.457,10.827,0.571,0.650,51.387,28772.586,12.762,28.613,116.541,9.240,0.566,0.275,0.295,1.376
23.458,16.339,8.268,0.571,0.669,45.368,28334.572,14.239,30.493,57.853,14.051,0.233,0.000,0.118,0.481
32.710,18.898,9.055,0.571,0.551,52.736,29106.173,10.072,32.999,91.478,8.116,0.558,0.290,0.020,1.000
NaN,20.079,NaN,0.453,0.984,60.669,29953.194,15.223,44.277,62.656,0.000,0.363,0.373,0.039,0.565
NaN,15.945,8.071,0.394,0.531,51.778,28283.809,12.336,54.511,66.416,15.624,0.415,0.000,0.020,0.865
33.530,19.291,9.449,0.512,0.531,NaN,29697.927,10.827,68.713,135.964,9.487,0.324,0.283,0.079,1.593
26.542,15.157,7.677,NaN,0.492,51.503,29323.730,9.318,28.613,67.878,NaN,0.428,NaN,0.039,0.521
18.340,14.567,7.087,0.374,0.512,37.449,28789.991,16.142,24.227,152.881,0.000,0.605,0.193,0.000,0.485
24.902,17.913,8.465,0.512,0.630,49.385,28363.580,11.319,72.264,172.096,12.927,0.481,0.290,NaN,0.685
20.669,13.583,6.299,0.531,0.354,NaN,28701.518,9.974,23.601,59.732,NaN,0.418,0.000,0.000,0.760
18.077,12.992,6.890,NaN,0.433,52.649,28211.290,9.875,36.758,40.935,9.892,0.480,0.623,0.000,0.320
33.891,17.520,8.661,0.433,0.571,51.924,29655.866,12.697,26.316,116.958,0.000,0.692,0.413,0.098,1.367
33.432,21.063,10.039,0.709,0.591,61.336,28650.755,9.547,70.593,167.501,10.544,0.430,0.000,NaN,1.152
28.478,16.535,7.874,0.453,0.492,35.476,NaN,NaN,13.576,48.245,0.000,0.403,0.129,NaN,0.506
34.350,20.669,10.236,0.531,0.846,50.662,29093.120,16.437,29.240,NaN,NaN,0.336,0.000,0.039,2.151
30.840,15.157,8.465,0.374,0.591,37.086,28810.296,14.501,11.069,55.346,0.000,0.583,0.256,0.000,0.827
NaN,17.520,8.465,0.374,0.689,51.213,28179.382,NaN,71.428,121.344,0.000,0.598,0.286,0.472,0.810
28.707,19.094,8.858,0.453,0.551,50.676,29271.516,12.697,34.461,50.125,9.554,0.581,0.562,0.000,0.509
28.182,17.520,8.858,0.374,0.571,NaN,28518.770,9.777,46.366,125.521,0.000,0.499,0.138,0.000,0.797
14.928,12.008,6.299,0.236,0.551,49.414,28833.502,8.891,30.493,44.486,0.000,0.493,0.604,0.000,0.078
17.979,14.370,7.283,0.374,0.492,43.961,29393.348,16.142,NaN,93.358,0.000,0.634,0.355,NaN,0.216
28.346,18.110,9.646,0.433,0.531,51.938,28544.877,12.927,66.833,72.890,8.138,NaN,0.000,0.000,1.259
31.430,18.307,9.646,0.354,0.984,NaN,29709.530,16.371,24.645,73.308,13.556,0.508,0.131,0.118,0.896
27.920,15.354,7.480,0.413,0.453,38.420,29129.379,15.223,NaN,63.074,3.687,0.593,0.531,0.098,0.690
33.202,17.520,7.677,0.551,0.571,61.293,28482.511,10.007,57.017,57.644,0.000,0.545,0.550,0.591,0.357
32.185,19.094,NaN,0.453,0.512,49.936,28576.785,16.207,30.493,102.756,0.000,0.596,0.000,0.020,1.990
36.286,21.457,9.449,0.453,0.591,50.038,28981.441,10.597,36.967,96.282,6.519,0.459,0.630,0.335,0.745
20.604,16.339,8.268,0.374,0.551,49.980,28586.938,14.698,17.961,85.004,5.261,0.257,0.208,0.000,0.347
29.626,17.520,8.465,0.354,0.551,49.182,28756.632,9.580,31.119,NaN,3.822,0.443,0.000,0.000,0.787
22.408,13.780,6.890,0.433,0.512,60.800,29454.264,13.058,38.847,98.579,5.193,0.520,0.263,0.000,0.885
25.853,16.142,7.480,0.335,0.571,47.891,28676.862,9.646,15.873,101.921,12.859,0.723,0.000,0.000,1.006
26.378,17.126,9.449,0.335,0.709,51.256,28488.312,13.878,31.119,74.143,14.703,0.530,0.344,0.000,0.723
NaN,17.323,8.661,0.394,0.630,59.393,27902.360,13.451,35.296,80.200,5.440,0.477,0.000,0.000,0.627
29.068,17.913,8.268,0.492,0.669,50.256,28892.968,15.092,23.601,90.434,3.327,0.679,0.349,0.335,0.481
34.810,18.898,9.252,0.413,0.531,50.009,29004.647,8.629,42.189,73.517,0.000,0.395,0.548,0.374,0.396
26.903,16.142,7.677,0.492,0.492,42.960,29531.134,11.024,15.038,90.852,15.377,0.661,0.561,0.039,0.770
36.352,21.457,9.449,0.551,0.650,50.865,29145.333,13.091,31.537,145.989,0.000,0.662,0.000,0.335,1.515
35.728,18.504,9.646,0.433,0.591,NaN,29135.181,14.567,54.302,67.042,3.934,0.411,0.590,0.000,1.370
22.277,NaN,7.480,0.354,0.591,48.979,NaN,10.499,31.746,64.118,0.000,0.255,0.288,0.000,0.417
28.346,15.354,8.268,0.453,0.571,50.038,29486.172,10.663,46.366,100.041,12.927,0.430,0.343,0.138,1.228
NaN,19.488,11.220,0.433,0.669,50.531,29039.456,14.764,44.486,100.459,0.000,0.518,0.249,NaN,0.830
18.635,15.157,8.268,0.512,0.453,50.386,28865.411,14.534,64.536,111.946,10.116,0.485,0.000,0.000,0.648
20.243,13.386,6.496,0.295,0.591,49.791,29699.378,11.516,48.036,NaN,0.000,0.382,0.596,NaN,0.215
18.176,13.780,7.874,0.354,0.492,44.396,29122.127,NaN,45.739,58.270,15.220,0.507,0.000,0.000,0.537
18.766,13.189,NaN,0.276,0.433,50.386,28568.083,11.188,22.556,46.157,0.000,0.600,0.245,0.000,0.220
29.199,15.945,NaN,0.354,0.512,50.009,28002.436,9.252,20.050,61.821,0.000,0.750,0.209,0.000,0.676
26.903,18.504,8.858,0.335,0.512,51.619,29528.233,10.072,40.727,120.718,12.837,0.570,0.173,0.000,1.009
20.965,NaN,6.693,0.374,0.374,51.633,28576.785,13.878,27.151,95.238,7.464,0.479,0.321,0.079,1.089
37.073,20.276,9.449,0.394,0.689,60.495,29578.996,11.220,51.796,NaN,12.724,0.502,0.000,0.394,1.535
NaN,13.976,7.087,0.276,0.394,52.156,29351.287,NaN,NaN,NaN,2.383,0.631,0.225,0.000,0.361
20.538,11.811,5.709,0.236,0.433,36.608,29565.943,NaN,11.278,44.277,0.000,0.485,0.000,0.020,0.550
29.068,17.520,NaN,0.315,0.531,49.414,28743.579,NaN,21.094,52.422,NaN,NaN,0.231,0.197,0.911
37.861,21.850,10.236,0.709,0.689,61.438,29259.913,12.598,61.403,92.731,NaN,0.712,0.220,0.374,1.194
23.327,16.535,NaN,0.591,0.689,50.473,28470.908,16.207,24.018,119.674,29.090,0.414,0.000,0.020,1.102
21.358,15.354,8.071,0.374,0.571,51.953,28861.059,16.831,28.613,87.719,3.462,0.353,0.611,0.039,0.302
17.224,12.402,5.906,0.315,0.354,44.004,28656.556,13.451,38.220,69.757,NaN,0.341,0.384,NaN,0.367
29.921,16.929,9.252,0.394,0.866,43.758,29362.890,10.171,26.525,53.467,0.000,0.596,0.365,0.039,0.264
25.361,15.945,6.890,0.433,0.551,50.604,NaN,14.239,15.873,42.189,NaN,0.480,0.000,0.059,0.488
24.672,13.583,NaN,NaN,0.374,62.279,NaN,12.106,17.753,43.442,0.000,0.319,0.499,NaN,0.457
30.577,18.701,9.646,0.709,NaN,51.996,28658.007,14.534,31.537,68.922,0.000,0.506,NaN,0.039,0.920
39.075,23.228,11.220,0.709,0.846,61.046,28834.953,15.518,59.523,202.380,0.000,0.452,NaN,NaN,1.734
32.251,18.504,9.252,0.531,NaN,62.033,29657.317,11.352,21.930,170.425,9.082,0.640,0.580,0.000,1.000
17.552,12.402,6.693,0.236,0.472,60.089,28096.711,10.335,60.359,76.858,5.036,0.485,0.284,0.000,0.435
20.571,13.976,8.071,NaN,0.551,53.417,27971.978,16.207,39.265,54.093,0.000,0.640,0.333,0.000,0.381
24.377,14.764,7.874,0.492,0.512,49.588,29016.250,10.335,27.569,60.359,NaN,0.409,0.400,0.000,0.502
19.882,12.795,6.496,0.335,0.413,34.809,28953.884,8.891,13.784,56.182,0.000,0.562,0.324,0.000,0.225
NaN,17.323,7.874,0.512,0.453,50.691,29732.736,15.814,42.815,126.983,0.000,0.616,0.212,0.335,0.774
27.100,15.551,8.268,0.394,0.669,36.245,29200.448,12.402,40.100,68.713,3.147,NaN,0.000,0.000,0.858
31.070,19.291,NaN,0.551,0.551,50.111,28981.441,16.306,62.030,75.814,8.543,0.346,0.164,0.650,0.862
20.833,15.551,7.874,0.354,0.650,49.995,28498.465,13.123,42.397,118.629,9.464,0.515,0.286,0.197,0.357
35.105,17.520,9.055,0.374,0.846,50.821,NaN,14.075,42.815,67.878,0.000,0.544,0.135,0.591,0.837
38.911,21.260,11.220,0.413,0.965,50.879,28794.342,9.547,39.056,131.578,7.306,NaN,0.243,0.020,1.182
35.925,21.063,10.039,NaN,NaN,59.973,29581.897,16.404,27.778,109.857,0.000,0.712,0.000,0.197,1.422
29.724,17.520,8.465,0.472,0.492,61.235,28961.135,NaN,27.778,97.535,12.769,NaN,NaN,0.020,1.356
24.869,15.551,7.087,0.335,0.669,49.110,29029.303,13.353,24.854,44.277,0.000,0.585,0.000,0.000,0.512
34.843,19.094,8.268,0.610,0.472,60.524,28399.839,15.256,41.562,66.833,16.906,0.264,0.554,0.591,1.188
31.890,NaN,8.268,0.650,0.669,60.307,29281.669,NaN,21.512,114.870,0.000,0.627,0.259,0.059,0.838
27.657,14.764,7.480,0.354,0.551,NaN,29241.058,10.335,26.316,74.352,12.657,0.501,0.329,0.000,1.168
31.004,19.291,8.858,0.354,0.827,51.982,29032.204,16.043,48.036,82.080,11.847,0.330,0.200,NaN,0.996
NaN,14.370,7.087,0.276,0.472,NaN,28872.662,11.811,31.537,75.605,0.000,0.562,0.000,0.512,1.688
32.808,19.685,8.661,0.531,0.551,51.242,29217.852,11.811,28.195,67.669,0.000,NaN,0.000,NaN,0.756
20.965,13.583,7.874,0.335,0.453,44.396,29315.028,15.518,32.999,59.941,NaN,0.448,0.000,0.118,0.696
37.927,23.622,10.827,0.630,0.886,48.849,29075.715,16.568,45.530,142.856,9.442,0.562,0.196,0.354,1.206
28.576,NaN,8.858,0.354,NaN,51.358,28570.984,15.715,26.942,122.180,NaN,0.492,0.000,0.000,1.260
15.617,12.205,6.102,0.276,0.433,49.530,28434.648,13.681,16.708,38.429,0.000,0.648,0.283,0.000,0.127
29.199,18.504,8.071,0.591,0.669,52.199,28888.617,12.631,34.252,70.175,13.871,0.461,0.544,0.236,0.465
30.446,17.520,8.858,0.315,0.827,51.807,29426.707,12.598,61.194,97.535,14.927,0.385,0.538,0.039,1.063
22.736,16.929,9.252,0.394,0.650,51.880,29038.005,12.238,42.606,69.131,8.947,0.553,0.416,0.059,0.217
34.318,19.882,9.646,NaN,0.650,50.749,29464.416,14.993,40.935,137.426,14.096,0.476,0.251,0.374,1.453
37.697,19.094,NaN,0.512,0.630,49.791,29423.806,11.877,65.998,156.014,0.000,0.506,0.000,0.807,2.394
24.705,14.370,7.677,0.276,0.610,62.961,29024.952,11.450,39.265,NaN,0.000,0.609,0.213,0.000,0.877
29.626,19.094,10.433,0.472,0.846,51.343,28594.190,10.860,18.797,103.174,0.000,0.558,0.192,0.020,0.414
25.262,18.701,9.055,0.354,0.591,51.503,29383.195,17.060,60.985,122.806,20.165,0.527,0.000,0.020,1.332
18.996,10.827,6.102,0.354,0.433,50.415,29204.799,8.432,38.220,44.068,0.000,0.404,0.258,0.000,0.332
33.333,20.472,9.843,0.551,0.709,50.662,29829.912,16.568,22.765,113.408,0.000,0.645,0.359,0.217,0.712
35.400,18.307,9.055,0.394,0.689,63.077,29230.906,NaN,34.670,88.137,0.000,0.350,0.190,0.059,1.141
37.664,22.047,9.449,0.433,0.768,50.125,28745.029,16.043,51.378,78.738,14.613,0.592,0.322,0.335,1.433
35.236,18.307,9.055,0.354,0.787,36.825,28579.686,10.630,16.708,57.017,14.478,NaN,0.272,0.059,1.129
25.755,14.370,7.874,0.256,0.512,50.183,29138.082,12.205,31.328,38.638,0.000,0.339,0.253,0.295,0.313
27.231,16.732,7.874,0.413,0.472,43.961,29956.094,13.615,23.392,55.138,0.000,0.375,0.159,0.079,0.484
30.676,18.701,8.465,0.650,0.630,48.573,29193.196,15.322,20.259,54.720,9.802,0.719,NaN,0.059,0.734
26.444,16.732,8.071,0.374,0.512,52.489,29048.158,NaN,26.733,62.656,17.378,0.561,0.364,0.000,0.770
29.823,17.717,8.858,0.413,0.492,52.475,29758.843,11.516,21.721,51.796,NaN,NaN,0.000,0.000,0.723
23.589,15.945,7.283,0.315,0.512,49.313,28383.885,12.106,34.670,55.138,0.000,0.627,0.399,0.000,0.369
37.992,20.669,9.252,0.630,0.709,62.105,28611.595,NaN,77.485,190.057,8.453,0.425,0.392,0.000,2.541
34.777,18.701,NaN,0.394,0.650,60.829,28452.053,11.647,22.139,57.226,13.803,NaN,0.169,0.098,1.229
NaN,15.945,6.890,0.394,0.453,43.091,29409.302,11.745,31.119,72.264,0.000,0.450,0.528,0.276,0.388
18.307,14.173,6.890,0.335,NaN,50.676,28904.571,11.811,56.182,84.168,12.140,0.333,0.270,0.020,0.373
23.196,15.354,8.465,0.315,0.807,49.211,29661.668,14.403,37.176,51.796,6.340,0.741,0.331,0.000,0.305
29.954,17.323,8.071,0.472,NaN,42.946,28758.083,8.432,20.677,44.277,NaN,0.442,NaN,0.020,0.461
19.685,16.142,8.858,0.531,0.531,37.014,29271.516,12.467,59.523,105.471,13.331,0.592,0.218,0.039,0.352
27.854,16.339,7.677,0.492,0.472,53.171,28665.258,13.025,59.941,95.655,NaN,0.554,0.583,0.472,0.520
27.756,18.110,8.858,NaN,NaN,50.531,29390.447,16.306,37.803,53.676,11.825,0.687,0.000,0.315,0.706
31.824,19.882,9.843,0.433,0.630,NaN,29520.981,NaN,34.043,81.453,14.320,0.447,0.311,0.354,0.623
16.831,14.961,7.087,0.472,0.472,38.203,28882.815,12.894,40.727,55.555,0.000,NaN,0.393,0.000,0.141
23.786,14.764,7.677,NaN,0.531,NaN,29465.867,10.696,46.575,86.883,0.000,0.454,0.270,NaN,0.481
16.962,15.945,9.055,0.472,NaN,52.678,29346.936,17.618,72.055,105.889,7.576,0.438,NaN,0.000,0.381
29.921,18.504,9.449,0.709,0.669,NaN,28655.106,11.614,27.986,66.416,9.802,0.552,0.000,0.020,0.835
27.428,16.732,7.283,0.433,0.551,NaN,NaN,10.761,49.707,85.421,0.000,0.535,0.316,0.335,0.410
24.639,13.386,6.693,0.335,0.472,60.017,28758.083,10.203,63.074,78.112,13.264,NaN,0.000,0.472,1.807
29.954,17.520,7.677,0.571,0.472,61.743,NaN,14.337,36.341,102.130,0.000,0.434,0.504,NaN,0.892
34.974,19.685,9.646,0.492,0.689,61.278,29140.982,11.614,67.460,NaN,0.000,0.433,0.582,0.020,0.839
24.672,16.142,8.268,0.295,0.630,50.966,28468.007,13.222,29.866,38.638,0.000,0.576,0.528,0.020,0.223
18.570,12.008,6.102,0.276,NaN,50.082,28795.792,10.203,48.663,61.194,0.000,0.307,0.463,0.000,0.350
31.168,NaN,9.055,0.394,0.748,60.292,29026.402,12.927,23.183,72.055,15.692,0.507,0.296,0.059,1.098
23.688,17.520,7.874,0.453,0.610,60.800,28344.725,13.747,62.030,96.700,15.085,0.621,0.510,0.039,0.533
17.717,12.402,6.496,0.256,0.492,60.771,29391.898,13.091,17.753,NaN,0.000,0.621,0.173,0.079,0.167
26.312,17.323,8.071,0.374,0.512,NaN,28566.633,14.469,45.113,83.333,4.968,0.494,0.000,0.000,1.217
34.908,21.063,10.630,0.433,0.571,49.240,29438.310,16.076,44.904,70.593,NaN,0.677,NaN,0.433,0.720
20.046,13.976,7.480,0.453,0.531,37.608,28935.029,10.269,NaN,85.004,0.000,0.585,0.190,0.000,0.288
NaN,20.079,9.252,0.610,0.551,50.952,NaN,12.992,60.359,65.998,17.243,0.542,0.303,0.472,1.037
18.241,11.614,NaN,0.236,0.413,62.468,28821.899,12.205,25.689,41.144,0.000,0.673,NaN,0.157,0.135
24.016,14.370,7.087,0.413,0.394,51.532,28473.809,12.598,15.455,53.884,2.203,0.554,0.508,0.000,0.443
31.234,19.685,8.465,0.551,0.610,51.967,29593.500,NaN,40.518,97.535,12.275,0.616,0.000,NaN,1.186
33.268,21.260,9.843,0.551,0.591,53.287,28175.031,10.663,59.523,NaN,0.000,0.404,0.327,0.276,0.471
27.756,16.339,7.874,0.335,0.610,NaN,NaN,13.353,35.505,59.523,4.474,0.491,0.000,0.177,0.978
23.852,17.520,9.055,0.413,0.650,52.301,29490.523,14.665,43.024,63.909,9.847,0.527,0.550,0.020,0.340
35.597,20.866,10.039,0.394,0.650,51.648,29272.967,15.781,53.676,59.523,0.000,0.651,0.000,0.000,1.521
20.276,13.386,6.890,0.315,0.512,50.270,28164.878,NaN,NaN,86.466,11.016,NaN,NaN,0.039,0.829
18.340,14.961,8.268,0.394,0.650,49.255,29143.883,13.550,60.359,134.293,21.582,0.420,0.542,0.000,0.403
23.753,15.945,8.071,0.433,0.492,NaN,29251.211,12.533,35.505,76.858,4.159,0.566,0.000,0.079,0.577
24.377,15.157,7.480,0.374,0.591,NaN,28746.480,13.615,55.555,83.542,6.205,0.684,0.409,0.000,0.744
23.950,17.913,8.858,0.610,0.610,43.743,29491.974,11.745,12.531,62.030,0.000,0.591,NaN,0.000,0.286
32.972,18.898,8.071,0.453,NaN,50.894,28349.076,15.748,22.556,90.643,0.000,0.652,0.000,0.354,1.615
27.756,18.898,8.858,0.551,0.512,52.272,28682.663,16.371,21.512,67.669,14.995,0.588,0.276,0.020,0.738
26.148,15.157,7.283,0.354,0.531,NaN,29222.203,16.339,19.006,82.289,0.000,NaN,0.000,0.118,1.047
17.815,16.142,8.858,0.413,0.531,50.314,28839.304,16.535,65.580,106.098,26.572,0.532,0.346,0.020,0.408
30.512,16.535,8.465,0.453,0.591,NaN,29702.278,9.711,31.537,120.091,15.579,0.355,0.632,0.315,0.900
39.009,20.866,9.252,0.591,0.630,NaN,28701.518,10.564,30.284,109.440,10.026,0.513,0.000,0.000,2.205
25.361,17.126,8.071,0.315,0.630,61.960,29320.829,13.222,25.689,72.055,0.000,0.463,0.126,0.000,0.426
20.899,14.567,7.087,0.335,0.433,38.217,NaN,13.156,18.588,53.676,0.000,0.562,0.000,0.000,0.350
30.643,17.323,7.677,0.610,0.413,61.278,29426.707,15.289,25.689,NaN,0.000,0.503,0.265,0.315,0.784
19.718,13.386,NaN,0.354,0.591,61.598,29024.952,12.927,29.657,74.770,7.037,0.394,0.245,NaN,0.444
16.601,12.795,6.299,0.335,0.472,34.809,28193.886,13.944,19.841,62.239,0.000,0.597,0.527,0.000,0.158
38.615,19.685,9.646,0.531,0.610,50.401,28695.716,11.745,21.721,67.042,NaN,0.363,0.171,0.039,1.559
15.682,13.780,7.283,NaN,0.492,49.835,28830.602,NaN,32.164,60.985,6.295,0.603,0.189,0.020,0.207
32.972,21.063,9.252,0.394,0.748,50.662,27903.810,16.175,29.866,124.895,8.565,0.384,NaN,0.177,1.614
20.636,15.945,8.465,0.433,0.610,61.046,28977.090,12.992,22.974,143.483,17.041,NaN,0.572,0.138,0.231
23.917,16.142,8.858,0.315,0.492,43.236,28597.091,11.778,NaN,72.055,8.385,0.458,0.134,0.000,0.665
15.879,12.598,6.496,0.354,0.413,51.372,29956.094,9.154,23.392,55.138,0.000,NaN,0.577,0.020,0.081
21.457,17.126,8.465,0.413,0.630,61.931,28389.687,9.088,38.638,NaN,0.000,0.364,0.208,0.000,0.239
23.819,16.732,8.268,0.413,0.807,60.046,28643.503,11.549,24.645,63.074,NaN,0.509,0.239,0.059,0.184
17.913,12.795,6.890,0.354,0.531,60.263,28418.694,10.400,26.107,98.788,15.512,0.359,0.361,0.000,0.493
27.953,18.307,9.055,0.433,0.591,51.488,29558.691,14.895,37.385,104.218,6.407,0.508,0.275,NaN,0.936
16.699,10.827,6.299,0.276,0.453,NaN,29059.761,9.121,16.082,67.460,0.000,0.439,NaN,0.079,0.144
36.975,21.457,8.858,0.472,NaN,51.735,29729.835,15.814,69.340,68.713,7.554,0.267,0.271,0.000,1.372
30.643,17.717,7.874,0.551,0.669,61.830,29493.424,12.238,10.860,54.929,0.000,0.518,0.374,0.000,0.473
16.732,13.386,6.693,0.256,0.413,NaN,28380.985,10.072,30.493,NaN,0.000,0.602,0.259,0.059,0.214
NaN,16.929,7.677,0.453,0.472,51.082,28230.145,13.255,53.258,86.257,0.000,0.587,0.286,0.394,0.642
36.844,21.063,10.039,0.531,0.906,61.685,29016.250,13.320,53.884,171.261,0.000,0.556,0.543,0.512,0.769
21.785,14.764,NaN,0.335,0.472,52.112,NaN,11.220,44.277,58.897,0.000,NaN,0.271,0.039,0.287
28.346,16.732,6.890,0.433,0.551,60.162,28882.815,11.056,25.898,48.872,0.000,0.606,NaN,0.000,0.431
29.396,16.535,7.087,0.413,0.512,36.332,28637.701,11.909,22.765,76.441,0.000,0.547,0.221,0.157,0.863
21.490,15.945,7.283,0.335,0.650,49.124,29020.601,10.696,30.075,94.820,17.063,0.457,0.389,0.000,0.430
27.920,18.110,8.268,0.354,0.571,49.748,28936.479,13.747,NaN,83.542,3.574,0.362,0.261,0.236,0.750
29.167,16.339,7.874,0.315,0.748,44.193,29291.822,14.239,40.935,60.150,0.000,0.697,0.560,0.000,0.687
16.765,14.961,7.283,0.394,0.512,43.207,29059.761,14.304,31.746,96.908,0.000,0.452,0.000,0.039,0.162
21.227,15.551,8.465,0.531,0.610,50.488,29602.202,14.698,45.321,65.789,10.948,0.483,0.585,0.000,0.324
37.730,20.276,8.661,0.512,0.709,48.747,28704.419,11.942,58.062,99.415,0.000,0.446,0.638,0.669,0.552
28.970,17.323,8.858,0.374,0.669,49.907,27861.749,NaN,53.884,63.074,0.000,0.476,0.268,0.276,0.285
NaN,14.173,6.299,NaN,0.453,37.376,29254.112,9.580,15.664,63.701,0.000,0.338,0.600,0.000,0.389
34.875,19.094,9.252,0.413,0.650,52.663,28834.953,15.453,17.335,63.492,12.275,NaN,0.000,0.256,1.484
16.371,11.811,6.496,NaN,0.472,49.559,29532.584,9.580,30.910,40.309,0.000,0.621,0.533,0.039,0.088
28.084,18.110,NaN,0.709,NaN,50.995,28243.199,15.748,22.347,117.167,7.531,NaN,0.000,0.079,0.805
30.807,17.913,8.465,0.512,0.551,49.559,29082.967,8.760,40.727,41.562,6.587,0.552,0.000,0.236,0.585
34.121,18.701,10.039,0.413,0.768,50.546,28948.082,9.810,56.391,NaN,0.000,0.492,0.261,0.000,0.766
28.642,17.717,9.055,0.610,0.807,60.756,28246.099,17.684,29.866,166.039,5.688,NaN,0.587,0.000,0.959
22.178,15.157,6.890,0.315,0.591,51.053,28829.151,15.190,NaN,57.435,0.000,0.337,0.278,0.020,0.412
30.217,18.307,8.071,0.453,0.610,51.024,28520.221,14.469,42.397,67.460,9.599,NaN,0.603,0.079,0.725
21.129,13.583,6.299,0.394,0.512,NaN,29229.455,13.255,39.891,43.024,0.000,0.432,NaN,0.059,0.448
26.936,13.583,NaN,0.335,0.453,60.234,29140.982,10.860,39.682,80.618,0.000,0.549,0.000,0.413,1.131
29.921,16.732,8.858,0.374,0.866,51.619,28850.907,13.058,37.176,64.536,NaN,0.516,0.000,0.039,1.425
31.070,19.094,8.465,0.394,0.787,51.329,29447.012,NaN,45.321,87.719,0.000,0.484,0.591,0.354,0.327
22.080,15.551,7.677,0.354,0.433,51.967,28505.717,14.961,34.043,88.972,4.069,0.346,0.000,0.098,0.783
28.018,17.126,8.268,0.591,0.472,60.379,28760.983,13.484,44.695,75.605,0.000,0.556,0.000,0.315,0.777
35.663,19.882,9.252,0.394,0.591,61.032,29243.959,8.858,39.891,109.022,14.343,0.425,0.518,0.236,0.996
25.459,15.551,7.480,0.374,0.551,NaN,29929.988,11.581,52.005,85.630,0.000,0.472,0.000,0.276,0.681
NaN,15.551,7.677,0.433,0.610,50.981,29027.853,12.861,37.594,67.878,0.000,0.472,0.535,0.079,0.274
18.602,14.173,6.693,0.433,0.394,50.285,29451.363,12.795,30.075,56.600,0.000,0.435,0.000,0.000,0.296
NaN,13.780,6.496,0.335,0.413,51.140,29554.340,13.648,15.873,77.067,0.000,0.370,0.346,0.177,0.109
18.734,13.976,7.087,0.472,0.413,NaN,28470.908,13.714,33.208,87.092,15.534,0.342,0.536,0.098,0.437
25.131,14.173,7.087,0.256,0.591,51.633,28628.999,9.547,39.682,59.523,0.000,0.523,0.260,0.000,0.626
17.224,14.370,7.677,0.374,0.807,49.704,28894.418,9.744,16.499,72.264,4.699,0.550,0.197,0.000,0.137
23.917,16.929,8.465,0.433,0.689,52.228,27931.368,12.008,38.220,NaN,0.000,0.625,NaN,0.059,0.360
20.538,14.370,6.693,0.354,0.413,59.828,29651.515,11.877,38.011,45.530,3.687,0.377,0.000,0.000,0.527
28.839,15.354,7.874,0.413,0.512,61.583,28642.052,14.108,30.075,71.846,0.000,0.418,0.550,0.059,0.761
39.436,25.197,12.008,0.512,NaN,59.538,29023.502,18.012,NaN,180.659,0.000,0.622,0.310,0.630,1.224
27.362,17.126,9.449,0.472,0.630,49.008,28267.855,11.516,29.031,51.169,2.091,0.650,0.000,0.059,0.416
26.411,13.976,6.299,NaN,0.433,49.791,29615.256,8.432,NaN,59.732,0.000,0.480,0.000,0.039,0.873
17.749,13.780,7.283,NaN,0.413,51.140,29007.548,11.713,10.860,43.233,0.000,0.309,0.563,0.039,0.070
15.125,12.795,6.102,0.315,0.374,49.429,28888.617,11.188,37.594,NaN,NaN,0.553,0.000,0.098,0.120
22.441,14.961,7.480,0.315,0.610,49.936,29209.150,12.927,49.916,87.719,0.000,0.590,0.326,0.217,0.276
17.717,13.189,7.283,0.315,0.669,51.546,NaN,8.301,35.923,41.353,NaN,0.553,0.520,0.079,0.087
17.552,12.795,6.890,0.374,NaN,36.491,29119.227,8.661,27.151,51.587,2.765,0.431,0.000,0.039,0.167
21.522,14.567,8.268,0.472,0.689,61.670,NaN,14.665,33.208,81.453,15.534,0.595,0.000,0.020,0.791
NaN,21.063,7.677,0.472,0.531,NaN,28389.687,11.647,21.721,115.496,0.000,0.691,0.565,0.000,1.187
25.755,16.732,8.268,0.571,0.433,50.372,29135.181,NaN,44.068,74.561,4.564,0.500,NaN,NaN,0.620
28.248,16.339,7.283,0.492,0.472,36.114,29586.248,13.123,60.150,67.669,0.000,0.339,0.319,0.610,0.388
23.130,NaN,7.677,0.276,0.807,49.081,29008.998,15.945,NaN,87.719,0.000,0.589,0.592,0.039,0.400
32.316,18.701,9.055,0.374,0.748,59.741,29255.562,14.206,48.454,94.820,0.000,0.569,0.407,0.433,0.624
18.504,15.945,7.874,0.551,0.630,44.686,29036.555,13.845,40.100,60.359,7.261,0.595,0.373,0.039,0.182
27.854,17.323,8.465,0.315,0.551,49.995,28669.610,9.810,NaN,43.651,0.000,0.381,0.000,0.000,0.523
22.671,15.551,8.071,0.610,0.472,NaN,28848.006,14.600,58.688,79.365,3.619,0.508,0.176,0.039,0.635
30.217,15.945,7.283,0.394,0.630,52.069,27990.833,8.104,36.967,38.638,0.000,0.585,0.241,0.413,0.206
19.980,14.961,7.283,0.413,0.472,51.242,28702.968,15.026,33.834,81.662,8.723,0.578,0.347,NaN,0.491
19.521,14.370,7.087,0.492,0.591,43.932,29384.646,9.908,44.277,80.409,15.175,0.405,0.000,0.020,0.564
19.488,12.795,6.299,0.335,0.551,61.656,29006.097,16.109,40.935,57.226,8.992,NaN,0.236,0.000,0.712
27.297,14.567,7.677,NaN,0.610,52.330,29081.517,9.088,21.512,58.688,0.000,0.553,0.000,NaN,0.569
19.488,13.976,NaN,NaN,0.394,50.241,NaN,9.252,43.651,94.820,7.059,0.333,0.117,0.118,0.534
20.374,14.764,7.677,0.394,0.531,51.024,29563.042,9.875,38.220,64.954,7.778,0.455,0.143,0.039,0.362
27.789,17.520,8.465,0.374,0.492,48.573,29800.904,11.286,16.499,71.219,0.000,0.588,0.000,0.000,0.626
28.084,15.551,7.283,0.433,0.512,60.988,29390.447,15.814,15.038,82.706,0.000,NaN,0.366,0.000,0.969
31.988,22.441,9.055,0.551,0.551,NaN,29214.952,14.075,48.663,154.343,6.924,0.478,0.482,0.335,0.710
30.184,17.717,8.071,0.669,0.492,49.385,28092.359,11.253,53.467,144.109,0.000,0.458,0.226,0.354,1.158
29.954,19.094,9.252,0.709,0.827,52.083,28746.480,14.272,59.106,122.806,26.505,0.464,0.000,0.354,1.164
23.720,NaN,7.874,0.531,0.709,50.821,29072.815,12.073,17.961,65.789,0.000,0.419,0.000,0.000,0.438
25.919,15.945,7.283,0.472,0.531,49.443,28689.915,11.417,32.790,62.447,0.000,0.528,0.234,0.000,0.484
29.035,NaN,8.465,0.492,0.669,52.953,28446.252,11.024,42.189,79.574,0.000,0.648,0.392,0.236,0.287
21.752,17.126,8.268,0.453,0.472,52.547,29278.768,9.875,27.569,72.681,5.171,0.618,0.338,0.020,0.235
17.585,12.402,5.906,0.236,0.492,51.213,29893.728,10.696,35.923,64.536,0.000,0.354,0.000,NaN,0.355
NaN,12.795,7.283,NaN,NaN,50.473,29155.486,8.661,40.518,128.028,15.534,NaN,0.219,0.000,0.446
20.801,17.323,8.465,0.413,0.512,50.865,NaN,16.503,59.732,NaN,0.000,0.525,0.267,0.039,0.507
30.709,17.126,9.055,0.394,0.610,NaN,29203.348,9.088,38.429,47.410,0.000,0.407,NaN,0.039,0.637
38.976,23.031,9.843,0.433,0.827,51.764,29470.218,16.142,29.866,189.849,0.000,0.617,0.000,0.000,2.806
28.445,17.717,9.449,0.472,0.768,49.966,28743.579,13.255,22.139,71.846,0.000,0.405,0.171,0.118,0.437
28.871,17.913,8.071,0.492,0.512,52.170,28662.358,14.436,25.271,64.327,10.094,0.576,0.232,0.020,1.077
21.719,13.976,6.890,0.335,NaN,51.010,29045.257,NaN,21.094,67.460,7.126,0.681,0.000,0.039,0.909
20.965,14.567,6.693,0.354,0.453,44.004,28599.992,10.105,43.233,58.062,0.000,0.425,0.403,NaN,0.271
21.850,17.717,8.661,0.512,0.492,62.656,NaN,16.076,27.569,108.813,0.000,0.494,0.578,0.079,0.206
30.348,15.945,8.268,0.394,0.551,51.111,NaN,11.417,18.588,NaN,13.601,0.491,0.000,0.000,1.979
23.228,14.567,6.496,0.354,0.413,50.647,27912.513,14.633,43.442,50.752,0.000,0.633,0.233,0.276,0.494
22.802,16.535,8.858,0.512,0.551,43.105,29610.905,12.500,33.626,72.055,NaN,0.521,0.265,0.000,0.276
20.079,14.567,7.480,0.472,NaN,34.809,29893.728,11.713,25.271,64.536,7.329,0.761,0.569,0.000,0.187
30.807,17.520,6.496,0.472,0.453,51.909,28953.884,13.517,35.296,60.985,0.000,0.623,0.495,0.098,0.970
28.609,17.717,9.252,0.472,0.512,NaN,29188.845,11.844,52.840,95.655,0.000,0.434,0.184,0.197,0.717
NaN,18.898,8.071,0.551,0.669,51.445,29549.989,13.944,24.436,142.021,14.860,0.499,0.267,0.000,0.412
28.117,18.504,9.055,0.433,0.846,NaN,29525.332,12.106,30.493,140.559,10.633,0.651,0.374,0.039,0.637
21.227,13.976,6.102,0.335,0.394,NaN,29447.012,13.451,28.195,79.156,5.845,0.427,0.183,0.157,0.744
20.341,13.780,NaN,0.354,0.472,49.617,28417.244,11.056,67.251,134.711,3.732,0.380,0.346,0.315,0.361
25.722,14.961,5.906,0.295,0.394,50.923,29204.799,9.810,62.447,52.214,3.327,0.335,0.000,0.591,0.955
20.866,18.504,8.661,0.433,0.512,50.169,NaN,15.715,70.593,163.324,22.368,NaN,0.329,0.236,0.503
21.686,14.370,NaN,0.453,0.433,44.077,28837.853,NaN,36.132,63.701,0.000,0.531,0.610,0.157,0.193
18.701,12.795,7.480,0.217,0.472,49.342,29763.194,11.516,69.131,NaN,11.533,NaN,0.000,0.000,0.986
28.510,15.354,6.693,0.354,0.610,49.719,28965.487,14.173,31.537,NaN,6.385,0.580,0.626,0.000,0.907
NaN,15.551,7.677,0.335,0.610,35.114,28953.884,10.466,40.518,NaN,0.000,0.550,0.606,0.000,0.644
28.412,16.142,7.480,0.492,0.433,37.101,28962.586,10.728,18.797,67.460,0.000,0.548,0.000,0.000,0.892
37.795,NaN,10.630,0.669,0.768,51.735,29035.105,14.567,NaN,120.718,11.263,NaN,0.316,0.472,1.231
18.996,13.386,6.693,0.315,0.551,49.342,NaN,11.286,34.043,91.687,0.000,0.370,0.356,0.059,0.265
17.520,13.976,6.496,0.295,0.492,51.010,29684.874,NaN,29.866,52.005,0.000,0.449,0.000,0.000,0.144
17.388,12.795,6.890,0.354,0.531,61.830,29016.250,NaN,52.214,72.264,11.690,0.277,0.555,0.000,0.322
27.264,16.929,8.465,0.433,NaN,50.473,NaN,14.698,40.518,100.459,0.000,0.629,0.355,0.098,0.694
20.308,13.976,5.512,NaN,0.394,49.545,28781.289,11.286,18.379,67.251,0.000,0.356,0.273,NaN,0.404
28.970,18.110,8.465,0.492,0.630,62.120,29101.822,12.008,90.016,NaN,17.108,0.492,0.388,0.472,0.841
23.130,16.535,7.283,0.453,0.453,50.357,28114.115,16.076,30.702,96.700,0.000,0.408,0.000,0.079,0.767
19.259,12.402,6.890,0.295,0.551,36.259,28716.022,10.466,39.265,51.796,0.000,0.496,0.240,0.059,0.261
19.619,14.173,8.071,0.315,NaN,NaN,29571.744,10.892,22.139,83.959,0.000,0.545,0.177,0.000,0.288
23.852,16.535,9.252,0.354,0.591,61.699,NaN,10.466,28.822,135.964,0.000,0.661,0.000,0.020,0.483
21.161,14.567,7.874,0.335,0.531,49.690,28756.632,9.252,38.638,56.182,5.845,0.485,0.000,0.000,0.486
31.726,18.898,8.858,0.571,0.748,50.778,28633.350,14.337,39.056,102.547,0.000,0.574,0.519,0.217,0.618
17.585,14.173,7.677,NaN,0.492,49.966,28775.487,13.681,34.670,106.307,23.313,0.677,0.000,0.079,0.585
28.478,16.732,8.465,0.669,0.551,50.372,28527.473,10.367,16.082,58.897,NaN,0.421,0.318,0.020,0.565
31.070,19.291,9.252,0.354,0.591,51.546,28336.023,15.945,31.119,80.618,10.544,0.409,0.000,NaN,1.377
23.360,14.370,7.283,0.394,NaN,51.706,29013.349,10.433,56.600,136.591,5.126,0.650,0.380,0.217,0.778
31.201,17.717,NaN,0.512,NaN,61.917,29045.257,11.745,16.499,56.600,9.285,0.339,0.367,0.157,0.660
27.953,15.945,7.874,0.335,0.610,50.618,29004.647,NaN,35.714,84.795,7.891,0.570,0.391,0.000,0.806
29.232,18.898,9.843,0.394,0.650,60.640,28102.512,14.140,NaN,128.028,0.000,0.634,0.331,0.453,0.519
27.067,16.339,8.661,0.335,0.492,53.316,28718.922,9.383,29.031,59.732,4.002,0.553,NaN,0.000,0.772
30.643,19.882,8.661,0.374,0.669,61.641,29107.624,13.058,73.308,125.313,0.000,0.567,0.000,0.433,0.987
26.444,17.126,NaN,0.335,0.512,NaN,29072.815,11.549,45.948,99.415,NaN,0.499,0.000,0.059,0.880
20.866,14.173,7.283,0.354,0.709,50.647,28555.030,10.138,59.106,57.017,13.578,0.645,0.193,0.020,0.566
26.706,13.189,7.087,0.374,0.531,60.640,28349.076,13.222,48.454,56.182,3.372,0.720,0.495,0.669,0.576
16.896,13.583,6.496,0.256,0.512,42.641,29300.524,13.484,NaN,92.940,0.000,0.321,NaN,NaN,0.263
26.739,NaN,8.268,0.571,0.492,50.270,29258.463,10.007,35.505,NaN,0.000,NaN,0.456,0.020,0.304
30.774,15.157,7.677,0.315,0.591,50.560,28373.733,11.155,44.904,58.270,10.386,0.663,0.132,0.433,1.522
26.673,19.882,8.071,0.374,0.748,60.437,28982.891,15.846,93.358,195.697,15.107,0.430,0.424,0.354,0.643
31.037,NaN,9.449,NaN,0.610,49.661,28431.748,14.501,19.423,62.865,4.474,0.450,0.000,0.039,0.944
22.178,16.142,8.858,0.413,0.748,44.846,29313.577,15.420,58.688,55.346,4.002,0.575,0.502,0.020,0.293
26.345,16.339,8.268,0.512,0.492,43.149,29510.828,13.320,27.360,47.410,0.000,NaN,0.000,0.256,0.428
18.701,14.173,6.693,0.453,0.492,52.257,29924.186,14.600,48.454,72.472,0.000,0.443,0.000,0.000,0.386
21.063,NaN,6.693,0.354,0.630,43.004,28856.708,8.596,15.246,61.403,9.667,0.537,0.187,0.020,0.366
29.987,15.157,6.693,0.335,0.433,60.872,28772.586,10.269,56.182,85.004,0.000,0.626,0.591,0.768,0.830
35.991,19.685,8.858,0.453,0.610,49.153,29252.661,14.928,50.960,88.763,0.000,0.550,0.207,NaN,1.204
22.703,NaN,9.055,0.394,0.768,59.770,28987.242,12.598,33.417,75.396,11.870,0.383,0.604,0.059,0.238
20.997,NaN,7.087,0.315,0.472,50.125,29902.430,14.108,13.367,59.315,0.000,NaN,0.000,0.000,0.503
21.227,14.370,7.087,0.394,0.531,35.012,29135.181,10.072,54.929,NaN,0.000,0.573,0.205,NaN,0.425
20.997,17.126,8.071,0.492,0.472,52.344,29110.524,11.220,NaN,88.763,0.000,0.620,0.187,0.000,0.335
29.593,18.504,8.661,0.394,0.610,51.895,29140.982,NaN,49.081,90.643,19.311,0.407,0.567,0.256,0.627
NaN,17.126,9.055,0.492,0.551,NaN,28743.579,NaN,29.448,45.530,4.316,0.650,0.572,0.059,0.331
40.420,NaN,10.039,0.453,0.551,50.444,28613.045,8.957,35.923,153.926,0.000,0.518,0.568,NaN,1.081
22.539,13.386,6.299,0.276,0.531,49.443,29792.202,NaN,19.841,72.472,0.000,0.387,0.000,0.079,0.591
34.022,21.260,10.039,0.610,0.748,52.924,28423.045,13.976,30.493,NaN,20.930,0.479,0.000,0.138,1.771
31.693,22.244,10.630,0.472,0.689,60.423,28337.473,13.451,60.777,135.338,15.062,0.253,0.000,0.335,1.031
35.269,19.488,8.071,0.492,0.669,43.700,28975.639,11.713,50.125,100.668,0.000,0.625,0.250,0.492,1.174
19.029,14.173,6.299,0.335,0.394,52.141,28948.082,12.106,51.169,67.251,6.677,0.652,0.279,0.000,0.547
17.946,13.189,7.087,0.453,0.413,61.264,28028.543,13.451,22.139,104.218,0.000,0.306,0.000,0.098,0.354
NaN,17.717,8.661,0.433,0.472,43.134,28700.068,8.465,13.367,46.575,NaN,0.604,NaN,0.020,0.418
19.783,12.598,5.906,0.256,0.433,51.895,29824.110,8.071,39.056,48.454,0.000,0.539,0.615,0.138,0.116
26.903,NaN,7.480,0.433,0.492,50.502,29172.891,8.333,26.942,61.612,0.000,0.424,0.598,0.197,0.286
33.596,19.094,8.268,NaN,0.787,48.443,29274.417,12.861,20.259,NaN,6.564,0.625,0.506,0.000,0.791
27.625,18.504,9.449,0.413,0.689,49.298,28714.571,16.929,30.702,99.832,18.299,NaN,0.000,0.000,1.291
28.445,15.748,NaN,0.315,0.531,43.787,29317.928,14.436,39.891,50.960,0.000,NaN,0.601,0.000,0.785
21.490,13.386,7.087,0.295,0.551,51.300,29499.225,8.136,19.632,72.681,7.486,0.655,0.000,0.020,0.530
16.864,12.205,7.087,0.276,0.630,52.373,29898.079,11.024,54.929,70.802,12.095,0.507,0.305,0.000,0.341
20.735,NaN,7.874,0.453,0.728,50.212,28507.167,16.699,72.681,96.491,14.096,0.684,0.355,0.000,0.475
30.151,15.157,7.480,0.374,0.531,61.612,28868.311,13.648,25.689,44.695,0.000,0.428,0.456,0.000,0.736
31.693,17.126,6.890,0.453,0.512,NaN,29290.371,15.026,39.473,NaN,0.000,0.605,0.330,0.472,0.954
22.638,15.551,8.268,0.472,0.453,48.849,28251.901,13.976,37.385,136.591,7.351,0.457,0.514,0.157,0.548
28.642,17.126,8.465,0.374,0.571,51.387,28834.953,12.795,38.429,73.308,12.927,0.408,0.000,0.335,1.233
26.050,16.929,7.874,0.551,0.472,51.735,29280.218,13.976,49.081,70.593,0.000,0.365,0.000,0.217,0.702
17.224,15.354,7.480,0.512,0.610,43.816,28647.854,16.043,31.119,106.516,NaN,0.520,NaN,NaN,0.446
26.312,15.748,7.480,0.374,0.650,51.996,28193.886,NaN,45.948,53.884,0.000,0.344,0.541,NaN,0.075
25.591,14.567,7.283,0.354,NaN,61.191,30061.972,14.009,38.220,55.764,0.000,NaN,0.533,0.039,0.643
25.427,16.535,NaN,0.394,0.630,50.923,NaN,9.219,NaN,95.029,7.554,0.617,0.496,0.000,0.462
33.694,18.898,9.843,0.610,0.610,51.720,28382.435,10.761,18.797,96.073,0.000,0.313,0.264,0.039,0.783
28.018,16.929,9.055,NaN,0.512,49.632,29664.568,NaN,41.980,151.002,12.792,0.717,0.121,0.020,1.282
35.991,NaN,8.661,NaN,0.650,60.350,28595.640,12.434,20.259,59.941,0.000,0.554,0.486,0.315,0.507
19.094,15.748,8.465,0.512,0.709,60.582,28660.907,8.235,44.904,NaN,12.230,0.548,0.000,0.020,0.343
21.916,16.732,NaN,0.295,NaN,44.817,28747.930,10.269,77.903,166.248,25.988,0.692,0.000,0.098,0.867
24.541,18.110,9.252,0.669,0.906,NaN,29480.371,16.503,26.316,140.977,11.668,0.564,0.206,0.020,0.498
36.680,20.866,10.039,0.531,0.591,50.546,29351.287,14.633,24.645,113.408,6.677,NaN,0.242,0.276,1.447
23.163,16.339,7.283,0.413,0.610,51.474,28559.381,12.336,57.017,146.198,7.464,0.542,0.536,0.020,0.617
18.865,13.583,7.283,0.394,0.433,52.112,28656.556,10.761,NaN,148.078,0.000,0.387,0.000,NaN,0.550
NaN,15.551,8.071,0.472,0.610,51.184,29151.135,12.434,62.656,68.922,NaN,0.600,0.223,0.000,0.509
28.970,16.732,8.858,0.472,0.551,43.685,NaN,11.024,28.613,71.010,0.000,0.355,0.000,0.098,0.787
35.007,18.110,8.071,0.591,0.610,43.134,28987.242,NaN,42.189,100.668,6.407,0.519,0.263,0.492,1.386
28.576,15.945,8.465,0.354,NaN,61.496,29747.240,14.108,14.620,50.960,8.745,0.429,0.000,0.059,1.103
19.324,13.189,6.496,0.256,0.394,49.951,NaN,15.518,25.689,82.915,0.000,0.620,0.503,0.000,0.415
30.545,19.882,NaN,0.531,0.709,NaN,28602.892,12.434,82.080,NaN,0.000,0.625,0.000,0.413,1.205
20.407,13.189,6.496,0.276,0.433,52.098,29264.264,8.793,24.227,64.536,0.000,0.430,0.206,0.079,0.306
16.962,13.976,6.693,0.453,0.433,49.893,28975.639,11.352,30.075,123.642,0.000,0.428,0.195,0.059,0.226
22.178,13.583,7.677,0.276,0.472,44.425,28470.908,16.503,26.942,77.067,0.000,0.576,0.570,NaN,0.395
26.837,15.354,8.268,NaN,0.512,49.704,28349.076,9.941,35.505,74.352,2.900,0.653,0.173,0.276,0.541
21.555,14.567,8.268,0.472,0.846,51.474,29051.059,14.961,32.164,102.339,9.577,0.459,NaN,0.157,0.381
36.089,21.260,11.220,0.472,0.827,NaN,28721.823,11.647,61.194,68.504,9.712,NaN,NaN,0.512,0.681
27.231,17.520,9.843,NaN,0.531,NaN,28755.182,NaN,NaN,55.764,0.000,0.678,NaN,0.000,0.302
15.256,13.976,7.087,0.276,0.433,50.531,28927.777,13.222,39.056,67.460,6.362,0.542,0.570,NaN,0.147
29.724,18.504,9.252,0.413,0.709,50.024,28848.006,13.944,59.106,88.345,11.016,0.401,0.192,0.295,0.811
33.825,17.520,9.055,0.315,0.669,48.544,28085.108,9.482,51.169,130.325,0.000,0.567,0.318,0.531,0.920
NaN,13.189,6.299,0.354,0.433,50.807,NaN,13.976,41.353,62.239,0.000,0.596,0.347,NaN,0.209
31.726,18.701,9.252,0.374,0.866,49.646,29362.890,9.974,18.170,55.555,14.747,0.504,0.000,0.000,0.892
23.425,14.961,7.480,0.315,0.531,44.338,29048.158,11.319,22.765,72.890,0.000,0.472,0.271,0.039,0.337
18.898,13.583,7.283,0.335,0.531,43.990,NaN,9.514,54.720,NaN,13.061,0.507,0.402,0.098,0.344
26.969,16.929,9.055,0.492,0.591,43.830,NaN,11.450,40.727,110.066,0.000,0.532,0.546,0.020,0.499
29.888,17.323,7.283,0.551,0.433,52.011,28362.130,10.269,29.031,54.511,11.802,0.438,0.385,0.000,1.005
24.508,15.157,7.480,0.492,0.571,50.241,29400.600,9.810,24.436,65.998,9.217,0.470,0.203,0.079,0.574
29.396,18.307,8.661,0.512,0.787,NaN,28924.876,14.829,50.125,71.637,0.000,0.620,0.000,0.039,0.828
22.080,14.173,7.087,0.374,0.433,52.562,29428.157,NaN,37.803,42.815,0.000,0.585,0.000,0.138,0.446
31.988,22.244,NaN,0.709,NaN,59.785,30037.315,15.781,87.092,168.545,NaN,0.531,0.000,0.374,1.388
18.274,12.008,5.512,0.335,0.374,44.091,28530.373,12.238,28.404,NaN,8.071,0.680,0.336,0.039,0.557
30.512,17.717,8.268,0.453,0.650,36.883,29013.349,11.089,25.898,85.004,0.000,0.691,0.477,0.039,0.578
33.563,NaN,8.268,0.394,0.512,61.032,28056.100,8.924,35.505,117.585,8.610,0.437,0.000,0.512,2.291
20.013,14.961,7.874,0.374,0.669,51.343,29198.997,13.287,34.879,40.100,8.925,0.533,0.554,0.000,0.220
32.480,20.276,8.858,0.433,0.669,36.825,28717.472,15.125,55.973,78.320,0.000,0.665,0.000,0.472,1.006
23.031,16.142,8.071,0.413,0.610,48.936,28765.335,16.043,31.955,74.770,5.980,0.624,0.000,0.059,0.659
29.954,17.520,8.858,0.394,0.669,51.430,29030.754,13.747,35.088,71.010,6.587,0.637,0.323,0.020,0.904
28.642,19.488,NaN,0.531,0.492,NaN,27758.773,15.322,NaN,57.644,8.565,0.395,0.184,0.079,0.657
28.150,15.354,7.874,0.335,0.571,50.198,28292.511,10.007,43.233,55.764,12.275,NaN,0.268,0.295,0.750
24.245,15.945,7.677,0.433,0.650,52.489,28454.954,12.500,29.031,NaN,5.013,0.355,0.201,0.000,0.648
35.860,21.457,11.417,0.689,0.925,43.584,29558.691,12.533,87.092,130.116,0.000,0.509,NaN,0.433,0.696
23.819,14.173,6.693,0.394,NaN,50.125,NaN,12.172,66.625,80.200,0.000,NaN,NaN,0.374,0.370
29.429,15.748,7.283,0.433,0.591,61.365,28547.778,9.843,17.335,47.410,4.024,0.320,0.000,0.177,0.763
